box	group	op	n	arm_date	commit	anchor	pb_ms	pb_mt_ms	selfsp	gate	spread_pb	spread_mt
galen	L1	axpy	1000	2026-10-05	c91b3c95	15.237	0.838852	0.83902	0.9998	1.0474	1.0010	1.0030
galen	L1	axpy	3000	2026-10-05	c91b3c95	15.237	1.09226	1.09321	0.9991	1.0249	1.0099	1.0104
galen	L1	axpy	10000	2026-10-05	c91b3c95	15.237	1.09865	1.07931	1.0179	1.0235	1.0010	1.3392
galen	L1	axpy	30000	2026-10-05	c91b3c95	15.237	1.17646	0.603609	1.9490	0.5650	1.0058	1.0021
galen	L1	axpy	100000	2026-10-05	c91b3c95	15.237	1.22275	0.496927	2.4606	0.6050	1.0022	1.0096
galen	L1	axpy	300000	2026-10-05	c91b3c95	15.237	1.44486	2.00948	0.7190	0.1750	1.0514	4.3839
galen	L1	axpy	1000000	2026-10-05	c91b3c95	15.237	4.90247	3.7953	1.2917	0.3557	1.0255	1.2071
galen	L1	dot	1000	2026-10-05	c91b3c95	15.237	0.568581	0.568399	1.0003	1.0797	1.0011	1.0019
galen	L1	dot	3000	2026-10-05	c91b3c95	15.237	1.11301	1.11291	1.0001	1.0071	1.0022	1.0023
galen	L1	dot	10000	2026-10-05	c91b3c95	15.237	1.10044	1.10079	0.9997	1.0017	1.0005	1.0003
galen	L1	dot	30000	2026-10-05	c91b3c95	15.237	1.17015	0.683139	1.7129	0.5055	1.0034	1.0018
galen	L1	dot	100000	2026-10-05	c91b3c95	15.237	1.2207	0.588917	2.0728	0.4250	1.0021	1.0029
galen	L1	dot	300000	2026-10-05	c91b3c95	15.237	1.43852	1.93531	0.7433	0.1764	1.0107	5.0731
galen	L1	dot	1000000	2026-10-05	c91b3c95	15.237	4.96092	3.74438	1.3249	0.4022	1.0461	1.7748
galen	L1	nrm2	1000	2026-10-05	c91b3c95	15.237	0.550353	0.550333	1.0000	3.3263	1.0072	1.0072
galen	L1	nrm2	3000	2026-10-05	c91b3c95	15.237	0.548763	0.548717	1.0001	2.7725	1.0026	1.0026
galen	L1	nrm2	10000	2026-10-05	c91b3c95	15.237	0.555964	0.555964	1.0000	2.3810	1.0011	1.0006
galen	L1	nrm2	30000	2026-10-05	c91b3c95	15.237	0.551684	0.433933	1.2714	1.3190	1.0009	1.0032
galen	L1	nrm2	100000	2026-10-05	c91b3c95	15.237	0.692087	0.322084	2.1488	1.0728	1.0062	1.0050
galen	L1	nrm2	300000	2026-10-05	c91b3c95	15.237	0.792649	0.334586	2.3690	1.0401	1.0081	4.8399
galen	L1	nrm2	1000000	2026-10-05	c91b3c95	15.237	2.82926	2.3436	1.2072	0.5198	1.0775	1.8070
galen	L1	asum	1000	2026-10-05	c91b3c95	15.237	0.349063	0.348973	1.0003	2.4812	1.0017	1.0014
galen	L1	asum	3000	2026-10-05	c91b3c95	15.237	0.321856	0.322076	0.9993	2.5966	1.0014	1.0015
galen	L1	asum	10000	2026-10-05	c91b3c95	15.237	0.554364	0.554344	1.0000	1.5647	1.0003	1.0008
galen	L1	asum	30000	2026-10-05	c91b3c95	15.237	0.551094	0.327153	1.6845	2.6230	1.0009	1.0053
galen	L1	asum	100000	2026-10-05	c91b3c95	15.237	0.697233	0.225022	3.0985	4.1430	1.0099	1.0082
galen	L1	asum	300000	2026-10-05	c91b3c95	15.237	0.806697	0.307774	2.6211	3.3683	1.0299	4.0710
galen	L1	asum	1000000	2026-10-05	c91b3c95	15.237	2.89443	2.33535	1.2394	1.5189	1.0561	1.3372
galen	L1	scal	1000	2026-10-05	c91b3c95	15.237	0.548102	0.548154	0.9999	1.0538	1.0003	1.0006
galen	L1	scal	3000	2026-10-05	c91b3c95	15.237	0.548224	0.548203	1.0000	1.0249	1.0008	1.0004
galen	L1	scal	10000	2026-10-05	c91b3c95	15.237	0.65685	0.656992	0.9998	1.0061	1.0011	1.0010
galen	L1	scal	30000	2026-10-05	c91b3c95	15.237	0.658374	0.457909	1.4378	1.4432	1.0021	1.0233
galen	L1	scal	100000	2026-10-05	c91b3c95	15.237	0.832781	0.305863	2.7227	2.1652	1.0037	1.0114
galen	L1	scal	300000	2026-10-05	c91b3c95	15.237	0.959202	0.331684	2.8919	0.8573	1.0149	1.2554
galen	L1	scal	1000000	2026-10-05	c91b3c95	15.237	3.31558	2.75102	1.2052	0.3340	1.0388	1.4456
galen	L1	iamax	1000	2026-10-05	c91b3c95	15.237	0.540517	0.541322	0.9985	1.2742	1.0084	1.0175
galen	L1	iamax	3000	2026-10-05	c91b3c95	15.237	0.492599	0.491899	1.0014	1.2191	1.0219	1.0158
galen	L1	iamax	10000	2026-10-05	c91b3c95	15.237	0.625953	0.626423	0.9992	0.9795	1.0174	1.0086
galen	L1	iamax	30000	2026-10-05	c91b3c95	15.237	0.651113	0.461478	1.4109	1.3082	1.0095	1.0027
galen	L1	iamax	100000	2026-10-05	c91b3c95	15.237	0.909003	0.347815	2.6135	2.2224	1.0154	1.1545
galen	L1	iamax	300000	2026-10-05	c91b3c95	15.237	1.06415	0.337656	3.1516	2.5963	1.0146	3.7951
galen	L1	iamax	1000000	2026-10-05	c91b3c95	15.237	3.72013	2.5715	1.4467	1.1821	1.0141	1.4976
galen	L1	blascopy	1000	2026-10-05	c91b3c95	15.237	0.548122	0.548127	1.0000		1.0004	1.0002
galen	L1	blascopy	3000	2026-10-05	c91b3c95	15.237	0.99167	0.99185	0.9998		1.0006	1.0011
galen	L1	blascopy	10000	2026-10-05	c91b3c95	15.237	1.15543	1.02125	1.1314		1.0023	1.0009
galen	L1	blascopy	30000	2026-10-05	c91b3c95	15.237	1.24731	0.589947	2.1143		1.0007	1.0012
galen	L1	blascopy	100000	2026-10-05	c91b3c95	15.237	1.37606	0.500736	2.7481		1.0024	1.0048
galen	L1	blascopy	300000	2026-10-05	c91b3c95	15.237	1.61808	1.40082	1.1551		1.0123	4.3908
galen	L1	blascopy	1000000	2026-10-05	c91b3c95	15.237	5.60834	3.81447	1.4703		1.0373	1.3772
galen	L1	swap	1000	2026-10-05	c91b3c95	15.237	1.09337	1.09345	0.9999		1.0003	1.0004
galen	L1	swap	3000	2026-10-05	c91b3c95	15.237	1.32859	1.33148	0.9978		1.0059	1.0024
galen	L1	swap	10000	2026-10-05	c91b3c95	15.237	1.35123	1.155	1.1699		1.0026	1.0254
galen	L1	swap	30000	2026-10-05	c91b3c95	15.237	1.39188	0.494466	2.8149		1.0059	1.4003
galen	L1	swap	100000	2026-10-05	c91b3c95	15.237	1.36356	0.53811	2.5340		1.0016	1.4869
galen	L1	swap	300000	2026-10-05	c91b3c95	15.237	1.61807	0.735904	2.1987		1.2776	4.9357
galen	L1	swap	1000000	2026-10-05	c91b3c95	15.237	5.49606	4.11586	1.3353		1.0532	1.4598
galen	L2	gemvN	50	2026-10-05	c91b3c95	16.311	3.78075	3.79228	0.9970	1.2993	1.0026	1.0033
galen	L2	gemvN	64	2026-10-05	c91b3c95	16.311	4.09339	4.1058	0.9970	1.5434	1.0035	1.0035
galen	L2	gemvN	100	2026-10-05	c91b3c95	16.311	15.6401	15.6542	0.9991	1.0146	1.0076	1.0052
galen	L2	gemvN	128	2026-10-05	c91b3c95	16.311	24.3284	36.3787	0.6688	0.6942	1.0250	1.0375
galen	L2	gemvN	256	2026-10-05	c91b3c95	16.311	37.023	21.5547	1.7176	1.8029	1.0526	1.0534
galen	L2	gemvN	512	2026-10-05	c91b3c95	16.311	38.5537	22.2104	1.7358	1.7924	1.0186	1.0254
galen	L2	gemvN	1000	2026-10-05	c91b3c95	16.311	37.2414	19.252	1.9344	0.7453	1.0046	1.0045
galen	L2	gemvN	1024	2026-10-05	c91b3c95	16.311	37.5089	18.9986	1.9743	0.7680	1.0086	1.0066
galen	L2	gemvN	2048	2026-10-05	c91b3c95	16.311	44.4234	20.9848	2.1169	1.0711	1.0410	1.0230
galen	L2	gemvN	2100	2026-10-05	c91b3c95	16.311	45.3736	22.2473	2.0395	1.0666	1.0081	1.0138
galen	L2	gemvN	4096	2026-10-05	c91b3c95	16.311	102.403	98.2152	1.0426	1.0248	1.0288	1.0217
galen	L2	gemvT	50	2026-10-05	c91b3c95	16.311	3.60296	3.6113	0.9977	1.4006	1.0021	1.0031
galen	L2	gemvT	64	2026-10-05	c91b3c95	16.311	4.71417	4.72191	0.9984	1.3584	1.0111	1.0074
galen	L2	gemvT	100	2026-10-05	c91b3c95	16.311	15.258	15.2442	1.0009	1.0611	1.0041	1.0030
galen	L2	gemvT	128	2026-10-05	c91b3c95	16.311	24.2077	25.1906	0.9610	0.9989	1.0180	1.0269
galen	L2	gemvT	256	2026-10-05	c91b3c95	16.311	36.7582	16.4876	2.2294	2.2626	1.0534	1.0116
galen	L2	gemvT	512	2026-10-05	c91b3c95	16.311	38.3449	15.0276	2.5516	2.6214	1.0216	1.0118
galen	L2	gemvT	1000	2026-10-05	c91b3c95	16.311	36.9668	15.9527	2.3173	0.5001	1.0033	1.1378
galen	L2	gemvT	1024	2026-10-05	c91b3c95	16.311	40.6096	17.5733	2.3109	0.4477	1.0130	1.2906
galen	L2	gemvT	2048	2026-10-05	c91b3c95	16.311	48.7662	16.7004	2.9201	0.8332	1.0104	1.0163
galen	L2	gemvT	2100	2026-10-05	c91b3c95	16.311	43.175	19.365	2.2295	0.8354	1.0072	1.0171
galen	L2	gemvT	4096	2026-10-05	c91b3c95	16.311	97.5931	85.5107	1.1413	1.0304	1.0142	1.0142
galen	L2	ger	50	2026-10-05	c91b3c95	16.311	7.01034	6.97869	1.0045	1.3494	1.0181	1.0152
galen	L2	ger	64	2026-10-05	c91b3c95	16.311	9.28991	9.3468	0.9939	1.2731	1.0148	1.0107
galen	L2	ger	100	2026-10-05	c91b3c95	16.311	25.1575	25.1195	1.0015	0.5158	1.0094	1.2557
galen	L2	ger	128	2026-10-05	c91b3c95	16.311	40.5044	32.7061	1.2384	0.4799	1.0232	1.0089
galen	L2	ger	256	2026-10-05	c91b3c95	16.311	52.1119	22.0756	2.3606	0.5056	1.0298	1.0050
galen	L2	ger	512	2026-10-05	c91b3c95	16.311	53.94	18.3883	2.9334	0.5091	1.0069	1.0049
galen	L2	ger	1000	2026-10-05	c91b3c95	16.311	52.3549	16.9441	3.0899	0.5726	1.0076	1.0028
galen	L2	ger	1024	2026-10-05	c91b3c95	16.311	52.9873	17.0829	3.1018	0.5545	1.0166	1.4814
galen	L2	ger	2048	2026-10-05	c91b3c95	16.311	63.3361	27.0072	2.3452	1.0382	1.0065	1.0086
galen	L2	ger	2100	2026-10-05	c91b3c95	16.311	64.9815	31.6109	2.0557	1.0136	1.0207	1.0184
galen	L2	ger	4096	2026-10-05	c91b3c95	16.311	172.7	176.251	0.9799	0.9461	1.0091	1.0045
galen	L2	symv	50	2026-10-05	c91b3c95	16.311	4.53627	4.53286	1.0008	1.7817	1.0024	1.0043
galen	L2	symv	64	2026-10-05	c91b3c95	16.311	6.09942	6.1135	0.9977	1.5940	1.0257	1.0136
galen	L2	symv	100	2026-10-05	c91b3c95	16.311	12.9408	12.9542	0.9990	1.4480	1.0154	1.0158
galen	L2	symv	128	2026-10-05	c91b3c95	16.311	19.5393	19.5996	0.9969	1.3669	1.0199	1.0353
galen	L2	symv	256	2026-10-05	c91b3c95	16.311	26.4887	20.1243	1.3163	0.5205	1.0386	1.0284
galen	L2	symv	512	2026-10-05	c91b3c95	16.311	28.9673	16.4846	1.7572	0.4114	1.0155	1.0191
galen	L2	symv	1000	2026-10-05	c91b3c95	16.311	27.1206	12.8977	2.1027	0.5180	1.0151	1.0049
galen	L2	symv	1024	2026-10-05	c91b3c95	16.311	27.4511	14.3085	1.9185	0.4788	1.0065	1.2961
galen	L2	symv	2048	2026-10-05	c91b3c95	16.311	26.7756	12.9202	2.0724	0.4924	1.0230	1.0234
galen	L2	symv	2100	2026-10-05	c91b3c95	16.311	27.0854	12.6941	2.1337	0.4968	1.0148	1.0099
galen	L2	symv	4096	2026-10-05	c91b3c95	16.311	51.5093	51.5649	0.9989	0.7596	1.0039	1.0063
galen	L2	trmv	50	2026-10-05	c91b3c95	16.311	6.16865	6.16066	1.0013	1.2165	1.0073	1.0047
galen	L2	trmv	64	2026-10-05	c91b3c95	16.311	6.89027	6.88631	1.0006	1.4655	1.0049	1.0044
galen	L2	trmv	100	2026-10-05	c91b3c95	16.311	14.752	14.7679	0.9989	1.0319	1.0126	1.0120
galen	L2	trmv	128	2026-10-05	c91b3c95	16.311	21.4858	21.458	1.0013	0.9315	1.0523	1.0132
galen	L2	trmv	256	2026-10-05	c91b3c95	16.311	23.2352	23.0317	1.0088	0.4436	1.0443	1.0408
galen	L2	trmv	512	2026-10-05	c91b3c95	16.311	25.044	25.0867	0.9983	0.2469	1.0276	1.0158
galen	L2	trmv	1000	2026-10-05	c91b3c95	16.311	21.5895	21.559	1.0014	0.2956	1.0045	1.0052
galen	L2	trmv	1024	2026-10-05	c91b3c95	16.311	23.2256	23.1936	1.0014	0.2577	1.0117	1.0082
galen	L2	trmv	2048	2026-10-05	c91b3c95	16.311	21.8359	21.768	1.0031	0.2853	1.0436	1.0428
galen	L2	trmv	2100	2026-10-05	c91b3c95	16.311	20.7248	20.7502	0.9988	0.2827	1.0097	1.0111
galen	L2	trmv	4096	2026-10-05	c91b3c95	16.311	46.2516	46.2457	1.0001	0.8334	1.0096	1.0157
galen	L2	trsv	50	2026-10-05	c91b3c95	16.311	6.6481	6.64488	1.0005	1.8991	1.0054	1.0076
galen	L2	trsv	64	2026-10-05	c91b3c95	16.311	9.04606	9.05343	0.9992	1.7221	1.0045	1.0038
galen	L2	trsv	100	2026-10-05	c91b3c95	16.311	22.3605	22.3591	1.0001	1.1352	1.0015	1.0027
galen	L2	trsv	128	2026-10-05	c91b3c95	16.311	30.2007	30.2453	0.9985	1.1246	1.0046	1.0338
galen	L2	trsv	256	2026-10-05	c91b3c95	16.311	26.9976	27.062	0.9976	1.0688	1.0287	1.0273
galen	L2	trsv	512	2026-10-05	c91b3c95	16.311	26.0293	25.9662	1.0024	1.0683	1.0060	1.0073
galen	L2	trsv	1000	2026-10-05	c91b3c95	16.311	21.9001	21.8675	1.0015	1.1080	1.0100	1.0062
galen	L2	trsv	1024	2026-10-05	c91b3c95	16.311	23.1685	23.2439	0.9968	1.0507	1.0831	1.0793
galen	L2	trsv	2048	2026-10-05	c91b3c95	16.311	22.0156	22.18	0.9926	1.0687	1.0356	1.0341
galen	L2	trsv	2100	2026-10-05	c91b3c95	16.311	20.6101	20.5553	1.0027	1.1308	1.0247	1.0376
galen	L2	trsv	4096	2026-10-05	c91b3c95	16.311	46.6779	46.7649	0.9981	0.9814	1.0148	1.0180
galen	L2	trsvLN	50	2026-10-05	c91b3c95	16.311	8.43022	8.4333	0.9996	1.3058	1.0105	1.0039
galen	L2	trsvLN	64	2026-10-05	c91b3c95	16.311	11.5332	11.5363	0.9997	1.1879	1.0131	1.0145
galen	L2	trsvLN	100	2026-10-05	c91b3c95	16.311	20.7138	20.7545	0.9980	1.0772	1.0042	1.0181
galen	L2	trsvLN	128	2026-10-05	c91b3c95	16.311	28.7995	28.7231	1.0027	1.0622	1.0171	1.0122
galen	L2	trsvLN	256	2026-10-05	c91b3c95	16.311	26.3512	26.175	1.0067	1.0173	1.0246	1.0153
galen	L2	trsvLN	512	2026-10-05	c91b3c95	16.311	25.5988	25.6079	0.9996	1.0471	1.0276	1.0151
galen	L2	trsvLN	1000	2026-10-05	c91b3c95	16.311	21.9121	21.9241	0.9995	1.0899	1.0073	1.0075
galen	L2	trsvLN	1024	2026-10-05	c91b3c95	16.311	23.0707	22.9461	1.0054	1.0440	1.0694	1.0844
galen	L2	trsvLN	2048	2026-10-05	c91b3c95	16.311	22.1262	22.048	1.0035	1.0645	1.0416	1.0309
galen	L2	trsvLN	2100	2026-10-05	c91b3c95	16.311	20.7826	20.85	0.9968	1.1235	1.0244	1.0317
galen	L2	trsvLN	4096	2026-10-05	c91b3c95	16.311	47.3286	47.2419	1.0018	1.0028	1.0068	1.0107
galen	L2	trsvLT	50	2026-10-05	c91b3c95	16.311	12.57	12.5669	1.0002	1.4269	1.0013	1.0011
galen	L2	trsvLT	64	2026-10-05	c91b3c95	16.311	16.26	16.2565	1.0002	1.3990	1.0015	1.0014
galen	L2	trsvLT	100	2026-10-05	c91b3c95	16.311	27.1974	27.1908	1.0002	1.3453	1.0015	1.0004
galen	L2	trsvLT	128	2026-10-05	c91b3c95	16.311	36.3067	36.3021	1.0001	1.3264	1.0097	1.0051
galen	L2	trsvLT	256	2026-10-05	c91b3c95	16.311	29.9787	30.0679	0.9970	1.2320	1.0228	1.0326
galen	L2	trsvLT	512	2026-10-05	c91b3c95	16.311	26.4135	26.425	0.9996	1.1788	1.0065	1.0077
galen	L2	trsvLT	1000	2026-10-05	c91b3c95	16.311	22.3747	22.3483	1.0012	1.0872	1.0072	1.0091
galen	L2	trsvLT	1024	2026-10-05	c91b3c95	16.311	23.4992	23.559	0.9975	1.0851	1.0468	1.0445
galen	L2	trsvLT	2048	2026-10-05	c91b3c95	16.311	22.2852	22.1211	1.0074	1.0556	1.0283	1.0378
galen	L2	trsvLT	2100	2026-10-05	c91b3c95	16.311	20.8653	20.8994	0.9984	1.0379	1.0148	1.0161
galen	L2	trsvLT	4096	2026-10-05	c91b3c95	16.311	46.5405	46.4846	1.0012	0.9978	1.0183	1.0123
galen	L2	spmv	50	2026-10-05	c91b3c95	16.311	6.88375	6.88214	1.0002	2.2458	1.0046	1.0037
galen	L2	spmv	64	2026-10-05	c91b3c95	16.311	10.0453	10.0416	1.0004	2.3083	1.0028	1.0147
galen	L2	spmv	100	2026-10-05	c91b3c95	16.311	13.0087	12.9738	1.0027	3.2938	1.0151	1.0133
galen	L2	spmv	128	2026-10-05	c91b3c95	16.311	20.1896	20.1427	1.0023	3.1008	1.0213	1.0189
galen	L2	spmv	256	2026-10-05	c91b3c95	16.311	22.3351	22.3561	0.9991	2.5609	1.0322	1.0743
galen	L2	spmv	512	2026-10-05	c91b3c95	16.311	26.0399	26.1102	0.9973	1.9416	1.0086	1.0114
galen	L2	spmv	1000	2026-10-05	c91b3c95	16.311	24.8207	24.8186	1.0001	1.9878	1.0053	1.0040
galen	L2	spmv	1024	2026-10-05	c91b3c95	16.311	24.9091	24.8296	1.0032	1.9880	1.0042	1.0038
galen	L2	spmv	2048	2026-10-05	c91b3c95	16.311	25.1271	25.2819	0.9939	2.0745	1.0119	1.0079
galen	L2	spmv	2100	2026-10-05	c91b3c95	16.311	25.0864	25.0609	1.0010	2.0720	1.0042	1.0074
galen	L2	spmv	4096	2026-10-05	c91b3c95	16.311	48.9785	49.0667	0.9982	1.9816	1.0092	1.0322
galen	L2	gbmvN	50	2026-10-05	c91b3c95	16.311	8.19924	8.20901	0.9988	1.0898	1.0097	1.0104
galen	L2	gbmvN	64	2026-10-05	c91b3c95	16.311	10.5118	10.5104	1.0001	1.0758	1.0066	1.0100
galen	L2	gbmvN	100	2026-10-05	c91b3c95	16.311	16.6579	16.6179	1.0024	1.0605	1.0104	1.0109
galen	L2	gbmvN	128	2026-10-05	c91b3c95	16.311	21.7315	21.7276	1.0002	1.0458	1.0327	1.0089
galen	L2	gbmvN	256	2026-10-05	c91b3c95	16.311	13.9623	13.836	1.0091	1.0364	1.0686	1.0650
galen	L2	gbmvN	512	2026-10-05	c91b3c95	16.311	7.09091	22.8792	0.3099	0.1350	1.0040	1.0050
galen	L2	gbmvN	1000	2026-10-05	c91b3c95	16.311	3.67859	11.2943	0.3257	0.1311	1.0060	1.0121
galen	L2	gbmvN	1024	2026-10-05	c91b3c95	16.311	3.58532	10.988	0.3263	0.1284	1.0035	1.0019
galen	L2	gbmvN	2048	2026-10-05	c91b3c95	16.311	1.83407	5.35448	0.3425	0.1339	1.0015	1.0010
galen	L2	gbmvN	2100	2026-10-05	c91b3c95	16.311	1.78468	5.20135	0.3431	0.1325	1.0015	1.0012
galen	L2	gbmvN	4096	2026-10-05	c91b3c95	16.311	1.15971	3.35608	0.3456	0.1356	1.0130	1.0031
galen	L2	sbmv	50	2026-10-05	c91b3c95	16.311	6.86867	6.855	1.0020	1.4411	1.0059	1.0081
galen	L2	sbmv	64	2026-10-05	c91b3c95	16.311	8.98603	8.98072	1.0006	1.4336	1.0188	1.0071
galen	L2	sbmv	100	2026-10-05	c91b3c95	16.311	14.5234	14.5472	0.9984	1.4203	1.0082	1.0074
galen	L2	sbmv	128	2026-10-05	c91b3c95	16.311	18.8789	18.8582	1.0011	1.4163	1.0114	1.0474
galen	L2	sbmv	256	2026-10-05	c91b3c95	16.311	12.0635	12.2826	0.9822	1.3731	1.0557	1.0499
galen	L2	sbmv	512	2026-10-05	c91b3c95	16.311	6.11038	6.11499	0.9992	1.3856	1.0158	1.0117
galen	L2	sbmv	1000	2026-10-05	c91b3c95	16.311	3.15379	3.15346	1.0001	1.3788	1.0016	1.0008
galen	L2	sbmv	1024	2026-10-05	c91b3c95	16.311	3.07732	3.07528	1.0007	1.3795	1.0029	1.0025
galen	L2	sbmv	2048	2026-10-05	c91b3c95	16.311	1.54355	1.54403	0.9997	1.3790	1.0013	1.0010
galen	L2	sbmv	2100	2026-10-05	c91b3c95	16.311	1.50188	1.50082	1.0007	1.3799	1.0005	1.0016
galen	L2	sbmv	4096	2026-10-05	c91b3c95	16.311	0.984595	0.98474	0.9999	1.3785	1.0006	1.0007
galen	L3	gemm	8	2026-10-05	c91b3c95	16.342	0.0404605	0.0403249	1.0034	1.4841	1.0224	1.0222
galen	L3	gemm	32	2026-10-05	c91b3c95	16.342	1.07381	1.07002	1.0035	0.9965	1.0348	1.0125
galen	L3	gemm	50	2026-10-05	c91b3c95	16.342	0.984534	0.98396	1.0006	1.1038	1.0499	1.0341
galen	L3	gemm	100	2026-10-05	c91b3c95	16.342	0.853061	0.515829	1.6538	0.4658	1.0753	1.0919
galen	L3	gemm	128	2026-10-05	c91b3c95	16.342	0.747751	0.492717	1.5176	0.4219	1.0438	1.0696
galen	L3	gemm	256	2026-10-05	c91b3c95	16.342	0.658654	0.489498	1.3456	0.3156	1.0341	1.0112
galen	L3	gemm	512	2026-10-05	c91b3c95	16.342	4.84857	4.15882	1.1659	0.2330	1.0009	2.2057
galen	L3	gemm	1000	2026-10-05	c91b3c95	16.342	33.8463	16.7819	2.0168	0.3862	1.0009	1.0430
galen	L3	gemm	1024	2026-10-05	c91b3c95	16.342	36.636	17.7785	2.0607	0.3982	1.0012	1.1188
galen	L3	gemm	2048	2026-10-05	c91b3c95	16.342	289.11	105.411	2.7427	0.5183	1.0015	1.0033
galen	L3	gemm	2100	2026-10-05	c91b3c95	16.342	316.086	112.735	2.8038	0.5196	1.0011	1.0019
galen	L3	gemm	4096	2026-10-05	c91b3c95	16.342	2072.86	786.623	2.6351	0.5405	1.0008	1.1035
galen	L3	symm	8	2026-10-05	c91b3c95	16.342	0.0838457	0.0837205	1.0015	1.0900	1.0142	1.0154
galen	L3	symm	32	2026-10-05	c91b3c95	16.342	1.29986	1.30597	0.9953	1.2145	1.1030	1.0901
galen	L3	symm	50	2026-10-05	c91b3c95	16.342	1.15303	1.15536	0.9980	1.3123	1.1041	1.1054
galen	L3	symm	100	2026-10-05	c91b3c95	16.342	0.962847	0.904192	1.0649	0.5690	1.0972	1.0930
galen	L3	symm	128	2026-10-05	c91b3c95	16.342	0.824096	0.618937	1.3315	0.5309	1.0705	1.0679
galen	L3	symm	256	2026-10-05	c91b3c95	16.342	0.694101	0.527217	1.3165	0.3071	1.0175	1.0165
galen	L3	symm	512	2026-10-05	c91b3c95	16.342	5.15229	5.39552	0.9549	0.1798	1.0012	2.3321
galen	L3	symm	1000	2026-10-05	c91b3c95	16.342	34.7656	20.4992	1.6959	0.3172	1.0004	1.0554
galen	L3	symm	1024	2026-10-05	c91b3c95	16.342	38.3205	22.9873	1.6670	0.3046	1.0019	1.1371
galen	L3	symm	2048	2026-10-05	c91b3c95	16.342	296.484	92.5134	3.2048	0.5918	1.0007	1.3015
galen	L3	symm	2100	2026-10-05	c91b3c95	16.342	321.122	117.908	2.7235	0.4990	1.0013	1.1628
galen	L3	symm	4096	2026-10-05	c91b3c95	16.342	2102.72	814.023	2.5831	0.5242	1.0006	1.0008
galen	L3	syrk	8	2026-10-05	c91b3c95	16.342	0.0682659	0.0683447	0.9988	1.6740	1.0089	1.0447
galen	L3	syrk	32	2026-10-05	c91b3c95	16.342	0.992332	0.992299	1.0000	1.2509	1.0094	1.0099
galen	L3	syrk	50	2026-10-05	c91b3c95	16.342	0.863106	0.86307	1.0000	0.6835	1.0057	1.0089
galen	L3	syrk	100	2026-10-05	c91b3c95	16.342	0.523087	0.522471	1.0012	0.3812	1.0039	1.0064
galen	L3	syrk	128	2026-10-05	c91b3c95	16.342	0.470823	0.29798	1.5800	0.4844	1.0027	1.0064
galen	L3	syrk	256	2026-10-05	c91b3c95	16.342	0.37117	0.168395	2.2042	0.7296	1.0074	1.0237
galen	L3	syrk	512	2026-10-05	c91b3c95	16.342	2.77194	1.07174	2.5864	0.5599	1.0016	1.0302
galen	L3	syrk	1000	2026-10-05	c91b3c95	16.342	18.9055	7.88713	2.3970	0.4373	1.0005	1.1752
galen	L3	syrk	1024	2026-10-05	c91b3c95	16.342	20.8273	9.27768	2.2449	0.4156	1.0019	1.3058
galen	L3	syrk	2048	2026-10-05	c91b3c95	16.342	165.262	55.1928	2.9943	0.5222	1.0011	1.0029
galen	L3	syrk	2100	2026-10-05	c91b3c95	16.342	178.705	46.9089	3.8096	0.6435	1.0003	1.5201
galen	L3	syrk	4096	2026-10-05	c91b3c95	16.342	1296.67	431.603	3.0043	0.5062	1.0006	1.0013
galen	L3	syr2k	8	2026-10-05	c91b3c95	16.342	0.0809556	0.0806304	1.0040	1.8171	1.0140	1.0268
galen	L3	syr2k	32	2026-10-05	c91b3c95	16.342	1.40895	1.40491	1.0029	0.9220	1.0216	1.0224
galen	L3	syr2k	50	2026-10-05	c91b3c95	16.342	1.24365	1.24738	0.9970	0.6470	1.0384	1.0300
galen	L3	syr2k	100	2026-10-05	c91b3c95	16.342	1.04368	0.689869	1.5129	0.6729	1.0011	1.0066
galen	L3	syr2k	128	2026-10-05	c91b3c95	16.342	0.942104	0.572922	1.6444	0.5842	1.0029	1.0116
galen	L3	syr2k	256	2026-10-05	c91b3c95	16.342	0.739913	0.300603	2.4614	0.6164	1.0044	1.0086
galen	L3	syr2k	512	2026-10-05	c91b3c95	16.342	5.48833	3.37096	1.6281	0.3413	1.0012	1.3796
galen	L3	syr2k	1000	2026-10-05	c91b3c95	16.342	38.0208	15.761	2.4123	0.4408	1.0010	1.4042
galen	L3	syr2k	1024	2026-10-05	c91b3c95	16.342	41.6318	13.9376	2.9870	0.5539	1.0008	1.3799
galen	L3	syr2k	2048	2026-10-05	c91b3c95	16.342	330.496	109.647	3.0142	0.5268	1.0005	1.0018
galen	L3	syr2k	2100	2026-10-05	c91b3c95	16.342	356.436	121.391	2.9363	0.5028	1.0005	1.0399
galen	L3	syr2k	4096	2026-10-05	c91b3c95	16.342	2587.07	875.812	2.9539	0.5038	1.0005	1.0465
galen	L3	trmm	8	2026-10-05	c91b3c95	16.342	0.0544927	0.0543127	1.0033	1.3217	1.0145	1.0161
galen	L3	trmm	32	2026-10-05	c91b3c95	16.342	0.76788	0.900817	0.8524	1.1943	1.1791	1.0108
galen	L3	trmm	50	2026-10-05	c91b3c95	16.342	0.820755	0.933904	0.8788	0.5842	1.1567	1.1550
galen	L3	trmm	100	2026-10-05	c91b3c95	16.342	0.540412	0.539955	1.0008	0.4909	1.0068	1.0062
galen	L3	trmm	128	2026-10-05	c91b3c95	16.342	0.508651	0.508609	1.0001	0.4789	1.1163	1.1153
galen	L3	trmm	256	2026-10-05	c91b3c95	16.342	0.357102	0.357074	1.0001	0.3577	1.0012	1.0011
galen	L3	trmm	512	2026-10-05	c91b3c95	16.342	2.73221	2.21727	1.2322	0.2517	1.0009	1.0034
galen	L3	trmm	1000	2026-10-05	c91b3c95	16.342	19.1234	16.9435	1.1287	0.2057	1.0010	1.1172
galen	L3	trmm	1024	2026-10-05	c91b3c95	16.342	20.6975	21.5726	0.9594	0.1784	1.0009	1.0287
galen	L3	trmm	2048	2026-10-05	c91b3c95	16.342	160.477	86.5376	1.8544	0.3277	1.0017	1.1016
galen	L3	trmm	2100	2026-10-05	c91b3c95	16.342	173.007	81.0998	2.1333	0.3711	1.0015	1.0426
galen	L3	trmm	4096	2026-10-05	c91b3c95	16.342	1240.17	547.073	2.2669	0.4009	1.0024	1.0388
galen	L3	trmmR	8	2026-10-05	c91b3c95	16.342	0.0613998	0.0612837	1.0019	1.3056	1.0194	1.0102
galen	L3	trmmR	32	2026-10-05	c91b3c95	16.342	0.778966	0.790208	0.9858	1.6728	1.0313	1.0055
galen	L3	trmmR	50	2026-10-05	c91b3c95	16.342	0.858184	1.02725	0.8354	0.6564	1.2252	1.2289
galen	L3	trmmR	100	2026-10-05	c91b3c95	16.342	0.564554	0.565415	0.9985	0.5238	1.1658	1.0098
galen	L3	trmmR	128	2026-10-05	c91b3c95	16.342	0.554787	0.521563	1.0637	0.4157	1.0972	1.0983
galen	L3	trmmR	256	2026-10-05	c91b3c95	16.342	0.38617	0.385981	1.0005	0.2757	1.0325	1.0025
galen	L3	trmmR	512	2026-10-05	c91b3c95	16.342	2.98298	2.98246	1.0002	0.1881	1.0006	1.0004
galen	L3	trmmR	1000	2026-10-05	c91b3c95	16.342	19.0208	19.0195	1.0001	0.1814	1.0005	1.0004
galen	L3	trmmR	1024	2026-10-05	c91b3c95	16.342	22.0289	22.0334	0.9998	0.1704	1.0006	1.0004
galen	L3	trmmR	2048	2026-10-05	c91b3c95	16.342	161.968	43.499	3.7235	0.6454	1.0006	1.0466
galen	L3	trmmR	2100	2026-10-05	c91b3c95	16.342	174.135	46.0892	3.7782	0.6496	1.0043	1.4949
galen	L3	trmmR	4096	2026-10-05	c91b3c95	16.342	1261.21	463.562	2.7207	0.4734	1.0002	1.0028
galen	L3	trsm	8	2026-10-05	c91b3c95	16.342	0.0534127	0.0528927	1.0098	2.1945	1.0264	1.0561
galen	L3	trsm	32	2026-10-05	c91b3c95	16.342	0.837257	0.835441	1.0022	1.0925	1.0195	1.0123
galen	L3	trsm	50	2026-10-05	c91b3c95	16.342	0.770703	0.769569	1.0015	0.8780	1.0084	1.0042
galen	L3	trsm	100	2026-10-05	c91b3c95	16.342	0.504166	0.504101	1.0001	0.4848	1.0028	1.0030
galen	L3	trsm	128	2026-10-05	c91b3c95	16.342	0.43691	0.248389	1.7590	0.6667	1.0097	1.0080
galen	L3	trsm	256	2026-10-05	c91b3c95	16.342	0.348122	0.154887	2.2476	0.4978	1.0025	1.0225
galen	L3	trsm	512	2026-10-05	c91b3c95	16.342	2.67273	1.02008	2.6201	0.5520	1.0007	2.1594
galen	L3	trsm	1000	2026-10-05	c91b3c95	16.342	19.0619	9.60115	1.9854	0.3559	1.0008	1.2850
galen	L3	trsm	1024	2026-10-05	c91b3c95	16.342	20.5003	10.3901	1.9731	0.3953	1.0006	1.3431
galen	L3	trsm	2048	2026-10-05	c91b3c95	16.342	162.547	56.6189	2.8709	0.5738	1.0002	1.6917
galen	L3	trsm	2100	2026-10-05	c91b3c95	16.342	177.953	53.3602	3.3349	0.6038	1.0012	1.1939
galen	L3	trsm	4096	2026-10-05	c91b3c95	16.342	1284.33	438.096	2.9316	0.5306	1.0021	1.0048
galen	L3	trsmR	8	2026-10-05	c91b3c95	16.342	0.053911	0.0540036	0.9983	1.3148	1.0460	1.0164
galen	L3	trsmR	32	2026-10-05	c91b3c95	16.342	0.853719	0.854537	0.9990	0.8986	1.0043	1.0095
galen	L3	trsmR	50	2026-10-05	c91b3c95	16.342	0.653447	0.654263	0.9988	0.9706	1.0048	1.0052
galen	L3	trsmR	100	2026-10-05	c91b3c95	16.342	0.483868	0.484339	0.9990	0.5161	1.1759	1.1759
galen	L3	trsmR	128	2026-10-05	c91b3c95	16.342	0.410473	0.296062	1.3864	0.5488	1.0102	1.0085
galen	L3	trsmR	256	2026-10-05	c91b3c95	16.342	0.358662	0.16435	2.1823	0.8061	1.0066	1.0195
galen	L3	trsmR	512	2026-10-05	c91b3c95	16.342	2.76606	1.38063	2.0035	0.5343	1.0011	2.4300
galen	L3	trsmR	1000	2026-10-05	c91b3c95	16.342	19.4492	7.55804	2.5733	0.4703	1.0004	1.3480
galen	L3	trsmR	1024	2026-10-05	c91b3c95	16.342	20.8762	10.3238	2.0221	0.4538	1.0009	1.0835
galen	L3	trsmR	2048	2026-10-05	c91b3c95	16.342	161.462	56.7419	2.8456	0.5789	1.0009	1.3938
galen	L3	trsmR	2100	2026-10-05	c91b3c95	16.342	173.802	47.0105	3.6971	0.7199	1.0005	1.6278
galen	L3	trsmR	4096	2026-10-05	c91b3c95	16.342	1273.94	438.722	2.9038	0.5061	1.0005	1.0064
galen	LP	potrf	8	2026-10-05	c91b3c95	13.371	0.0886671	0.0887181	0.9994	1.1926	1.0020	1.0025
galen	LP	potrf	32	2026-10-05	c91b3c95	13.371	0.642299	0.657489	0.9769	1.4124	1.0601	1.0649
galen	LP	potrf	50	2026-10-05	c91b3c95	13.371	0.556604	0.540151	1.0305	1.6241	1.0935	1.1107
galen	LP	potrf	100	2026-10-05	c91b3c95	13.371	0.271904	0.271901	1.0000	1.4466	1.0031	1.0030
galen	LP	potrf	128	2026-10-05	c91b3c95	13.371	0.215079	0.215057	1.0001	1.3304	1.0023	1.0034
galen	LP	potrf	256	2026-10-05	c91b3c95	13.371	0.155236	0.128189	1.2110	0.8657	1.0098	1.0519
galen	LP	potrf	512	2026-10-05	c91b3c95	13.371	1.0524	0.601397	1.7499	0.9469	1.0033	1.1240
galen	LP	potrf	1000	2026-10-05	c91b3c95	13.371	7.11265	2.20299	3.2286	0.8899	1.0009	1.3893
galen	LP	potrf	1024	2026-10-05	c91b3c95	13.371	7.55219	2.96323	2.5486	1.0205	1.0013	1.8241
galen	LP	potrf	2048	2026-10-05	c91b3c95	13.371	57.2478	15.3203	3.7367	0.9684	1.0012	1.2147
galen	LP	potrf	2100	2026-10-05	c91b3c95	13.371	61.5878	16.7934	3.6674	0.8748	1.0004	1.1772
galen	LP	potrf	4096	2026-10-05	c91b3c95	13.371	445.526	95.6385	4.6584	1.0594	1.0012	1.0004
galen	LP	potrfU	8	2026-10-05	c91b3c95	13.371	0.0853192	0.0852782	1.0005	1.2304	1.0013	1.0015
galen	LP	potrfU	32	2026-10-05	c91b3c95	13.371	0.930359	0.930234	1.0001	1.1725	1.0019	1.0025
galen	LP	potrfU	50	2026-10-05	c91b3c95	13.371	0.751854	0.751804	1.0001	1.3637	1.0037	1.0018
galen	LP	potrfU	100	2026-10-05	c91b3c95	13.371	0.364442	0.364336	1.0003	1.4317	1.0025	1.0030
galen	LP	potrfU	128	2026-10-05	c91b3c95	13.371	0.2787	0.278656	1.0002	1.8272	1.0016	1.0008
galen	LP	potrfU	256	2026-10-05	c91b3c95	13.371	0.164585	0.145041	1.1347	1.2884	1.0182	1.0969
galen	LP	potrfU	512	2026-10-05	c91b3c95	13.371	1.05536	0.629786	1.6757	1.1485	1.0087	1.1425
galen	LP	potrfU	1000	2026-10-05	c91b3c95	13.371	7.03604	2.18639	3.2181	0.8151	1.0006	1.4259
galen	LP	potrfU	1024	2026-10-05	c91b3c95	13.371	7.4448	2.29269	3.2472	1.3179	1.0009	1.4096
galen	LP	potrfU	2048	2026-10-05	c91b3c95	13.371	55.7549	13.8427	4.0277	1.1437	1.0001	1.0409
galen	LP	potrfU	2100	2026-10-05	c91b3c95	13.371	61.2689	14.4959	4.2266	0.9376	1.0005	1.0227
galen	LP	potrfU	4096	2026-10-05	c91b3c95	13.371	435.779	81.9575	5.3171	1.2675	1.0007	1.0995
galen	LP	geqrf	8	2026-10-05	c91b3c95	13.371	0.227375	0.227181	1.0009	1.2890	1.0019	1.0041
galen	LP	geqrf	32	2026-10-05	c91b3c95	13.371	2.43882	2.43978	0.9996	1.0345	1.0087	1.0103
galen	LP	geqrf	50	2026-10-05	c91b3c95	13.371	2.64766	2.64794	0.9999	0.9345	1.0017	1.0017
galen	LP	geqrf	100	2026-10-05	c91b3c95	13.371	1.27804	1.27852	0.9996	1.6879	1.0030	1.0010
galen	LP	geqrf	128	2026-10-05	c91b3c95	13.371	1.0275	1.02738	1.0001	1.9309	1.0023	1.0012
galen	LP	geqrf	256	2026-10-05	c91b3c95	13.371	0.682852	0.6742	1.0128	1.4106	1.0023	1.0087
galen	LP	geqrf	512	2026-10-05	c91b3c95	13.371	5.05335	4.27181	1.1830	1.1960	1.0043	1.0078
galen	LP	geqrf	1000	2026-10-05	c91b3c95	13.371	33.3755	23.9671	1.3926	0.4612	1.0007	1.0932
galen	LP	geqrf	1024	2026-10-05	c91b3c95	13.371	36.539	28.5181	1.2813	0.7795	1.0008	1.0813
galen	LP	geqrf	2048	2026-10-05	c91b3c95	13.371	241	78.0501	3.0878	1.6620	1.0005	1.0029
galen	LP	geqrf	2100	2026-10-05	c91b3c95	13.371	255.839	80.2757	3.1870	0.9610	1.0006	1.0025
galen	LP	geqrf	4096	2026-10-05	c91b3c95	13.371	1899.77	561.492	3.3834	1.6485	1.0008	1.0345
galen	LP	getrf	8	2026-10-05	c91b3c95	13.371	0.128692	0.128359	1.0026	1.2715	1.0066	1.0099
galen	LP	getrf	32	2026-10-05	c91b3c95	13.371	1.6236	1.62569	0.9987	1.0313	1.0750	1.0793
galen	LP	getrf	50	2026-10-05	c91b3c95	13.371	1.22247	1.22365	0.9990	1.2580	1.0050	1.0016
galen	LP	getrf	100	2026-10-05	c91b3c95	13.371	0.650226	0.650271	0.9999	1.7026	1.0067	1.0064
galen	LP	getrf	128	2026-10-05	c91b3c95	13.371	0.559428	0.560136	0.9987	1.5090	1.0031	1.0033
galen	LP	getrf	256	2026-10-05	c91b3c95	13.371	0.394596	0.358306	1.1013	0.7739	1.0134	1.0060
galen	LP	getrf	512	2026-10-05	c91b3c95	13.371	2.56861	1.80924	1.4197	0.7191	1.0047	1.0051
galen	LP	getrf	1000	2026-10-05	c91b3c95	13.371	14.5296	8.39862	1.7300	0.5265	1.0046	1.0824
galen	LP	getrf	1024	2026-10-05	c91b3c95	13.371	16.1036	8.50451	1.8935	0.6251	1.0018	1.4650
galen	LP	getrf	2048	2026-10-05	c91b3c95	13.371	122.217	35.3763	3.4548	0.8401	1.0016	1.0159
galen	LP	getrf	2100	2026-10-05	c91b3c95	13.371	125.396	32.7174	3.8327	0.8608	1.0003	1.0083
galen	LP	getrf	4096	2026-10-05	c91b3c95	13.371	942.829	244.251	3.8601	0.8178	1.0006	1.0021
galen	LP	getrs	8	2026-10-05	c91b3c95	13.371	0.032464	0.0325441	0.9975	1.5798	1.0087	1.0036
galen	LP	getrs	32	2026-10-05	c91b3c95	13.371	0.257472	0.257015	1.0018	1.4719	1.0178	1.0176
galen	LP	getrs	50	2026-10-05	c91b3c95	13.371	0.538822	0.538518	1.0006	1.3770	1.0465	1.0284
galen	LP	getrs	100	2026-10-05	c91b3c95	13.371	3.22803	3.16359	1.0204	0.9934	1.0635	1.0853
galen	LP	getrs	128	2026-10-05	c91b3c95	13.371	3.95068	3.9537	0.9992	1.1093	1.0059	1.0066
galen	LP	getrs	256	2026-10-05	c91b3c95	13.371	8.33053	8.3366	0.9993	1.0231	1.0089	1.0110
galen	LP	getrs	512	2026-10-05	c91b3c95	13.371	6.44199	6.44006	1.0003	0.9987	1.0103	1.0118
galen	LP	getrs	1000	2026-10-05	c91b3c95	13.371	5.77242	6.6726	0.8651	1.0087	1.0108	1.1582
galen	LP	getrs	1024	2026-10-05	c91b3c95	13.371	5.84359	7.10571	0.8224	0.9775	1.0106	1.3265
galen	LP	getrs	2048	2026-10-05	c91b3c95	13.371	4.75706	5.32038	0.8941	0.9741	1.0197	1.0467
galen	LP	potrsL	8	2026-10-05	c91b3c95	13.371	0.073236	0.0732571	0.9997	1.6693	1.0076	1.0090
galen	LP	potrsL	32	2026-10-05	c91b3c95	13.371	0.385398	0.386331	0.9976	1.2515	1.0072	1.0071
galen	LP	potrsL	50	2026-10-05	c91b3c95	13.371	0.20217	0.201974	1.0010	1.2343	1.0109	1.0107
galen	LP	potrsL	100	2026-10-05	c91b3c95	13.371	0.0547659	0.054836	0.9987	1.1848	1.0037	1.0031
galen	LP	potrsL	128	2026-10-05	c91b3c95	13.371	0.0335306	0.0334774	1.0016	1.1981	1.0055	1.0111
galen	LP	potrsL	256	2026-10-05	c91b3c95	13.371	0.00968011	0.0096243	1.0058	1.1360	1.0114	1.0085
galen	LP	potrsL	512	2026-10-05	c91b3c95	13.371	0.0368718	0.0371295	0.9931	1.0115	1.0274	1.0848
galen	LP	potrsL	1000	2026-10-05	c91b3c95	13.371	0.159096	0.113568	1.4009	1.8742	1.0016	1.1187
galen	LP	potrsL	1024	2026-10-05	c91b3c95	13.371	0.16285	0.140485	1.1592	1.2850	1.0037	1.7240
galen	LP	potrsL	2048	2026-10-05	c91b3c95	13.371	0.982556	0.945731	1.0389	1.0593	1.0133	1.0194
galen	LP	potrsU	8	2026-10-05	c91b3c95	13.371	0.058216	0.0582772	0.9989	1.9864	1.0057	1.0041
galen	LP	potrsU	32	2026-10-05	c91b3c95	13.371	0.276592	0.27674	0.9995	1.6916	1.0051	1.0078
galen	LP	potrsU	50	2026-10-05	c91b3c95	13.371	0.148429	0.148231	1.0013	1.5501	1.0153	1.0184
galen	LP	potrsU	100	2026-10-05	c91b3c95	13.371	0.047644	0.0476662	0.9995	1.2488	1.0064	1.0096
galen	LP	potrsU	128	2026-10-05	c91b3c95	13.371	0.0302984	0.030312	0.9996	1.1929	1.0099	1.0054
galen	LP	potrsU	256	2026-10-05	c91b3c95	13.371	0.00982011	0.0099921	0.9828	1.0702	1.0122	1.0086
galen	LP	potrsU	512	2026-10-05	c91b3c95	13.371	0.0442269	0.0365507	1.2100	1.0938	1.0800	1.0077
galen	LP	potrsU	1000	2026-10-05	c91b3c95	13.371	0.161266	0.111964	1.4403	1.8164	1.0019	1.3388
galen	LP	potrsU	1024	2026-10-05	c91b3c95	13.371	0.166452	0.124966	1.3320	1.5834	1.0016	1.4945
galen	LP	potrsU	2048	2026-10-05	c91b3c95	13.371	0.647237	0.539846	1.1989	1.0017	1.0028	1.0192
galen	LP	trtrs	8	2026-10-05	c91b3c95	13.371	0.015211	0.0149043	1.0206	4.1596	1.0757	1.0385
galen	LP	trtrs	32	2026-10-05	c91b3c95	13.371	0.155797	0.156283	0.9969	2.2787	1.0309	1.0380
galen	LP	trtrs	50	2026-10-05	c91b3c95	13.371	0.526084	0.526304	0.9996	1.1716	1.1758	1.3877
galen	LP	trtrs	100	2026-10-05	c91b3c95	13.371	2.1183	2.11381	1.0021	1.0025	1.0156	1.0126
galen	LP	trtrs	128	2026-10-05	c91b3c95	13.371	2.82636	2.79133	1.0125	1.0993	1.0291	1.0322
galen	LP	trtrs	256	2026-10-05	c91b3c95	13.371	4.97506	4.97354	1.0003	1.1895	1.0055	1.0041
galen	LP	trtrs	512	2026-10-05	c91b3c95	13.371	4.04512	4.05326	0.9980	1.0831	1.0095	1.0045
galen	LP	trtrs	1000	2026-10-05	c91b3c95	13.371	3.5343	3.53156	1.0008	1.0439	1.0071	1.0045
galen	LP	trtrs	1024	2026-10-05	c91b3c95	13.371	3.56565	3.55431	1.0032	1.0349	1.0067	1.0061
galen	LP	trtrs	2048	2026-10-05	c91b3c95	13.371	2.31482	2.31147	1.0015	1.0124	1.0301	1.0086
galen	LP	sytrf	8	2026-10-05	c91b3c95	13.371	0.119082	0.122412	0.9728	2.6765	1.1985	1.1783
galen	LP	sytrf	32	2026-10-05	c91b3c95	13.371	2.29404	2.30447	0.9955	1.1769	1.0677	1.0719
galen	LP	sytrf	50	2026-10-05	c91b3c95	13.371	1.72747	1.73549	0.9954	1.1146	1.0044	1.0069
galen	LP	sytrf	100	2026-10-05	c91b3c95	13.371	0.771915	0.777812	0.9924	1.3421	1.0614	1.0639
galen	LP	sytrf	128	2026-10-05	c91b3c95	13.371	0.6149	0.616201	0.9979	1.5271	1.0074	1.0059
galen	LP	sytrf	256	2026-10-05	c91b3c95	13.371	0.362551	0.363923	0.9962	1.4369	1.0148	1.0162
galen	LP	sytrf	512	2026-10-05	c91b3c95	13.371	2.56583	2.56898	0.9988	1.0895	1.0116	1.0118
galen	LP	sytrf	1000	2026-10-05	c91b3c95	13.371	10.4153	10.8462	0.9603	0.6753	1.0017	1.0086
galen	LP	sytrf	1024	2026-10-05	c91b3c95	13.371	15.7351	15.4668	1.0173	0.8283	1.0073	1.0059
galen	LP	sytrf	2048	2026-10-05	c91b3c95	13.371	105.89	65.9093	1.6066	0.9236	1.0021	1.0439
galen	LP	sytrf	2100	2026-10-05	c91b3c95	13.371	80.1231	54.3532	1.4741	0.7218	1.0009	1.1002
galen	LP	sytrf	4096	2026-10-05	c91b3c95	13.371	705.589	345.858	2.0401	0.9639	1.0030	1.1363
galen	LP	sytrs	8	2026-10-05	c91b3c95	13.371	0.0527451	0.0524906	1.0048	4.9611	1.0534	1.0610
galen	LP	sytrs	32	2026-10-05	c91b3c95	13.371	0.368503	0.367301	1.0033	3.5485	1.0076	1.0136
galen	LP	sytrs	50	2026-10-05	c91b3c95	13.371	0.828651	0.801826	1.0335	2.7528	1.1326	1.1074
galen	LP	sytrs	100	2026-10-05	c91b3c95	13.371	2.67063	2.67156	0.9997	2.3309	1.0032	1.0041
galen	LP	sytrs	128	2026-10-05	c91b3c95	13.371	3.99974	4.004	0.9989	2.2470	1.0047	1.0032
galen	LP	sytrs	256	2026-10-05	c91b3c95	13.371	8.07386	8.06503	1.0011	1.9710	1.0066	1.0030
galen	LP	sytrs	512	2026-10-05	c91b3c95	13.371	6.87268	6.87311	0.9999	1.7536	1.0064	1.0032
galen	LP	sytrs	1000	2026-10-05	c91b3c95	13.371	6.34495	6.35966	0.9977	1.4800	1.0185	1.0082
galen	LP	sytrs	1024	2026-10-05	c91b3c95	13.371	6.33063	6.33265	0.9997	1.4745	1.0215	1.0109
galen	LP	sytrs	2048	2026-10-05	c91b3c95	13.371	4.93464	4.90397	1.0063	1.3900	1.0190	1.0251
galen	LP	potri	8	2026-10-05	c91b3c95	13.371	0.212135	0.211963	1.0008	0.9437	1.0064	1.0064
galen	LP	potri	32	2026-10-05	c91b3c95	13.371	2.05251	2.05356	0.9995	1.6075	1.0028	1.0054
galen	LP	potri	50	2026-10-05	c91b3c95	13.371	1.69206	1.69317	0.9993	1.6363	1.0009	1.0019
galen	LP	potri	100	2026-10-05	c91b3c95	13.371	0.82783	0.82867	0.9990	1.6621	1.0009	1.0034
galen	LP	potri	128	2026-10-05	c91b3c95	13.371	0.544133	0.544201	0.9999	1.9986	1.0046	1.0051
galen	LP	potri	256	2026-10-05	c91b3c95	13.371	0.363976	0.355048	1.0251	0.7596	1.0041	1.0048
galen	LP	potri	512	2026-10-05	c91b3c95	13.371	2.46231	2.28207	1.0790	0.4447	1.0008	1.0075
galen	LP	potri	1000	2026-10-05	c91b3c95	13.371	14.4656	20.799	0.6955	0.2008	1.0004	1.1062
galen	LP	potri	1024	2026-10-05	c91b3c95	13.371	16.3408	23.516	0.6949	0.2045	1.0006	1.1633
galen	LP	potri	2048	2026-10-05	c91b3c95	13.371	118.009	130.162	0.9066	0.2077	1.0004	1.0775
galen	LP	trtri	8	2026-10-05	c91b3c95	13.371	0.071165	0.0710993	1.0009	1.5256	1.0051	1.0072
galen	LP	trtri	32	2026-10-05	c91b3c95	13.371	1.36711	1.29794	1.0533	1.5855	1.2671	1.2718
galen	LP	trtri	50	2026-10-05	c91b3c95	13.371	1.07563	1.07754	0.9982	1.5712	1.3443	1.3184
galen	LP	trtri	100	2026-10-05	c91b3c95	13.371	0.462361	0.461914	1.0010	2.2309	1.0687	1.0148
galen	LP	trtri	128	2026-10-05	c91b3c95	13.371	0.299833	0.299383	1.0015	2.1057	1.0120	1.0129
galen	LP	trtri	256	2026-10-05	c91b3c95	13.371	0.174266	0.174725	0.9974	1.0115	1.0177	1.0051
galen	LP	trtri	512	2026-10-05	c91b3c95	13.371	1.25721	1.25677	1.0003	0.5157	1.0015	1.0021
galen	LP	trtri	1000	2026-10-05	c91b3c95	13.371	7.19345	7.19585	0.9997	0.3532	1.0030	1.0027
galen	LP	trtri	1024	2026-10-05	c91b3c95	13.371	8.51873	8.09026	1.0530	0.3632	1.0012	1.0170
galen	LP	trtri	2048	2026-10-05	c91b3c95	13.371	60.6994	53.7942	1.1284	0.2903	1.0012	1.0293
galen	LP	getri	8	2026-10-05	c91b3c95	13.371	0.156901	0.156886	1.0001	1.1834	1.0199	1.0065
galen	LP	getri	32	2026-10-05	c91b3c95	13.371	2.76114	2.75983	1.0005	1.1573	1.1522	1.0505
galen	LP	getri	50	2026-10-05	c91b3c95	13.371	2.11543	2.11681	0.9994	1.2874	1.0811	1.0788
galen	LP	getri	100	2026-10-05	c91b3c95	13.371	1.18017	1.18107	0.9992	1.2194	1.0756	1.0732
galen	LP	getri	128	2026-10-05	c91b3c95	13.371	0.902052	0.903939	0.9979	1.0676	1.0021	1.0060
galen	LP	getri	256	2026-10-05	c91b3c95	13.371	0.637661	0.578055	1.1031	0.6552	1.0040	1.0086
galen	LP	getri	512	2026-10-05	c91b3c95	13.371	4.36553	2.51773	1.7339	0.7025	1.0024	1.1714
galen	LP	getri	1000	2026-10-05	c91b3c95	13.371	27.3748	28.4812	0.9612	0.2293	1.0006	1.0468
galen	LP	getri	1024	2026-10-05	c91b3c95	13.371	30.9775	31.0733	0.9969	0.3233	1.0012	1.0238
galen	LP	getri	2048	2026-10-05	c91b3c95	13.371	235.256	101.382	2.3205	0.6554	1.0018	1.0212
galen	LP	sytri	8	2026-10-05	c91b3c95	13.371	0.219353	0.219303	1.0002	1.1222	1.0360	1.0420
galen	LP	sytri	32	2026-10-05	c91b3c95	13.371	2.21349	2.21552	0.9991	1.1498	1.1326	1.0256
galen	LP	sytri	50	2026-10-05	c91b3c95	13.371	1.49594	1.49555	1.0003	1.2354	1.0726	1.0755
galen	LP	sytri	100	2026-10-05	c91b3c95	13.371	0.874546	0.871503	1.0035	1.1828	1.0230	1.0222
galen	LP	sytri	128	2026-10-05	c91b3c95	13.371	0.708778	0.710187	0.9980	1.1502	1.0055	1.0050
galen	LP	sytri	256	2026-10-05	c91b3c95	13.371	0.5061	0.512174	0.9881	0.8076	1.0127	1.0580
galen	LP	sytri	512	2026-10-05	c91b3c95	13.371	4.40982	3.08719	1.4284	0.5539	1.0045	1.1907
galen	LP	sytri	1000	2026-10-05	c91b3c95	13.371	25.2578	17.6319	1.4325	0.4030	1.0024	1.0263
galen	LP	sytri	1024	2026-10-05	c91b3c95	13.371	28.568	17.9281	1.5935	0.5168	1.0080	1.0134
galen	LP	sytri	2048	2026-10-05	c91b3c95	13.371	215.737	115.456	1.8686	0.4410	1.0016	1.0021
galen	LP	gelsy	8	2026-10-05	c91b3c95	13.371	0.731452	0.731804	0.9995	2.4363	1.0027	1.0014
galen	LP	gelsy	32	2026-10-05	c91b3c95	13.371	5.98752	5.98737	1.0000	1.3431	1.0006	1.0016
galen	LP	gelsy	50	2026-10-05	c91b3c95	13.371	5.09848	5.12446	0.9949	1.0545	1.0009	1.0010
galen	LP	gelsy	100	2026-10-05	c91b3c95	13.371	2.53737	2.54389	0.9974	1.2691	1.0012	1.0017
galen	LP	gelsy	128	2026-10-05	c91b3c95	13.371	1.98668	1.99055	0.9981	1.7860	1.0004	1.0009
galen	LP	gelsy	256	2026-10-05	c91b3c95	13.371	1.29841	1.29626	1.0017	1.3150	1.0044	1.0151
galen	LP	gelsy	512	2026-10-05	c91b3c95	13.371	11.2604	10.5141	1.0710	1.0572	1.0075	1.0064
galen	LP	gelsy	1000	2026-10-05	c91b3c95	13.371	55.3479	51.0625	1.0839	0.7374	1.0024	1.0025
galen	LP	gelsy	1024	2026-10-05	c91b3c95	13.371	71.7036	64.4969	1.1117	0.7246	1.0021	1.0261
galen	LP	gelsd	8	2026-10-05	c91b3c95	13.371	1.89799	1.89895	0.9995	2.5294	1.0053	1.0020
galen	LP	gelsd	32	2026-10-05	c91b3c95	13.371	22.5942	22.6838	0.9961	2.4059	1.0009	1.0010
galen	LP	gelsd	50	2026-10-05	c91b3c95	13.371	16.0721	16.1229	0.9968	2.5088	1.0010	1.0006
galen	LP	gelsd	100	2026-10-05	c91b3c95	13.371	7.48302	7.4977	0.9980	2.7979	1.0015	1.0015
galen	LP	gelsd	128	2026-10-05	c91b3c95	13.371	5.78302	5.80744	0.9958	2.6984	1.0015	1.0016
galen	LP	gelsd	256	2026-10-05	c91b3c95	13.371	3.45847	3.73771	0.9253	1.9798	1.0031	1.0029
galen	LP	gelsd	512	2026-10-05	c91b3c95	13.371	21.7239	17.6453	1.2311	2.2360	1.0021	1.0184
galen	LP	gelsd	1000	2026-10-05	c91b3c95	13.371	124.361	62.9643	1.9751	1.7658	1.0018	1.1954
galen	LP	gelsd	1024	2026-10-05	c91b3c95	13.371	142.069	72.2496	1.9664	2.1497	1.0008	1.0010
galen	LP	geev	8	2026-10-05	c91b3c95	13.371	3.38123	3.36915	1.0036	1.4946	1.0270	1.0058
galen	LP	geev	32	2026-10-05	c91b3c95	13.371	57.8687	57.8859	0.9997	1.1905	1.0030	1.0019
galen	LP	geev	50	2026-10-05	c91b3c95	13.371	50.154	50.1362	1.0004	1.1008	1.0018	1.0015
galen	LP	geev	100	2026-10-05	c91b3c95	13.371	34.7975	34.82	0.9994	1.4935	1.0044	1.0047
galen	LP	geev	128	2026-10-05	c91b3c95	13.371	32.53	32.662	0.9960	1.2507	1.0085	1.0053
galen	LP	geev	256	2026-10-05	c91b3c95	13.371	23.6736	23.9932	0.9867	0.9905	1.0148	1.0214
galen	LP	geev	512	2026-10-05	c91b3c95	13.371	164.634	158.073	1.0415	1.4641	1.0114	1.0177
galen	LP	geev	1000	2026-10-05	c91b3c95	13.371	440.359	372.415	1.1824	0.9403	1.0215	1.0263
galen	LP	geev	1024	2026-10-05	c91b3c95	13.371	623.653	550.375	1.1331	1.2904	1.0311	1.0355
galen	LP	gbtrf	8	2026-10-05	c91b3c95	13.371	0.0611961	0.0610761	1.0020	1.5504	1.0097	1.0097
galen	LP	gbtrf	32	2026-10-05	c91b3c95	13.371	0.326624	0.326459	1.0005	1.6250	1.0056	1.0047
galen	LP	gbtrf	50	2026-10-05	c91b3c95	13.371	0.229587	0.229631	0.9998	1.5090	1.0025	1.0020
galen	LP	gbtrf	100	2026-10-05	c91b3c95	13.371	0.089467	0.0894181	1.0005	1.5504	1.0033	1.0048
galen	LP	gbtrf	128	2026-10-05	c91b3c95	13.371	0.0696593	0.0698182	0.9977	1.6426	1.0058	1.0060
galen	LP	gbtrf	256	2026-10-05	c91b3c95	13.371	0.0420385	0.0420452	0.9998	1.5339	1.0208	1.0355
galen	LP	gbtrf	512	2026-10-05	c91b3c95	13.371	0.250772	0.250671	1.0004	1.5526	1.0019	1.0031
galen	LP	gbtrf	1000	2026-10-05	c91b3c95	13.371	1.26354	1.26333	1.0002	0.8622	1.0016	1.0017
galen	LP	gbtrf	1024	2026-10-05	c91b3c95	13.371	1.19964	1.19994	0.9997	0.9131	1.0024	1.0028
galen	LP	gbtrf	2048	2026-10-05	c91b3c95	13.371	7.29428	7.29395	1.0000	0.6167	1.0005	1.0005
galen	LP	geqp3	8	2026-10-05	c91b3c95	13.371	0.428618	0.428549	1.0002	1.7477	1.1119	1.1099
galen	LP	geqp3	32	2026-10-05	c91b3c95	13.371	4.43706	4.43795	0.9998	1.1317	1.0023	1.0014
galen	LP	geqp3	50	2026-10-05	c91b3c95	13.371	4.35534	4.38759	0.9926	0.8935	1.0016	1.0011
galen	LP	geqp3	100	2026-10-05	c91b3c95	13.371	2.2394	2.2447	0.9976	1.2667	1.0013	1.0008
galen	LP	geqp3	128	2026-10-05	c91b3c95	13.371	1.78499	1.78795	0.9983	1.3866	1.0015	1.0007
galen	LP	geqp3	256	2026-10-05	c91b3c95	13.371	1.21272	1.21616	0.9972	1.1935	1.0027	1.0142
galen	LP	geqp3	512	2026-10-05	c91b3c95	13.371	10.9225	10.0762	1.0840	1.0143	1.0168	1.0362
galen	LP	geqp3	1000	2026-10-05	c91b3c95	13.371	54.2305	49.6599	1.0920	0.6096	1.0026	1.0320
galen	LP	geqp3	1024	2026-10-05	c91b3c95	13.371	69.8454	63.6316	1.0977	0.6174	1.0029	1.0236
galen	LP	geqp3	2048	2026-10-05	c91b3c95	13.371	525.886	448.386	1.1728	0.3989	1.0026	1.0394
galen	LP	gels	8	2026-10-05	c91b3c95	13.371	0.319588	0.319386	1.0006	2.9823	1.0018	1.0011
galen	LP	gels	32	2026-10-05	c91b3c95	13.371	2.94678	2.94695	0.9999	1.4896	1.0011	1.0022
galen	LP	gels	50	2026-10-05	c91b3c95	13.371	3.27233	3.27456	0.9993	1.0469	1.0016	1.0010
galen	LP	gels	100	2026-10-05	c91b3c95	13.371	1.54699	1.54754	0.9996	1.6178	1.0013	1.0020
galen	LP	gels	128	2026-10-05	c91b3c95	13.371	1.19199	1.19246	0.9996	1.8550	1.0015	1.0014
galen	LP	gels	256	2026-10-05	c91b3c95	13.371	0.756261	0.751012	1.0070	1.6641	1.0061	1.0054
galen	LP	gels	512	2026-10-05	c91b3c95	13.371	5.20384	4.47257	1.1635	1.3342	1.0025	1.0976
galen	LP	gels	1000	2026-10-05	c91b3c95	13.371	34.0002	24.9887	1.3606	0.5599	1.0018	1.0886
galen	LP	gels	1024	2026-10-05	c91b3c95	13.371	36.7617	26.821	1.3706	0.9594	1.0010	1.0858
galen	LP	pstrf	8	2026-10-05	c91b3c95	13.371	0.20496	0.205292	0.9984	1.2324	1.0052	1.0054
galen	LP	pstrf	32	2026-10-05	c91b3c95	13.371	1.68726	1.70092	0.9920	1.1428	1.0010	1.0013
galen	LP	pstrf	50	2026-10-05	c91b3c95	13.371	1.18906	1.19272	0.9969	1.1328	1.0043	1.0021
galen	LP	pstrf	100	2026-10-05	c91b3c95	13.371	0.605612	0.607428	0.9970	1.1859	1.0032	1.0024
galen	LP	pstrf	128	2026-10-05	c91b3c95	13.371	0.555126	0.555558	0.9992	1.1875	1.0042	1.0032
galen	LP	pstrf	256	2026-10-05	c91b3c95	13.371	0.393452	0.382945	1.0274	1.0839	1.0167	1.0230
galen	LP	pstrf	512	2026-10-05	c91b3c95	13.371	3.63456	3.03577	1.1972	1.2261	1.0078	1.0113
galen	LP	pstrf	1000	2026-10-05	c91b3c95	13.371	10.0415	5.59791	1.7938	0.9552	1.0023	1.0992
galen	LP	pstrf	1024	2026-10-05	c91b3c95	13.371	17.3689	11.7043	1.4840	1.3537	1.0035	1.0162
galen	LP	pstrf	2048	2026-10-05	c91b3c95	13.371	97.3293	47.478	2.0500	1.4808	1.0034	1.0009
galen	LP	pstrf	2100	2026-10-05	c91b3c95	13.371	78.3069	33.1669	2.3610	1.0596	1.0011	1.0021
galen	LP	pstrf	4096	2026-10-05	c91b3c95	13.371	641.128	245.212	2.6146	1.4366	1.0011	1.0267
galen	LP	pstrfU	8	2026-10-05	c91b3c95	13.371	0.225942	0.226421	0.9979	1.2474	1.0024	1.0040
galen	LP	pstrfU	32	2026-10-05	c91b3c95	13.371	1.82377	1.82774	0.9978	1.1555	1.0015	1.0016
galen	LP	pstrfU	50	2026-10-05	c91b3c95	13.371	1.3113	1.31386	0.9980	1.0696	1.0037	1.0012
galen	LP	pstrfU	100	2026-10-05	c91b3c95	13.371	0.649407	0.64974	0.9995	1.2062	1.0014	1.0013
galen	LP	pstrfU	128	2026-10-05	c91b3c95	13.371	0.675809	0.675658	1.0002	1.4564	1.0089	1.0051
galen	LP	pstrfU	256	2026-10-05	c91b3c95	13.371	0.5734	0.578547	0.9911	1.2718	1.0294	1.0324
galen	LP	pstrfU	512	2026-10-05	c91b3c95	13.371	4.32946	4.2648	1.0152	1.4406	1.0081	1.0204
galen	LP	pstrfU	1000	2026-10-05	c91b3c95	13.371	11.5248	8.49771	1.3562	0.8183	1.0045	1.0119
galen	LP	pstrfU	1024	2026-10-05	c91b3c95	13.371	22.5449	18.7746	1.2008	1.2920	1.0050	1.0545
galen	LP	pstrfU	2048	2026-10-05	c91b3c95	13.371	127.004	82.768	1.5345	1.3268	1.0017	1.0038
galen	LP	pstrfU	2100	2026-10-05	c91b3c95	13.371	91.1921	47.1697	1.9333	0.8715	1.0025	1.0005
galen	LP	pstrfU	4096	2026-10-05	c91b3c95	13.371	760.421	387.204	1.9639	1.2941	1.0018	1.0088
galen	LP	gesvd	8	2026-10-05	c91b3c95	13.371	3.54514	3.55538	0.9971	1.4500	1.0028	1.0056
galen	LP	gesvd	32	2026-10-05	c91b3c95	13.371	52.1277	52.2407	0.9978	1.0632	1.0009	1.0008
galen	LP	gesvd	50	2026-10-05	c91b3c95	13.371	41.6285	41.7045	0.9982	1.2206	1.0009	1.0009
galen	LP	gesvd	100	2026-10-05	c91b3c95	13.371	19.1557	19.1772	0.9989	1.1970	1.0024	1.0021
galen	LP	gesvd	128	2026-10-05	c91b3c95	13.371	14.6391	14.6656	0.9982	1.0829	1.0017	1.0016
galen	LP	gesvd	256	2026-10-05	c91b3c95	13.371	7.93855	7.40038	1.0727	1.0445	1.0014	1.0283
galen	LP	gesvd	512	2026-10-05	c91b3c95	13.371	48.2576	47.3942	1.0182	0.9606	1.0015	1.1449
galen	LP	gesvd	1000	2026-10-05	c91b3c95	13.371	278.824	161.003	1.7318	0.9190	1.0016	1.0581
galen	LP	gesvd	1024	2026-10-05	c91b3c95	13.371	313.677	192.279	1.6314	1.2119	1.0022	1.1802
galen	LP	gesvd	2048	2026-10-05	c91b3c95	13.371	2325.29	830.818	2.7988	1.4820	1.0103	1.0310
galen	LP	syev	8	2026-10-05	c91b3c95	13.371	2.09603	2.09311	1.0014	1.5084	1.0661	1.0663
galen	LP	syev	32	2026-10-05	c91b3c95	13.371	26.4835	26.487	0.9999	1.4389	1.0003	1.0005
galen	LP	syev	50	2026-10-05	c91b3c95	13.371	19.4125	19.4473	0.9982	1.6177	1.0009	1.0008
galen	LP	syev	100	2026-10-05	c91b3c95	13.371	9.84234	9.84571	0.9997	1.4848	1.0010	1.0010
galen	LP	syev	128	2026-10-05	c91b3c95	13.371	7.7855	7.78857	0.9996	1.3647	1.0015	1.0015
galen	LP	syev	256	2026-10-05	c91b3c95	13.371	4.21605	4.04033	1.0435	1.1269	1.0022	1.0251
galen	LP	syev	512	2026-10-05	c91b3c95	13.371	26.3126	19.3245	1.3616	1.0360	1.0040	1.1323
galen	LP	syev	1000	2026-10-05	c91b3c95	13.371	127.301	88.0793	1.4453	0.7308	1.0024	1.0563
galen	LP	syev	1024	2026-10-05	c91b3c95	13.371	153.874	114.365	1.3455	0.7734	1.0031	1.1115
galen	LP	syev	2048	2026-10-05	c91b3c95	13.371	1023.72	446.772	2.2914	1.1120	1.0115	1.0706
galen	LP	syevN	8	2026-10-05	c91b3c95	13.371	1.32345	1.32363	0.9999	1.3434	1.0010	1.0022
galen	LP	syevN	32	2026-10-05	c91b3c95	13.371	15.0955	15.0978	0.9999	1.1820	1.0005	1.0004
galen	LP	syevN	50	2026-10-05	c91b3c95	13.371	11.6587	11.6749	0.9986	1.1674	1.0009	1.0003
galen	LP	syevN	100	2026-10-05	c91b3c95	13.371	5.62524	5.62998	0.9992	1.1345	1.0015	1.0015
galen	LP	syevN	128	2026-10-05	c91b3c95	13.371	4.12735	4.12625	1.0003	1.1067	1.0010	1.0017
galen	LP	syevN	256	2026-10-05	c91b3c95	13.371	2.0775	2.16728	0.9586	0.9212	1.0071	1.0151
galen	LP	syevN	512	2026-10-05	c91b3c95	13.371	12.8898	10.7994	1.1936	0.7233	1.0026	1.0067
galen	LP	syevN	1000	2026-10-05	c91b3c95	13.371	62.993	42.3282	1.4882	0.7333	1.0015	1.0226
galen	LP	syevN	1024	2026-10-05	c91b3c95	13.371	69.8266	46.7611	1.4933	0.7376	1.0049	1.0015
galen	LP	syevN	2048	2026-10-05	c91b3c95	13.371	435.645	226.1	1.9268	0.7597	1.0053	1.0097
galen	LP	gtsv	256	2026-10-05	c91b3c95	13.371	0.00278	0.00278	1.0000	1.3022	1.0000	1.0000
galen	LP	gtsv	1024	2026-10-05	c91b3c95	13.371	0.011021	0.011021	1.0000	1.3012	1.0011	1.0027
galen	LP	gtsv	4096	2026-10-05	c91b3c95	13.371	0.044194	0.044205	0.9998	1.2956	1.0027	1.0023
galen	LP	gtsv	16384	2026-10-05	c91b3c95	13.371	0.17668	0.176723	0.9998	1.2986	1.0019	1.0248
galen	LP	gtsv	65536	2026-10-05	c91b3c95	13.371	0.766315	0.765509	1.0011	1.2044	1.0037	1.0051
galen	LP	gtsv	262144	2026-10-05	c91b3c95	13.371	3.06637	3.06654	0.9999	1.2028	1.0001	1.0006
galen	LP	gttrf	256	2026-10-05	c91b3c95	13.371	0.00171	0.0017011	1.0052	1.5114	1.0218	1.0307
galen	LP	gttrf	1024	2026-10-05	c91b3c95	13.371	0.00592011	0.00590011	1.0034	1.6144	1.0184	1.0238
galen	LP	gttrf	4096	2026-10-05	c91b3c95	13.371	0.0226131	0.0224821	1.0058	1.6588	1.0120	1.0110
galen	LP	gttrf	16384	2026-10-05	c91b3c95	13.371	0.0893381	0.0892581	1.0009	1.6561	1.0084	1.0041
galen	LP	gttrf	65536	2026-10-05	c91b3c95	13.371	0.356469	0.356565	0.9997	1.6653	1.0007	1.0007
galen	LP	gttrf	262144	2026-10-05	c91b3c95	13.371	1.42901	1.43132	0.9984	1.6617	1.0003	2.2257
galen	LP	gttrs	256	2026-10-05	c91b3c95	13.371	0.00266	0.00266	1.0000	1.0000	1.0038	1.0038
galen	LP	gttrs	1024	2026-10-05	c91b3c95	13.371	0.010511	0.0105101	1.0001	1.0001	1.0010	1.0010
galen	LP	gttrs	4096	2026-10-05	c91b3c95	13.371	0.041903	0.041903	1.0000	1.0005	1.0004	1.0000
galen	LP	gttrs	16384	2026-10-05	c91b3c95	13.371	0.167595	0.167604	0.9999	1.0001	1.0001	1.0002
galen	LP	gttrs	65536	2026-10-05	c91b3c95	13.371	0.674579	0.674797	0.9997	0.9995	1.0007	1.0004
galen	LP	gttrs	262144	2026-10-05	c91b3c95	13.371	2.69487	2.69493	1.0000	0.9996	1.0003	1.0004
galen	LP	pttrf	256	2026-10-05	c91b3c95	13.371	0.00139	0.00139	1.0000	1.1151	1.0000	1.0000
galen	LP	pttrf	1024	2026-10-05	c91b3c95	13.371	0.00549	0.00549	1.0000	1.1113	1.0018	1.0016
galen	LP	pttrf	4096	2026-10-05	c91b3c95	13.371	0.021892	0.021902	0.9995	1.1105	1.0005	1.0005
galen	LP	pttrf	16384	2026-10-05	c91b3c95	13.371	0.0875881	0.087587	1.0000	1.1098	1.0002	1.0002
galen	LP	pttrf	65536	2026-10-05	c91b3c95	13.371	0.35035	0.35033	1.0001	1.1101	1.0002	1.0001
galen	LP	pttrf	262144	2026-10-05	c91b3c95	13.371	1.40604	1.40591	1.0001	1.1122	1.0005	1.0000
galen	LP	pttrs	256	2026-10-05	c91b3c95	13.371	0.271353	0.271693	0.9987	0.9737	1.0050	1.0015
galen	LP	pttrs	1024	2026-10-05	c91b3c95	13.371	0.0652972	0.065295	1.0000	0.9994	1.0011	1.0011
galen	LP	pttrs	4096	2026-10-05	c91b3c95	13.371	0.013681	0.013681	1.0000	1.0022	1.0000	1.0015
galen	LP	pttrs	16384	2026-10-05	c91b3c95	13.371	0.054584	0.054594	0.9998	1.0038	1.0013	1.0014
galen	LP	pttrs	65536	2026-10-05	c91b3c95	13.371	0.218319	0.218372	0.9998	1.0038	1.0004	1.0004
galen	LP	pttrs	262144	2026-10-05	c91b3c95	13.371	0.877252	0.877292	1.0000	1.0042	1.0005	1.0002
galen	LP	ptsv	256	2026-10-05	c91b3c95	13.371	0.00226	0.00226	1.0000	1.0487	1.0044	1.0004
galen	LP	ptsv	1024	2026-10-05	c91b3c95	13.371	0.008901	0.008901	1.0000	1.0640	1.0010	1.0012
galen	LP	ptsv	4096	2026-10-05	c91b3c95	13.371	0.035533	0.035533	1.0000	1.0684	1.0003	1.0005
galen	LP	ptsv	16384	2026-10-05	c91b3c95	13.371	0.142143	0.142153	0.9999	1.0693	1.0004	1.0001
galen	LP	ptsv	65536	2026-10-05	c91b3c95	13.371	0.572628	0.57249	1.0002	1.0697	1.0007	1.0013
galen	LP	ptsv	262144	2026-10-05	c91b3c95	13.371	2.28319	2.28335	0.9999	1.0694	1.0003	1.0002
galen	LP	pbtrfL	16	2026-10-05	c91b3c95	13.371	0.300974	0.300694	1.0009	1.4535	1.0043	1.0035
galen	LP	pbtrfL	32	2026-10-05	c91b3c95	13.371	0.67506	0.674956	1.0002	1.3971	1.0013	1.0009
galen	LP	pbtrfL	64	2026-10-05	c91b3c95	13.371	1.2138	1.21456	0.9994	1.8663	1.0034	1.0022
galen	LP	pbtrfL	96	2026-10-05	c91b3c95	13.371	1.83597	1.83642	0.9998	1.1549	1.0007	1.0007
galen	LP	pbtrfL	128	2026-10-05	c91b3c95	13.371	2.67702	2.6779	0.9997	0.9512	1.0007	1.0007
galen	LP	pbtrfL	192	2026-10-05	c91b3c95	13.371	4.84924	4.84898	1.0001	0.6326	1.0004	1.0007
galen	LP	pbtrfL	256	2026-10-05	c91b3c95	13.371	7.71852	8.02703	0.9616	0.5499	1.0006	1.0027
galen	LP	pbtrfL	384	2026-10-05	c91b3c95	13.371	14.7025	10.6772	1.3770	0.5598	1.0006	1.0221
galen	LP	pbtrfU	16	2026-10-05	c91b3c95	13.371	0.35841	0.358486	0.9998	1.7135	1.0031	1.0034
galen	LP	pbtrfU	32	2026-10-05	c91b3c95	13.371	0.996072	0.995711	1.0004	1.4150	1.0006	1.0010
galen	LP	pbtrfU	64	2026-10-05	c91b3c95	13.371	1.46118	1.46182	0.9996	2.9789	1.0010	1.0004
galen	LP	pbtrfU	96	2026-10-05	c91b3c95	13.371	2.15345	2.15366	0.9999	1.0337	1.0006	1.0009
galen	LP	pbtrfU	128	2026-10-05	c91b3c95	13.371	3.87952	3.87959	1.0000	0.7903	1.0015	1.0012
galen	LP	pbtrfU	192	2026-10-05	c91b3c95	13.371	5.30226	5.30299	0.9999	0.6599	1.0004	1.0006
galen	LP	pbtrfU	256	2026-10-05	c91b3c95	13.371	8.16242	9.41513	0.8669	0.5157	1.0005	1.0044
galen	LP	pbtrfU	384	2026-10-05	c91b3c95	13.371	15.4891	18.4672	0.8387	0.3254	1.0007	1.0867
galen	LP	pptrfL	8	2026-10-05	c91b3c95	13.371	0.10861	0.108965	0.9967	1.2638	1.0856	1.1038
galen	LP	pptrfL	32	2026-10-05	c91b3c95	13.371	0.921672	0.922048	0.9996	1.4771	1.0015	1.0016
galen	LP	pptrfL	50	2026-10-05	c91b3c95	13.371	0.704284	0.704626	0.9995	1.6556	1.0015	1.0024
galen	LP	pptrfL	100	2026-10-05	c91b3c95	13.371	0.349991	0.349987	1.0000	2.3190	1.0213	1.0216
galen	LP	pptrfL	128	2026-10-05	c91b3c95	13.371	0.266701	0.266524	1.0007	2.4511	1.0030	1.0039
galen	LP	pptrfL	256	2026-10-05	c91b3c95	13.371	0.162548	0.141238	1.1509	1.7746	1.0136	1.0079
galen	LP	pptrfL	512	2026-10-05	c91b3c95	13.371	1.07509	0.683744	1.5724	1.5742	1.0027	1.0084
galen	LP	pptrfL	1000	2026-10-05	c91b3c95	13.371	7.63346	5.25589	1.4524	1.1329	1.0011	1.0965
galen	LP	pptrfL	1024	2026-10-05	c91b3c95	13.371	7.74836	5.36236	1.4450	1.1824	1.0010	1.1819
galen	LP	pptrfL	2048	2026-10-05	c91b3c95	13.371	58.5006	16.1108	3.6312	2.8041	1.0016	1.0415
galen	LP	pptrfU	8	2026-10-05	c91b3c95	13.371	0.0935882	0.0936214	0.9996	2.2274	1.1111	1.1123
galen	LP	pptrfU	32	2026-10-05	c91b3c95	13.371	1.2283	1.22795	1.0003	2.2894	1.0021	1.0009
galen	LP	pptrfU	50	2026-10-05	c91b3c95	13.371	0.928059	0.928212	0.9998	2.3926	1.0006	1.0012
galen	LP	pptrfU	100	2026-10-05	c91b3c95	13.371	0.436766	0.436984	0.9995	2.8500	1.0167	1.0192
galen	LP	pptrfU	128	2026-10-05	c91b3c95	13.371	0.333596	0.333618	0.9999	2.9358	1.0033	1.0025
galen	LP	pptrfU	256	2026-10-05	c91b3c95	13.371	0.190348	0.169496	1.1230	3.3411	1.0080	1.0271
galen	LP	pptrfU	512	2026-10-05	c91b3c95	13.371	1.14289	0.762398	1.4991	4.6853	1.0010	1.1002
galen	LP	pptrfU	1000	2026-10-05	c91b3c95	13.371	7.58588	5.37389	1.4116	4.4417	1.0008	1.0956
galen	LP	pptrfU	1024	2026-10-05	c91b3c95	13.371	7.94511	5.53994	1.4342	4.6142	1.0011	1.0985
galen	LP	pptrfU	2048	2026-10-05	c91b3c95	13.371	59.2085	15.9714	3.7072	12.1820	1.0009	1.0450
galen	CL1	zaxpy	1000	2026-10-05	c91b3c95	16.381	1.77536	1.78013	0.9973	1.0837	1.0053	1.0058
galen	CL1	zaxpy	3000	2026-10-05	c91b3c95	16.381	2.21131	2.2092	1.0010	1.0231	1.0044	1.0025
galen	CL1	zaxpy	10000	2026-10-05	c91b3c95	16.381	2.26726	2.27766	0.9954	0.9931	1.0105	1.0098
galen	CL1	zaxpy	30000	2026-10-05	c91b3c95	16.381	2.46272	2.46323	0.9998	0.2149	1.0055	1.0020
galen	CL1	zaxpy	100000	2026-10-05	c91b3c95	16.381	2.52075	2.52116	0.9998	0.2339	1.0396	1.0064
galen	CL1	zaxpy	300000	2026-10-05	c91b3c95	16.381	2.94626	2.95634	0.9966	0.2954	1.0418	1.0237
galen	CL1	zaxpy	1000000	2026-10-05	c91b3c95	16.381	16.2287	16.1769	1.0032	0.4355	1.0150	1.0083
galen	CL1	zdotc	1000	2026-10-05	c91b3c95	16.381	1.46811	1.44508	1.0159	1.1303	1.0229	1.0259
galen	CL1	zdotc	3000	2026-10-05	c91b3c95	16.381	2.21163	2.21226	0.9997	1.0160	1.0030	1.0024
galen	CL1	zdotc	10000	2026-10-05	c91b3c95	16.381	2.24317	2.24343	0.9999	0.6138	1.0033	1.0068
galen	CL1	zdotc	30000	2026-10-05	c91b3c95	16.381	2.46399	2.46377	1.0001	0.2091	1.0032	1.0016
galen	CL1	zdotc	100000	2026-10-05	c91b3c95	16.381	2.49829	2.49818	1.0000	0.2069	1.0025	1.0029
galen	CL1	zdotc	300000	2026-10-05	c91b3c95	16.381	2.97931	3.00795	0.9905	0.2881	1.0719	1.0537
galen	CL1	zdotc	1000000	2026-10-05	c91b3c95	16.381	15.2955	15.2748	1.0014	0.3375	1.0121	1.0053
galen	CL1	zscal	1000	2026-10-05	c91b3c95	16.381	1.09342	1.09342	1.0000	1.4346	1.0003	1.0004
galen	CL1	zscal	3000	2026-10-05	c91b3c95	16.381	1.30526	1.3057	0.9997	1.2894	1.0011	1.0009
galen	CL1	zscal	10000	2026-10-05	c91b3c95	16.381	1.31499	1.31462	1.0003	1.2752	1.0009	1.0011
galen	CL1	zscal	30000	2026-10-05	c91b3c95	16.381	1.48848	1.48902	0.9996	1.2212	1.0039	1.0009
galen	CL1	zscal	100000	2026-10-05	c91b3c95	16.381	1.67327	1.67271	1.0003	1.2266	1.0111	1.0088
galen	CL1	zscal	300000	2026-10-05	c91b3c95	16.381	1.92904	1.95541	0.9865	1.1679	1.0485	1.0246
galen	CL1	zscal	1000000	2026-10-05	c91b3c95	16.381	7.08429	7.09468	0.9985	1.2260	1.0368	1.0225
galen	CL1	zscalc	1000	2026-10-05	c91b3c95	16.381	1.35607	1.35612	1.0000	1.1204	1.0180	1.0153
galen	CL1	zscalc	3000	2026-10-05	c91b3c95	16.381	1.59876	1.59731	1.0009	1.0526	1.0111	1.0086
galen	CL1	zscalc	10000	2026-10-05	c91b3c95	16.381	1.60402	1.60331	1.0004	1.0420	1.0077	1.0015
galen	CL1	zscalc	30000	2026-10-05	c91b3c95	16.381	1.72272	1.72103	1.0010	1.0578	1.0118	1.0073
galen	CL1	zscalc	100000	2026-10-05	c91b3c95	16.381	1.90321	1.90254	1.0004	1.0782	1.0051	1.0043
galen	CL1	zscalc	300000	2026-10-05	c91b3c95	16.381	2.18913	2.18663	1.0011	1.0458	1.0229	1.0227
galen	CL1	zscalc	1000000	2026-10-05	c91b3c95	16.381	7.70013	7.71626	0.9979	1.1277	1.0120	1.0070
galen	CL1	dznrm2	1000	2026-10-05	c91b3c95	16.381	1.08785	1.08787	1.0000	2.9404	1.0043	1.0043
galen	CL1	dznrm2	3000	2026-10-05	c91b3c95	16.381	1.10335	1.10312	1.0002	3.5733	1.0013	1.0011
galen	CL1	dznrm2	10000	2026-10-05	c91b3c95	16.381	1.09784	1.09795	0.9999	1.3288	1.0005	1.0004
galen	CL1	dznrm2	30000	2026-10-05	c91b3c95	16.381	1.23605	1.23324	1.0023	0.6465	1.0080	1.0043
galen	CL1	dznrm2	100000	2026-10-05	c91b3c95	16.381	1.39849	1.39835	1.0001	0.4221	1.0065	1.0067
galen	CL1	dznrm2	300000	2026-10-05	c91b3c95	16.381	1.61556	1.61557	1.0000	0.4106	1.0356	1.0711
galen	CL1	dznrm2	1000000	2026-10-05	c91b3c95	16.381	5.84429	5.88549	0.9930	0.5837	1.0289	1.0282
galen	CL1	dzasum	1000	2026-10-05	c91b3c95	16.381	0.663626	0.663758	0.9998	2.5423	1.0056	1.0046
galen	CL1	dzasum	3000	2026-10-05	c91b3c95	16.381	1.09649	1.09642	1.0001	1.5932	1.0003	1.0003
galen	CL1	dzasum	10000	2026-10-05	c91b3c95	16.381	1.09579	1.09572	1.0001	1.5702	1.0014	1.0004
galen	CL1	dzasum	30000	2026-10-05	c91b3c95	16.381	1.24276	1.24214	1.0005	1.4463	1.0116	1.0115
galen	CL1	dzasum	100000	2026-10-05	c91b3c95	16.381	1.3946	1.39495	0.9997	1.3265	1.0025	1.0027
galen	CL1	dzasum	300000	2026-10-05	c91b3c95	16.381	1.60964	1.6067	1.0018	1.3404	1.0661	1.0966
galen	CL1	dzasum	1000000	2026-10-05	c91b3c95	16.381	5.91332	5.94548	0.9946	1.2748	1.0196	1.0159
galen	CL1	zdotu	1000	2026-10-05	c91b3c95	16.381	1.46963	1.45886	1.0074	1.1191	1.0278	1.0295
galen	CL1	zdotu	3000	2026-10-05	c91b3c95	16.381	2.21362	2.21417	0.9998	1.0104	1.0024	1.0022
galen	CL1	zdotu	10000	2026-10-05	c91b3c95	16.381	2.24473	2.24493	0.9999	0.6149	1.0028	1.0047
galen	CL1	zdotu	30000	2026-10-05	c91b3c95	16.381	2.46232	2.46308	0.9997	0.2077	1.0028	1.0039
galen	CL1	zdotu	100000	2026-10-05	c91b3c95	16.381	2.50271	2.50311	0.9998	0.2080	1.0233	1.0043
galen	CL1	zdotu	300000	2026-10-05	c91b3c95	16.381	2.97857	2.9796	0.9997	0.2870	1.0281	1.0211
galen	CL1	zdotu	1000000	2026-10-05	c91b3c95	16.381	15.0816	15.0714	1.0007	0.3415	1.0178	1.0097
galen	CL1	izamax	1000	2026-10-05	c91b3c95	16.381	3.3373	3.33662	1.0002	1.0983	1.0037	1.0040
galen	CL1	izamax	3000	2026-10-05	c91b3c95	16.381	3.25895	3.25952	0.9998	1.1083	1.0028	1.0042
galen	CL1	izamax	10000	2026-10-05	c91b3c95	16.381	3.20779	3.20686	1.0003	1.0472	1.0026	1.0011
galen	CL1	izamax	30000	2026-10-05	c91b3c95	16.381	3.26263	3.26498	0.9993	1.0677	1.0079	1.0089
galen	CL1	izamax	100000	2026-10-05	c91b3c95	16.381	3.30162	3.3019	0.9999	1.0712	1.0113	1.0100
galen	CL1	izamax	300000	2026-10-05	c91b3c95	16.381	3.71695	3.71591	1.0003	1.0471	1.0036	1.0045
galen	CL1	izamax	1000000	2026-10-05	c91b3c95	16.381	12.8826	12.8905	0.9994	1.1185	1.0104	1.0054
galen	CL2	zgemvN	50	2026-10-05	c91b3c95	13.251	11.0039	10.9926	1.0010	1.0926	1.0070	1.0055
galen	CL2	zgemvN	64	2026-10-05	c91b3c95	13.251	15.2427	15.2418	1.0001	1.1855	1.0045	1.0045
galen	CL2	zgemvN	100	2026-10-05	c91b3c95	13.251	35.2733	35.2724	1.0000	0.6446	1.0111	1.0064
galen	CL2	zgemvN	128	2026-10-05	c91b3c95	13.251	59.0868	60.8621	0.9708	0.4826	1.0938	1.1651
galen	CL2	zgemvN	256	2026-10-05	c91b3c95	13.251	89.2845	89.5236	0.9973	0.2958	1.0899	1.0863
galen	CL2	zgemvN	512	2026-10-05	c91b3c95	13.251	85.1291	85.2122	0.9990	0.3449	1.0114	1.0067
galen	CL2	zgemvN	1000	2026-10-05	c91b3c95	13.251	81.5969	81.7853	0.9977	0.3201	1.0033	1.0018
galen	CL2	zgemvN	1024	2026-10-05	c91b3c95	13.251	82.4119	82.6535	0.9971	0.3349	1.0177	1.0069
galen	CL2	zgemvN	2048	2026-10-05	c91b3c95	13.251	127.914	128.72	0.9937	0.8196	1.0226	1.0123
galen	CL2	zgemvN	2100	2026-10-05	c91b3c95	13.251	124.65	125.018	0.9971	0.8552	1.0280	1.0191
galen	CL2	zgemvN	4096	2026-10-05	c91b3c95	13.251	216.376	216.443	0.9997	0.9692	1.0061	1.0078
galen	CL2	zgemvT	50	2026-10-05	c91b3c95	13.251	10.1163	10.1172	0.9999	1.1850	1.0016	1.0023
galen	CL2	zgemvT	64	2026-10-05	c91b3c95	13.251	15.1802	15.1897	0.9994	0.8995	1.0026	1.0054
galen	CL2	zgemvT	100	2026-10-05	c91b3c95	13.251	34.6547	34.3925	1.0076	0.5633	1.0212	1.0218
galen	CL2	zgemvT	128	2026-10-05	c91b3c95	13.251	59.1659	58.3255	1.0144	0.4285	1.1024	1.0256
galen	CL2	zgemvT	256	2026-10-05	c91b3c95	13.251	84.4758	83.9936	1.0057	0.2256	1.0749	1.0649
galen	CL2	zgemvT	512	2026-10-05	c91b3c95	13.251	82.889	83.1964	0.9963	0.2083	1.0250	1.0195
galen	CL2	zgemvT	1000	2026-10-05	c91b3c95	13.251	81.128	80.5639	1.0070	0.2021	1.0056	1.0080
galen	CL2	zgemvT	1024	2026-10-05	c91b3c95	13.251	82.2787	81.4537	1.0101	0.2106	1.0170	1.0129
galen	CL2	zgemvT	2048	2026-10-05	c91b3c95	13.251	132.566	132.564	1.0000	0.7456	1.0097	1.0055
galen	CL2	zgemvT	2100	2026-10-05	c91b3c95	13.251	132.227	132.292	0.9995	0.7654	1.0070	1.0099
galen	CL2	zgemvT	4096	2026-10-05	c91b3c95	13.251	211.499	211.154	1.0016	0.9922	1.0072	1.0062
galen	CL2	zgemvC	50	2026-10-05	c91b3c95	13.251	10.0813	10.0792	1.0002	1.2759	1.0035	1.0012
galen	CL2	zgemvC	64	2026-10-05	c91b3c95	13.251	15.1894	15.1698	1.0013	0.9223	1.0027	1.0037
galen	CL2	zgemvC	100	2026-10-05	c91b3c95	13.251	34.2712	34.3189	0.9986	0.5812	1.0354	1.0407
galen	CL2	zgemvC	128	2026-10-05	c91b3c95	13.251	62.2358	58.9319	1.0561	0.4270	1.1049	1.0802
galen	CL2	zgemvC	256	2026-10-05	c91b3c95	13.251	84.5707	85.604	0.9879	0.2234	1.1066	1.0671
galen	CL2	zgemvC	512	2026-10-05	c91b3c95	13.251	82.5928	82.5634	1.0004	0.2132	1.0160	1.0050
galen	CL2	zgemvC	1000	2026-10-05	c91b3c95	13.251	80.0895	80.2132	0.9985	0.2032	1.0052	1.0049
galen	CL2	zgemvC	1024	2026-10-05	c91b3c95	13.251	81.2753	80.8535	1.0052	0.2051	1.0107	1.0104
galen	CL2	zgemvC	2048	2026-10-05	c91b3c95	13.251	131.746	131.811	0.9995	0.7482	1.0118	1.0085
galen	CL2	zgemvC	2100	2026-10-05	c91b3c95	13.251	132.166	132.155	1.0001	0.7672	1.0154	1.0130
galen	CL2	zgemvC	4096	2026-10-05	c91b3c95	13.251	211.644	211.533	1.0005	0.9872	1.0091	1.0096
galen	CL2	zgeru	50	2026-10-05	c91b3c95	13.251	16.691	16.7315	0.9976	1.2570	1.0072	1.0073
galen	CL2	zgeru	64	2026-10-05	c91b3c95	13.251	26.1497	26.259	0.9958	1.2524	1.0095	1.0101
galen	CL2	zgeru	100	2026-10-05	c91b3c95	13.251	61.3569	61.4718	0.9981	0.3401	1.0119	1.0081
galen	CL2	zgeru	128	2026-10-05	c91b3c95	13.251	95.5114	95.1273	1.0040	0.2964	1.0518	1.0400
galen	CL2	zgeru	256	2026-10-05	c91b3c95	13.251	115.077	114.932	1.0013	0.1894	1.0568	1.0654
galen	CL2	zgeru	512	2026-10-05	c91b3c95	13.251	115.788	114.092	1.0149	0.1791	1.0148	1.0274
galen	CL2	zgeru	1000	2026-10-05	c91b3c95	13.251	115.676	115.769	0.9992	0.1744	1.0095	1.0078
galen	CL2	zgeru	1024	2026-10-05	c91b3c95	13.251	103.98	102.901	1.0105	0.1955	1.0309	1.0308
galen	CL2	zgeru	2048	2026-10-05	c91b3c95	13.251	235.205	234.669	1.0023	0.8164	1.0076	1.0086
galen	CL2	zgeru	2100	2026-10-05	c91b3c95	13.251	242.01	242.073	0.9997	0.8151	1.0096	1.0077
galen	CL2	zgeru	4096	2026-10-05	c91b3c95	13.251	386.195	385.474	1.0019	0.9808	1.0071	1.0088
galen	CL2	zhemv	50	2026-10-05	c91b3c95	13.251	21.4051	21.4035	1.0001	1.1074	1.0022	1.0039
galen	CL2	zhemv	64	2026-10-05	c91b3c95	13.251	30.517	30.4889	1.0009	1.2286	1.0052	1.0042
galen	CL2	zhemv	100	2026-10-05	c91b3c95	13.251	60.0054	59.8905	1.0019	1.3067	1.0089	1.0078
galen	CL2	zhemv	128	2026-10-05	c91b3c95	13.251	89.4259	88.8325	1.0067	1.2672	1.0891	1.0080
galen	CL2	zhemv	256	2026-10-05	c91b3c95	13.251	100.684	101.504	0.9919	1.0867	1.0356	1.0464
galen	CL2	zhemv	512	2026-10-05	c91b3c95	13.251	87.9893	87.3414	1.0074	0.4041	1.0199	1.0166
galen	CL2	zhemv	1000	2026-10-05	c91b3c95	13.251	80.4605	80.4457	1.0002	0.3962	1.0005	1.0008
galen	CL2	zhemv	1024	2026-10-05	c91b3c95	13.251	80.9666	81.1582	0.9976	0.3967	1.0083	1.0308
galen	CL2	zhemv	2048	2026-10-05	c91b3c95	13.251	92.0666	92.1823	0.9987	0.3982	1.0229	1.0139
galen	CL2	zhemv	2100	2026-10-05	c91b3c95	13.251	94.3225	94.0628	1.0028	0.4023	1.0115	1.0109
galen	CL2	zhemv	4096	2026-10-05	c91b3c95	13.251	128.618	127.895	1.0057	0.7229	1.0287	1.0427
galen	CL2	ztrmv	50	2026-10-05	c91b3c95	13.251	10.5891	10.5828	1.0006	1.5488	1.0282	1.0095
galen	CL2	ztrmv	64	2026-10-05	c91b3c95	13.251	15.1981	15.19	1.0005	1.5636	1.0180	1.0087
galen	CL2	ztrmv	100	2026-10-05	c91b3c95	13.251	31.1875	31.088	1.0032	1.3438	1.0205	1.0112
galen	CL2	ztrmv	128	2026-10-05	c91b3c95	13.251	47.6526	47.5486	1.0022	0.6608	1.0263	1.0250
galen	CL2	ztrmv	256	2026-10-05	c91b3c95	13.251	72.6938	74.4388	0.9766	0.2589	1.0635	1.0545
galen	CL2	ztrmv	512	2026-10-05	c91b3c95	13.251	55.7096	55.9195	0.9962	0.2537	1.0241	1.0228
galen	CL2	ztrmv	1000	2026-10-05	c91b3c95	13.251	48.8705	48.9105	0.9992	0.2745	1.0038	1.0031
galen	CL2	ztrmv	1024	2026-10-05	c91b3c95	13.251	49.4405	49.3125	1.0026	0.2562	1.0127	1.0074
galen	CL2	ztrmv	2048	2026-10-05	c91b3c95	13.251	61.6661	61.7351	0.9989	0.3621	1.0063	1.0057
galen	CL2	ztrmv	2100	2026-10-05	c91b3c95	13.251	63.0684	63.0629	1.0001	0.4087	1.0129	1.0078
galen	CL2	ztrmv	4096	2026-10-05	c91b3c95	13.251	107.885	107.906	0.9998	0.8551	1.0081	1.0110
galen	CL2	ztrsv	50	2026-10-05	c91b3c95	13.251	16.2312	16.2359	0.9997	1.3930	1.0023	1.0052
galen	CL2	ztrsv	64	2026-10-05	c91b3c95	13.251	22.5336	22.5251	1.0004	1.4214	1.0027	1.0041
galen	CL2	ztrsv	100	2026-10-05	c91b3c95	13.251	44.249	44.3093	0.9986	1.2901	1.0135	1.0254
galen	CL2	ztrsv	128	2026-10-05	c91b3c95	13.251	65.2196	64.941	1.0043	1.2690	1.0196	1.0496
galen	CL2	ztrsv	256	2026-10-05	c91b3c95	13.251	82.7304	82.5125	1.0026	1.0148	1.0339	1.0953
galen	CL2	ztrsv	512	2026-10-05	c91b3c95	13.251	60.2998	59.4786	1.0138	1.1304	1.0301	1.0274
galen	CL2	ztrsv	1000	2026-10-05	c91b3c95	13.251	51.456	51.3699	1.0017	1.0604	1.0036	1.0039
galen	CL2	ztrsv	1024	2026-10-05	c91b3c95	13.251	51.6403	51.594	1.0009	1.1002	1.0159	1.0032
galen	CL2	ztrsv	2048	2026-10-05	c91b3c95	13.251	65.7791	65.6905	1.0013	1.0989	1.0056	1.0126
galen	CL2	ztrsv	2100	2026-10-05	c91b3c95	13.251	67.3516	67.1937	1.0023	1.0837	1.0109	1.0043
galen	CL2	ztrsv	4096	2026-10-05	c91b3c95	13.251	110.644	110.547	1.0009	1.0057	1.0074	1.0079
galen	CL2	zhpmv	50	2026-10-05	c91b3c95	13.251	22.8864	22.9081	0.9991	0.9779	1.0051	1.0070
galen	CL2	zhpmv	64	2026-10-05	c91b3c95	13.251	33.5494	33.5518	0.9999	0.7593	1.0049	1.0127
galen	CL2	zhpmv	100	2026-10-05	c91b3c95	13.251	67.3499	67.3037	1.0007	0.5277	1.0040	1.0121
galen	CL2	zhpmv	128	2026-10-05	c91b3c95	13.251	100.286	100.115	1.0017	0.4545	1.0069	1.0142
galen	CL2	zhpmv	256	2026-10-05	c91b3c95	13.251	100.747	101.434	0.9932	0.2927	1.0271	1.0346
galen	CL2	zhpmv	512	2026-10-05	c91b3c95	13.251	89.1408	89.3151	0.9980	0.2684	1.0146	1.0181
galen	CL2	zhpmv	1000	2026-10-05	c91b3c95	13.251	88.6714	88.3835	1.0033	0.2505	1.0092	1.0068
galen	CL2	zhpmv	1024	2026-10-05	c91b3c95	13.251	88.0643	87.9081	1.0018	0.2593	1.0081	1.0073
galen	CL2	zhpmv	2048	2026-10-05	c91b3c95	13.251	109.984	109.84	1.0013	0.2562	1.0168	1.0182
galen	CL2	zhpmv	2100	2026-10-05	c91b3c95	13.251	113.644	113.486	1.0014	0.2554	1.0143	1.0158
galen	CL2	zhpmv	4096	2026-10-05	c91b3c95	13.251	165.899	165.93	0.9998	0.4719	1.0036	1.0038
galen	CL2	zgbmvN	50	2026-10-05	c91b3c95	13.251	13.4281	13.3602	1.0051	1.3938	1.0338	1.0199
galen	CL2	zgbmvN	64	2026-10-05	c91b3c95	13.251	17.5127	17.5453	0.9981	1.3452	1.0233	1.0358
galen	CL2	zgbmvN	100	2026-10-05	c91b3c95	13.251	28.2857	28.262	1.0008	1.2929	1.0230	1.0339
galen	CL2	zgbmvN	128	2026-10-05	c91b3c95	13.251	37.3572	36.92	1.0118	1.2662	1.0300	1.0386
galen	CL2	zgbmvN	256	2026-10-05	c91b3c95	13.251	22.9834	23.0928	0.9953	1.2440	1.0103	1.0134
galen	CL2	zgbmvN	512	2026-10-05	c91b3c95	13.251	11.6941	11.6409	1.0046	0.4932	1.0121	1.0127
galen	CL2	zgbmvN	1000	2026-10-05	c91b3c95	13.251	6.24934	6.24772	1.0003	0.4543	1.0140	1.0155
galen	CL2	zgbmvN	1024	2026-10-05	c91b3c95	13.251	6.12411	6.13345	0.9985	0.4619	1.0153	1.0103
galen	CL2	zgbmvN	2048	2026-10-05	c91b3c95	13.251	3.05185	3.05146	1.0001	0.4646	1.0035	1.0033
galen	CL2	zgbmvN	2100	2026-10-05	c91b3c95	13.251	2.97845	2.97861	0.9999	0.4644	1.0021	1.0035
galen	CL2	zgbmvN	4096	2026-10-05	c91b3c95	13.251	1.93215	1.93188	1.0001	0.4480	1.0019	1.0022
galen	CL2	zhbmv	50	2026-10-05	c91b3c95	13.251	17.7036	17.7247	0.9988	1.4048	1.0135	1.0130
galen	CL2	zhbmv	64	2026-10-05	c91b3c95	13.251	22.9244	22.932	0.9997	1.3912	1.0097	1.0098
galen	CL2	zhbmv	100	2026-10-05	c91b3c95	13.251	36.579	36.5841	0.9999	1.3644	1.0371	1.0242
galen	CL2	zhbmv	128	2026-10-05	c91b3c95	13.251	47.4856	48.1415	0.9864	1.3350	1.0465	1.0468
galen	CL2	zhbmv	256	2026-10-05	c91b3c95	13.251	29.7074	29.7137	0.9998	1.3346	1.0204	1.0293
galen	CL2	zhbmv	512	2026-10-05	c91b3c95	13.251	14.7569	14.7707	0.9991	1.3390	1.0091	1.0097
galen	CL2	zhbmv	1000	2026-10-05	c91b3c95	13.251	7.59971	7.59609	1.0005	1.3442	1.0065	1.0095
galen	CL2	zhbmv	1024	2026-10-05	c91b3c95	13.251	7.41955	7.42612	0.9991	1.3403	1.0045	1.0061
galen	CL2	zhbmv	2048	2026-10-05	c91b3c95	13.251	3.74216	3.74701	0.9987	1.3464	1.0031	1.0019
galen	CL2	zhbmv	2100	2026-10-05	c91b3c95	13.251	3.64974	3.64959	1.0000	1.3450	1.0015	1.0020
galen	CL2	zhbmv	4096	2026-10-05	c91b3c95	13.251	2.37645	2.37544	1.0004	1.3448	1.0016	1.0011
galen	CL3	zgemm	8	2026-10-05	c91b3c95	13.471	0.0708221	0.0708581	0.9995	2.1470	1.0086	1.0391
galen	CL3	zgemm	32	2026-10-05	c91b3c95	13.471	3.60103	3.6043	0.9991	0.9889	1.0050	1.0048
galen	CL3	zgemm	50	2026-10-05	c91b3c95	13.471	3.51032	3.51089	0.9998	0.3434	1.0015	1.0024
galen	CL3	zgemm	100	2026-10-05	c91b3c95	13.471	2.76553	2.76847	0.9989	0.2494	1.0030	1.0020
galen	CL3	zgemm	128	2026-10-05	c91b3c95	13.471	2.42636	2.42707	0.9997	0.3049	1.0023	1.0024
galen	CL3	zgemm	256	2026-10-05	c91b3c95	13.471	2.00923	2.00929	1.0000	0.2439	1.0022	1.0026
galen	CL3	zgemm	512	2026-10-05	c91b3c95	13.471	15.3492	15.351	0.9999	0.2273	1.0020	1.0010
galen	CL3	zgemm	1000	2026-10-05	c91b3c95	13.471	115.428	115.428	1.0000	0.2196	1.0004	1.0001
galen	CL3	zgemm	1024	2026-10-05	c91b3c95	13.471	123.383	123.387	1.0000	0.2204	1.0044	1.0046
galen	CL3	zgemm	2048	2026-10-05	c91b3c95	13.471	970.133	969.937	1.0002	0.2208	1.0005	1.0008
galen	CL3	zhemm	8	2026-10-05	c91b3c95	13.471	0.128057	0.128001	1.0004	1.1020	1.0103	1.0074
galen	CL3	zhemm	32	2026-10-05	c91b3c95	13.471	4.223	4.23045	0.9982	0.5978	1.0051	1.0049
galen	CL3	zhemm	50	2026-10-05	c91b3c95	13.471	3.82767	3.82867	0.9997	0.4030	1.0051	1.0036
galen	CL3	zhemm	100	2026-10-05	c91b3c95	13.471	2.81021	2.81076	0.9998	0.2967	1.0013	1.0122
galen	CL3	zhemm	128	2026-10-05	c91b3c95	13.471	2.49217	2.49232	0.9999	0.2843	1.0086	1.0018
galen	CL3	zhemm	256	2026-10-05	c91b3c95	13.471	2.0833	2.08366	0.9998	0.2389	1.0010	1.0004
galen	CL3	zhemm	512	2026-10-05	c91b3c95	13.471	15.7337	15.7365	0.9998	0.2216	1.0011	1.0010
galen	CL3	zhemm	1000	2026-10-05	c91b3c95	13.471	115.703	115.686	1.0001	0.2182	1.0003	1.0004
galen	CL3	zhemm	1024	2026-10-05	c91b3c95	13.471	125.199	125.2	1.0000	0.2168	1.0003	1.0006
galen	CL3	zhemm	2048	2026-10-05	c91b3c95	13.471	979.911	979.419	1.0005	0.2183	1.0003	1.0014
galen	CL3	zsymm	8	2026-10-05	c91b3c95	13.471	0.11979	0.119759	1.0003	1.1497	1.0029	1.0016
galen	CL3	zsymm	32	2026-10-05	c91b3c95	13.471	4.12183	4.12412	0.9994	0.5956	1.0066	1.0065
galen	CL3	zsymm	50	2026-10-05	c91b3c95	13.471	3.77483	3.77427	1.0001	0.4049	1.0028	1.0029
galen	CL3	zsymm	100	2026-10-05	c91b3c95	13.471	2.80354	2.80372	0.9999	0.3534	1.0015	1.0017
galen	CL3	zsymm	128	2026-10-05	c91b3c95	13.471	2.49122	2.49034	1.0004	0.2854	1.0010	1.0022
galen	CL3	zsymm	256	2026-10-05	c91b3c95	13.471	2.09163	2.09164	1.0000	0.2347	1.0009	1.0015
galen	CL3	zsymm	512	2026-10-05	c91b3c95	13.471	15.6057	15.6066	0.9999	0.2225	1.0007	1.0009
galen	CL3	zsymm	1000	2026-10-05	c91b3c95	13.471	115.718	115.713	1.0000	0.2182	1.0002	1.0002
galen	CL3	zsymm	1024	2026-10-05	c91b3c95	13.471	125.246	125.242	1.0000	0.2156	1.0005	1.0002
galen	CL3	zsymm	2048	2026-10-05	c91b3c95	13.471	979.385	979.427	1.0000	0.2185	1.0002	1.0011
galen	CL3	zsyrk	8	2026-10-05	c91b3c95	13.471	0.094788	0.0948854	0.9990	1.8518	1.0083	1.0092
galen	CL3	zsyrk	32	2026-10-05	c91b3c95	13.471	2.50918	2.56028	0.9800	0.8350	1.0296	1.0274
galen	CL3	zsyrk	50	2026-10-05	c91b3c95	13.471	2.56099	2.53866	1.0088	0.5161	1.0413	1.0487
galen	CL3	zsyrk	100	2026-10-05	c91b3c95	13.471	1.837	1.83928	0.9988	0.3130	1.0223	1.0120
galen	CL3	zsyrk	128	2026-10-05	c91b3c95	13.471	1.57355	1.57276	1.0005	0.3147	1.0047	1.0032
galen	CL3	zsyrk	256	2026-10-05	c91b3c95	13.471	1.18078	1.18027	1.0004	0.2691	1.0036	1.0018
galen	CL3	zsyrk	512	2026-10-05	c91b3c95	13.471	8.66216	8.65346	1.0010	0.2395	1.0063	1.0039
galen	CL3	zsyrk	1000	2026-10-05	c91b3c95	13.471	63.8273	63.8325	0.9999	0.2106	1.0003	1.0006
galen	CL3	zsyrk	1024	2026-10-05	c91b3c95	13.471	68.6788	68.6709	1.0001	0.2174	1.0019	1.0013
galen	CL3	zsyrk	2048	2026-10-05	c91b3c95	13.471	562.639	562.138	1.0009	0.1989	1.0036	1.0042
galen	CL3	zherk	8	2026-10-05	c91b3c95	13.471	0.0974663	0.097305	1.0017	1.7249	1.0183	1.0089
galen	CL3	zherk	32	2026-10-05	c91b3c95	13.471	2.52238	2.56275	0.9842	1.1720	1.0293	1.0382
galen	CL3	zherk	50	2026-10-05	c91b3c95	13.471	2.54259	2.54374	0.9995	0.5162	1.0391	1.0492
galen	CL3	zherk	100	2026-10-05	c91b3c95	13.471	1.8376	1.83718	1.0002	0.4760	1.0083	1.0047
galen	CL3	zherk	128	2026-10-05	c91b3c95	13.471	1.57282	1.57242	1.0003	0.3783	1.0036	1.0028
galen	CL3	zherk	256	2026-10-05	c91b3c95	13.471	1.18127	1.18089	1.0003	0.2938	1.0014	1.0014
galen	CL3	zherk	512	2026-10-05	c91b3c95	13.471	8.68038	8.68003	1.0000	0.2532	1.0053	1.0041
galen	CL3	zherk	1000	2026-10-05	c91b3c95	13.471	63.7915	63.7872	1.0001	0.2194	1.0006	1.0005
galen	CL3	zherk	1024	2026-10-05	c91b3c95	13.471	68.6694	68.6646	1.0001	0.2217	1.0013	1.0017
galen	CL3	zherk	2048	2026-10-05	c91b3c95	13.471	561.373	562.019	0.9988	0.2005	1.0036	1.0030
galen	CL3	zher2k	8	2026-10-05	c91b3c95	13.471	0.183174	0.183231	0.9997	1.2874	1.0133	1.0118
galen	CL3	zher2k	32	2026-10-05	c91b3c95	13.471	4.6151	4.60533	1.0021	0.5520	1.0119	1.0135
galen	CL3	zher2k	50	2026-10-05	c91b3c95	13.471	4.75291	4.7491	1.0008	0.4069	1.0046	1.0065
galen	CL3	zher2k	100	2026-10-05	c91b3c95	13.471	3.4957	3.50025	0.9987	0.3307	1.0075	1.0107
galen	CL3	zher2k	128	2026-10-05	c91b3c95	13.471	3.36011	3.36072	0.9998	0.2670	1.0025	1.0028
galen	CL3	zher2k	256	2026-10-05	c91b3c95	13.471	2.35637	2.35715	0.9997	0.2537	1.0030	1.0017
galen	CL3	zher2k	512	2026-10-05	c91b3c95	13.471	17.321	17.3253	0.9998	0.2283	1.0024	1.0030
galen	CL3	zher2k	1000	2026-10-05	c91b3c95	13.471	128.505	128.466	1.0003	0.2105	1.0031	1.0018
galen	CL3	zher2k	1024	2026-10-05	c91b3c95	13.471	138.161	138.265	0.9993	0.2113	1.0067	1.0058
galen	CL3	zher2k	2048	2026-10-05	c91b3c95	13.471	1117.98	1118.16	0.9998	0.1973	1.0058	1.0087
galen	CL3	zsyr2k	8	2026-10-05	c91b3c95	13.471	0.165557	0.165242	1.0019	1.4020	1.0339	1.0082
galen	CL3	zsyr2k	32	2026-10-05	c91b3c95	13.471	4.67906	4.67568	1.0007	0.5461	1.0101	1.0088
galen	CL3	zsyr2k	50	2026-10-05	c91b3c95	13.471	4.83182	4.83832	0.9987	0.3996	1.0023	1.0077
galen	CL3	zsyr2k	100	2026-10-05	c91b3c95	13.471	3.60512	3.59379	1.0032	0.3200	1.0115	1.0069
galen	CL3	zsyr2k	128	2026-10-05	c91b3c95	13.471	3.37185	3.37041	1.0004	0.2642	1.0031	1.0030
galen	CL3	zsyr2k	256	2026-10-05	c91b3c95	13.471	2.35327	2.35405	0.9997	0.2491	1.0019	1.0012
galen	CL3	zsyr2k	512	2026-10-05	c91b3c95	13.471	17.3238	17.3255	0.9999	0.2271	1.0033	1.0043
galen	CL3	zsyr2k	1000	2026-10-05	c91b3c95	13.471	128.039	128.086	0.9996	0.2098	1.0037	1.0029
galen	CL3	zsyr2k	1024	2026-10-05	c91b3c95	13.471	138.748	138.777	0.9998	0.2104	1.0016	1.0015
galen	CL3	zsyr2k	2048	2026-10-05	c91b3c95	13.471	1119.34	1117.9	1.0013	0.1985	1.0030	1.0066
galen	CL3	ztrmm	8	2026-10-05	c91b3c95	13.471	0.0853444	0.0851357	1.0025	1.5043	1.0175	1.0181
galen	CL3	ztrmm	32	2026-10-05	c91b3c95	13.471	2.59035	2.60279	0.9952	0.5536	1.0237	1.0341
galen	CL3	ztrmm	50	2026-10-05	c91b3c95	13.471	2.86923	2.86167	1.0026	0.3544	1.0300	1.0360
galen	CL3	ztrmm	100	2026-10-05	c91b3c95	13.471	1.95937	1.96016	0.9996	0.2679	1.0038	1.0037
galen	CL3	ztrmm	128	2026-10-05	c91b3c95	13.471	1.73535	1.73534	1.0000	0.2540	1.0027	1.0048
galen	CL3	ztrmm	256	2026-10-05	c91b3c95	13.471	1.29037	1.28962	1.0006	0.2272	1.0038	1.0016
galen	CL3	ztrmm	512	2026-10-05	c91b3c95	13.471	9.17304	9.16792	1.0006	0.2162	1.0014	1.0012
galen	CL3	ztrmm	1000	2026-10-05	c91b3c95	13.471	64.6504	64.6527	1.0000	0.2104	1.0005	1.0006
galen	CL3	ztrmm	1024	2026-10-05	c91b3c95	13.471	68.8612	68.8501	1.0002	0.2122	1.0007	1.0007
galen	CL3	ztrmm	2048	2026-10-05	c91b3c95	13.471	532.211	532.121	1.0002	0.2065	1.0009	1.0015
galen	CL3	ztrsm	8	2026-10-05	c91b3c95	13.471	0.105526	0.105815	0.9973	1.9897	1.0103	1.0045
galen	CL3	ztrsm	32	2026-10-05	c91b3c95	13.471	2.68661	2.68593	1.0003	0.7117	1.0399	1.0367
galen	CL3	ztrsm	50	2026-10-05	c91b3c95	13.471	2.83783	2.8364	1.0005	0.4784	1.0380	1.0324
galen	CL3	ztrsm	100	2026-10-05	c91b3c95	13.471	1.7748	1.77094	1.0022	0.3886	1.0044	1.0043
galen	CL3	ztrsm	128	2026-10-05	c91b3c95	13.471	1.64196	1.64185	1.0001	0.3394	1.0046	1.0050
galen	CL3	ztrsm	256	2026-10-05	c91b3c95	13.471	1.28253	1.28188	1.0005	0.2576	1.0024	1.0017
galen	CL3	ztrsm	512	2026-10-05	c91b3c95	13.471	9.15183	9.15129	1.0001	0.2312	1.0010	1.0006
galen	CL3	ztrsm	1000	2026-10-05	c91b3c95	13.471	64.2969	64.3041	0.9999	0.2230	1.0002	1.0004
galen	CL3	ztrsm	1024	2026-10-05	c91b3c95	13.471	68.8793	68.882	1.0000	0.2210	1.0002	1.0004
galen	CL3	ztrsm	2048	2026-10-05	c91b3c95	13.471	530.392	530.573	0.9997	0.2133	1.0015	1.0012
galen	CL3	ztrmmR	8	2026-10-05	c91b3c95	13.471	0.0838831	0.0839257	0.9995	1.6101	1.0135	1.0157
galen	CL3	ztrmmR	32	2026-10-05	c91b3c95	13.471	2.67704	2.67968	0.9990	0.6603	1.0089	1.0194
galen	CL3	ztrmmR	50	2026-10-05	c91b3c95	13.471	2.78948	2.78926	1.0001	0.4225	1.0194	1.0239
galen	CL3	ztrmmR	100	2026-10-05	c91b3c95	13.471	1.83762	1.83773	0.9999	0.3296	1.0025	1.0046
galen	CL3	ztrmmR	128	2026-10-05	c91b3c95	13.471	1.67818	1.67842	0.9999	0.3041	1.0013	1.0019
galen	CL3	ztrmmR	256	2026-10-05	c91b3c95	13.471	1.26728	1.2675	0.9998	0.2426	1.0009	1.0008
galen	CL3	ztrmmR	512	2026-10-05	c91b3c95	13.471	9.02363	9.02291	1.0001	0.2148	1.0007	1.0004
galen	CL3	ztrmmR	1000	2026-10-05	c91b3c95	13.471	63.1336	63.1361	1.0000	0.2115	1.0003	1.0003
galen	CL3	ztrmmR	1024	2026-10-05	c91b3c95	13.471	68.1541	68.1614	0.9999	0.2086	1.0005	1.0006
galen	CL3	ztrmmR	2048	2026-10-05	c91b3c95	13.471	522.983	522.967	1.0000	0.2092	1.0011	1.0009
galen	CL3	ztrsmR	8	2026-10-05	c91b3c95	13.471	0.0869718	0.0868344	1.0016	2.0599	1.0212	1.0162
galen	CL3	ztrsmR	32	2026-10-05	c91b3c95	13.471	2.516	2.50956	1.0026	0.9044	1.0245	1.0142
galen	CL3	ztrsmR	50	2026-10-05	c91b3c95	13.471	2.60182	2.56803	1.0132	0.5871	1.0132	1.0140
galen	CL3	ztrsmR	100	2026-10-05	c91b3c95	13.471	1.99417	1.99436	0.9999	0.3798	1.0023	1.0032
galen	CL3	ztrsmR	128	2026-10-05	c91b3c95	13.471	1.7318	1.73257	0.9996	0.3326	1.0012	1.0017
galen	CL3	ztrsmR	256	2026-10-05	c91b3c95	13.471	1.319	1.31904	1.0000	0.2343	1.0024	1.0021
galen	CL3	ztrsmR	512	2026-10-05	c91b3c95	13.471	9.35773	9.35563	1.0002	0.2142	1.0007	1.0011
galen	CL3	ztrsmR	1000	2026-10-05	c91b3c95	13.471	64.3469	64.3436	1.0001	0.2196	1.0004	1.0002
galen	CL3	ztrsmR	1024	2026-10-05	c91b3c95	13.471	69.5926	69.5998	0.9999	0.2244	1.0006	1.0005
galen	CL3	ztrsmR	2048	2026-10-05	c91b3c95	13.471	527.388	527.716	0.9994	0.2064	1.0005	1.0009
galen	CLP	zpotrf	8	2026-10-05	c91b3c95	16.201	0.105359	0.10539	0.9997	1.6550	1.0075	1.0239
galen	CLP	zpotrf	32	2026-10-05	c91b3c95	16.201	1.52276	1.52771	0.9968	1.2568	1.0110	1.0179
galen	CLP	zpotrf	50	2026-10-05	c91b3c95	16.201	1.61846	1.61896	0.9997	1.1094	1.0201	1.0209
galen	CLP	zpotrf	100	2026-10-05	c91b3c95	16.201	0.93254	0.932721	0.9998	0.9375	1.0050	1.0029
galen	CLP	zpotrf	128	2026-10-05	c91b3c95	16.201	0.821277	0.820595	1.0008	0.7522	1.0058	1.0042
galen	CLP	zpotrf	256	2026-10-05	c91b3c95	16.201	0.577226	0.5771	1.0002	0.4824	1.0067	1.0077
galen	CLP	zpotrf	512	2026-10-05	c91b3c95	16.201	3.74668	3.74662	1.0000	0.3558	1.0010	1.0018
galen	CLP	zpotrf	1000	2026-10-05	c91b3c95	16.201	25.1324	25.1275	1.0002	0.2543	1.0016	1.0011
galen	CLP	zpotrf	1024	2026-10-05	c91b3c95	16.201	27.7002	27.7422	0.9985	0.2550	1.0086	1.0030
galen	CLP	zpotrf	2048	2026-10-05	c91b3c95	16.201	209.305	209.272	1.0002	0.2234	1.0009	1.0004
galen	CLP	zpotrfU	8	2026-10-05	c91b3c95	16.201	0.116641	0.116402	1.0021	1.3022	1.0117	1.0101
galen	CLP	zpotrfU	32	2026-10-05	c91b3c95	16.201	2.00858	2.01801	0.9953	1.1410	1.0066	1.0032
galen	CLP	zpotrfU	50	2026-10-05	c91b3c95	16.201	1.90718	1.91193	0.9975	1.0871	1.0053	1.0071
galen	CLP	zpotrfU	100	2026-10-05	c91b3c95	16.201	1.0808	1.08066	1.0001	0.7397	1.0032	1.0024
galen	CLP	zpotrfU	128	2026-10-05	c91b3c95	16.201	0.870893	0.870791	1.0001	0.6265	1.0013	1.0022
galen	CLP	zpotrfU	256	2026-10-05	c91b3c95	16.201	0.618013	0.617414	1.0010	0.4985	1.0108	1.0094
galen	CLP	zpotrfU	512	2026-10-05	c91b3c95	16.201	3.9728	3.9727	1.0000	0.2929	1.0006	1.0011
galen	CLP	zpotrfU	1000	2026-10-05	c91b3c95	16.201	26.5636	26.5691	0.9998	0.2313	1.0009	1.0009
galen	CLP	zpotrfU	1024	2026-10-05	c91b3c95	16.201	28.6141	28.6182	0.9999	0.2353	1.0012	1.0008
galen	CLP	zpotrfU	2048	2026-10-05	c91b3c95	16.201	217.773	217.363	1.0019	0.2026	1.0043	1.0013
galen	CLP	zgeqrf	8	2026-10-05	c91b3c95	16.201	0.466634	0.46686	0.9995	2.0270	1.0032	1.0075
galen	CLP	zgeqrf	32	2026-10-05	c91b3c95	16.201	5.75789	5.78184	0.9959	1.6425	1.0061	1.0062
galen	CLP	zgeqrf	50	2026-10-05	c91b3c95	16.201	5.10657	5.11694	0.9980	1.5198	1.0038	1.0038
galen	CLP	zgeqrf	100	2026-10-05	c91b3c95	16.201	3.63816	3.63806	1.0000	1.4907	1.0024	1.0029
galen	CLP	zgeqrf	128	2026-10-05	c91b3c95	16.201	3.15489	3.1564	0.9995	1.4504	1.0034	1.0036
galen	CLP	zgeqrf	256	2026-10-05	c91b3c95	16.201	2.53975	2.54081	0.9996	0.7859	1.0028	1.0045
galen	CLP	zgeqrf	512	2026-10-05	c91b3c95	16.201	14.772	14.7714	1.0000	0.5530	1.0008	1.0012
galen	CLP	zgeqrf	1000	2026-10-05	c91b3c95	16.201	103.153	103.161	0.9999	0.2819	1.0006	1.0003
galen	CLP	zgeqrf	1024	2026-10-05	c91b3c95	16.201	110.919	110.926	0.9999	0.3495	1.0009	1.0011
galen	CLP	zgeqrf	2048	2026-10-05	c91b3c95	16.201	836.416	836.623	0.9998	0.2949	1.0002	1.0003
galen	CLP	zgetrf	8	2026-10-05	c91b3c95	16.201	0.178585	0.178626	0.9998	1.2137	1.0018	1.0029
galen	CLP	zgetrf	32	2026-10-05	c91b3c95	16.201	2.61586	2.61497	1.0003	1.2672	1.0084	1.0064
galen	CLP	zgetrf	50	2026-10-05	c91b3c95	16.201	2.29631	2.2961	1.0001	1.2434	1.0036	1.0041
galen	CLP	zgetrf	100	2026-10-05	c91b3c95	16.201	1.805	1.80462	1.0002	1.0018	1.0038	1.0056
galen	CLP	zgetrf	128	2026-10-05	c91b3c95	16.201	1.5777	1.57789	0.9999	0.7009	1.0019	1.0024
galen	CLP	zgetrf	256	2026-10-05	c91b3c95	16.201	1.12439	1.12528	0.9992	0.5361	1.0024	1.0023
galen	CLP	zgetrf	512	2026-10-05	c91b3c95	16.201	7.10484	7.10473	1.0000	0.3810	1.0026	1.0011
galen	CLP	zgetrf	1000	2026-10-05	c91b3c95	16.201	46.7221	46.715	1.0002	0.2532	1.0008	1.0010
galen	CLP	zgetrf	1024	2026-10-05	c91b3c95	16.201	52.2393	52.2488	0.9998	0.2477	1.0010	1.0010
galen	CLP	zgetrf	2048	2026-10-05	c91b3c95	16.201	391.201	391.352	0.9996	0.2176	1.0015	1.0010
galen	CLP	zgesvd	8	2026-10-05	c91b3c95	16.201	2.11455	2.11391	1.0003	1.9050	1.0019	1.0016
galen	CLP	zgesvd	32	2026-10-05	c91b3c95	16.201	29.6769	29.6789	0.9999	1.2247	1.0012	1.0013
galen	CLP	zgesvd	50	2026-10-05	c91b3c95	16.201	23.3119	23.3173	0.9998	1.1161	1.0013	1.0005
galen	CLP	zgesvd	100	2026-10-05	c91b3c95	16.201	12.6379	12.6412	0.9997	1.1889	1.0011	1.0011
galen	CLP	zgesvd	128	2026-10-05	c91b3c95	16.201	10.3097	10.3047	1.0005	1.2392	1.0010	1.0014
galen	CLP	zgesvd	256	2026-10-05	c91b3c95	16.201	7.31718	7.31411	1.0004	1.0725	1.0048	1.0056
galen	CLP	zgesvd	512	2026-10-05	c91b3c95	16.201	48.1268	48.1367	0.9998	0.6793	1.0017	1.0019
galen	CLP	zgesvd	1000	2026-10-05	c91b3c95	16.201	310.072	309.941	1.0004	0.3509	1.0013	1.0016
galen	CLP	zgesvd	1024	2026-10-05	c91b3c95	16.201	345.087	345.025	1.0002	0.4445	1.0015	1.0020
galen	CLP	zgesvd	2048	2026-10-05	c91b3c95	16.201	2895.59	2895.4	1.0001	0.5326	1.0004	1.0011
galen	CLP	zheev	8	2026-10-05	c91b3c95	16.201	2.7178	2.72165	0.9986	1.7410	1.0036	1.0022
galen	CLP	zheev	32	2026-10-05	c91b3c95	16.201	42.7346	42.713	1.0005	1.3506	1.0019	1.0027
galen	CLP	zheev	50	2026-10-05	c91b3c95	16.201	34.2967	34.292	1.0001	1.3483	1.0046	1.0030
galen	CLP	zheev	100	2026-10-05	c91b3c95	16.201	18.7375	18.7386	0.9999	1.4036	1.0025	1.0033
galen	CLP	zheev	128	2026-10-05	c91b3c95	16.201	15.2253	15.2257	1.0000	1.2852	1.0009	1.0019
galen	CLP	zheev	256	2026-10-05	c91b3c95	16.201	9.62004	9.72525	0.9892	0.8765	1.0023	1.0089
galen	CLP	zheev	512	2026-10-05	c91b3c95	16.201	56.2745	55.5276	1.0135	0.6375	1.0014	1.0037
galen	CLP	zheev	1000	2026-10-05	c91b3c95	16.201	352.812	354.232	0.9960	0.4802	1.0081	1.0370
galen	CLP	zheev	1024	2026-10-05	c91b3c95	16.201	391.5	390.016	1.0038	0.4867	1.0311	1.0423
galen	CLP	zheev	2048	2026-10-05	c91b3c95	16.201	3074.73	2993.65	1.0271	0.9787	1.0156	1.0075
galen	CLP	zheevN	8	2026-10-05	c91b3c95	16.201	1.68312	1.68344	0.9998	1.5105	1.0035	1.0027
galen	CLP	zheevN	32	2026-10-05	c91b3c95	16.201	24.7462	24.7496	0.9999	1.1840	1.0013	1.0006
galen	CLP	zheevN	50	2026-10-05	c91b3c95	16.201	18.1714	18.1632	1.0005	1.2122	1.0052	1.0046
galen	CLP	zheevN	100	2026-10-05	c91b3c95	16.201	9.39563	9.39378	1.0002	1.2150	1.0016	1.0024
galen	CLP	zheevN	128	2026-10-05	c91b3c95	16.201	7.28717	7.28513	1.0003	1.2091	1.0031	1.0011
galen	CLP	zheevN	256	2026-10-05	c91b3c95	16.201	4.49046	4.49526	0.9989	1.1663	1.0045	1.0036
galen	CLP	zheevN	512	2026-10-05	c91b3c95	16.201	26.5136	26.5089	1.0002	0.7702	1.0024	1.0034
galen	CLP	zheevN	1000	2026-10-05	c91b3c95	16.201	157.475	157.468	1.0000	0.4580	1.0009	1.0010
galen	CLP	zheevN	1024	2026-10-05	c91b3c95	16.201	169.65	169.665	0.9999	0.4569	1.0034	1.0023
galen	CLP	zheevN	2048	2026-10-05	c91b3c95	16.201	1259.92	1260	0.9999	0.3468	1.0017	1.0033
wintermute	L1	axpy	1000	2026-10-09	65d0c8b8	13.525	0.72961	0.729594	1.0000	1.0919	1.0005	1.0008
wintermute	L1	axpy	3000	2026-10-09	65d0c8b8	13.525	1.15598	1.15593	1.0000	1.0219	1.0011	1.0008
wintermute	L1	axpy	10000	2026-10-09	65d0c8b8	13.525	1.16246	0.841886	1.3808	1.3898	1.0018	1.2296
wintermute	L1	axpy	30000	2026-10-09	65d0c8b8	13.525	1.1571	0.579724	1.9959	0.6471	1.0007	1.3908
wintermute	L1	axpy	100000	2026-10-09	65d0c8b8	13.525	1.40589	0.463107	3.0358	0.6416	1.0145	1.0647
wintermute	L1	axpy	300000	2026-10-09	65d0c8b8	13.525	1.54623	0.614236	2.5173	0.4601	1.0032	1.7972
wintermute	L1	axpy	1000000	2026-10-09	65d0c8b8	13.525	7.23195	2.01181	3.5948	0.6794	1.0414	1.0724
wintermute	L1	dot	1000	2026-10-09	65d0c8b8	13.525	0.641689	0.641579	1.0002	1.0301	1.0029	1.0014
wintermute	L1	dot	3000	2026-10-09	65d0c8b8	13.525	1.16144	1.16148	1.0000	0.9917	1.0002	1.0005
wintermute	L1	dot	10000	2026-10-09	65d0c8b8	13.525	1.16153	1.16173	0.9998	1.0009	1.0003	1.0004
wintermute	L1	dot	30000	2026-10-09	65d0c8b8	13.525	1.15943	0.751787	1.5422	0.4917	1.0013	1.0127
wintermute	L1	dot	100000	2026-10-09	65d0c8b8	13.525	1.40459	0.380513	3.6913	0.6935	1.0045	1.8679
wintermute	L1	dot	300000	2026-10-09	65d0c8b8	13.525	1.55374	0.444724	3.4937	0.6247	1.0055	1.5504
wintermute	L1	dot	1000000	2026-10-09	65d0c8b8	13.525	6.47012	1.77336	3.6485	0.6761	1.0204	1.6601
wintermute	L1	nrm2	1000	2026-10-09	65d0c8b8	13.525	0.340224	0.34066	0.9987	5.1662	1.0041	1.0024
wintermute	L1	nrm2	3000	2026-10-09	65d0c8b8	13.525	0.335255	0.335255	1.0000	4.5599	1.0031	1.0020
wintermute	L1	nrm2	10000	2026-10-09	65d0c8b8	13.525	0.583907	0.583917	1.0000	2.2240	1.0003	1.0002
wintermute	L1	nrm2	30000	2026-10-09	65d0c8b8	13.525	0.581572	0.427409	1.3607	1.4037	1.0005	1.0194
wintermute	L1	nrm2	100000	2026-10-09	65d0c8b8	13.525	0.642433	0.223478	2.8747	1.5645	1.0207	1.1071
wintermute	L1	nrm2	300000	2026-10-09	65d0c8b8	13.525	0.779127	0.20655	3.7721	1.5262	1.0054	1.9511
wintermute	L1	nrm2	1000000	2026-10-09	65d0c8b8	13.525	2.71077	0.942649	2.8757	1.1583	1.0064	1.0976
wintermute	L1	asum	1000	2026-10-09	65d0c8b8	13.525	0.334809	0.334929	0.9996	1.6017	1.0016	1.0007
wintermute	L1	asum	3000	2026-10-09	65d0c8b8	13.525	0.324825	0.324715	1.0003	1.2940	1.0013	1.0011
wintermute	L1	asum	10000	2026-10-09	65d0c8b8	13.525	0.583168	0.583171	1.0000	1.0053	1.0002	1.0002
wintermute	L1	asum	30000	2026-10-09	65d0c8b8	13.525	0.58183	0.424708	1.3700	1.3718	1.0004	1.0223
wintermute	L1	asum	100000	2026-10-09	65d0c8b8	13.525	0.633878	0.226409	2.7997	2.8264	1.0092	1.5938
wintermute	L1	asum	300000	2026-10-09	65d0c8b8	13.525	0.779396	0.318121	2.4500	0.8222	1.0053	1.7280
wintermute	L1	asum	1000000	2026-10-09	65d0c8b8	13.525	2.70841	0.995419	2.7209	0.6100	1.0101	1.0922
wintermute	L1	scal	1000	2026-10-09	65d0c8b8	13.525	0.581149	0.581091	1.0001	1.0341	1.0002	1.0002
wintermute	L1	scal	3000	2026-10-09	65d0c8b8	13.525	0.581196	0.581171	1.0000	1.0118	1.0003	1.0004
wintermute	L1	scal	10000	2026-10-09	65d0c8b8	13.525	0.592493	0.592553	0.9999	1.0032	1.0005	1.0009
wintermute	L1	scal	30000	2026-10-09	65d0c8b8	13.525	0.59153	0.372574	1.5877	1.5721	1.0004	1.2326
wintermute	L1	scal	100000	2026-10-09	65d0c8b8	13.525	0.660771	0.275743	2.3963	1.4149	1.0158	1.3475
wintermute	L1	scal	300000	2026-10-09	65d0c8b8	13.525	0.773954	0.287991	2.6874	0.5696	1.0082	1.3804
wintermute	L1	scal	1000000	2026-10-09	65d0c8b8	13.525	2.72903	1.05078	2.5972	0.7304	1.0068	1.0279
wintermute	L1	iamax	1000	2026-10-09	65d0c8b8	13.525	0.634189	0.635261	0.9983	1.1167	1.0309	1.0171
wintermute	L1	iamax	3000	2026-10-09	65d0c8b8	13.525	0.495972	0.496748	0.9984	1.2432	1.0093	1.0108
wintermute	L1	iamax	10000	2026-10-09	65d0c8b8	13.525	0.609402	0.609972	0.9991	0.9860	1.0034	1.0038
wintermute	L1	iamax	30000	2026-10-09	65d0c8b8	13.525	0.605326	0.452718	1.3371	1.3009	1.0021	1.0290
wintermute	L1	iamax	100000	2026-10-09	65d0c8b8	13.525	0.654898	0.263377	2.4865	2.5028	1.0125	1.6234
wintermute	L1	iamax	300000	2026-10-09	65d0c8b8	13.525	0.824546	0.261787	3.1497	3.0037	1.0078	1.4786
wintermute	L1	iamax	1000000	2026-10-09	65d0c8b8	13.525	2.86251	0.946065	3.0257	2.8955	1.0222	1.4659
wintermute	L1	blascopy	1000	2026-10-09	65d0c8b8	13.525	0.581066	0.581071	1.0000	1.0442	1.0002	1.0002
wintermute	L1	blascopy	3000	2026-10-09	65d0c8b8	13.525	1.19898	1.19818	1.0007	0.9909	1.0032	1.0034
wintermute	L1	blascopy	10000	2026-10-09	65d0c8b8	13.525	1.18855	0.818172	1.4527	1.4440	1.0036	1.0302
wintermute	L1	blascopy	30000	2026-10-09	65d0c8b8	13.525	1.17123	0.435024	2.6923	2.0330	1.0033	1.3777
wintermute	L1	blascopy	100000	2026-10-09	65d0c8b8	13.525	1.42156	0.454862	3.1253	0.7056	1.0044	1.6235
wintermute	L1	blascopy	300000	2026-10-09	65d0c8b8	13.525	1.5962	0.58661	2.7211	0.5268	1.0043	1.0348
wintermute	L1	blascopy	1000000	2026-10-09	65d0c8b8	13.525	7.47921	1.99346	3.7519	0.6756	1.0356	1.6229
wintermute	L1	swap	1000	2026-10-09	65d0c8b8	13.525	1.15789	1.15792	1.0000	1.9999	1.0001	1.0002
wintermute	L1	swap	3000	2026-10-09	65d0c8b8	13.525	1.17596	1.17787	0.9984	1.9671	1.0053	1.0027
wintermute	L1	swap	10000	2026-10-09	65d0c8b8	13.525	1.16847	1.07093	1.0911	2.1634	1.0025	1.1997
wintermute	L1	swap	30000	2026-10-09	65d0c8b8	13.525	1.16454	0.641517	1.8153	3.6080	1.0038	1.2966
wintermute	L1	swap	100000	2026-10-09	65d0c8b8	13.525	1.53154	0.482179	3.1763	4.8623	1.0092	1.0577
wintermute	L1	swap	300000	2026-10-09	65d0c8b8	13.525	1.67186	0.647844	2.5806	4.0730	1.0545	1.0359
wintermute	L1	swap	1000000	2026-10-09	65d0c8b8	13.525	9.12596	2.15653	4.2318	4.8399	1.0540	1.4573
wintermute	L2	gemvN	50	2026-10-09	65d0c8b8	13.545	3.49767	3.49774	1.0000	1.5351	1.0038	1.0045
wintermute	L2	gemvN	64	2026-10-09	65d0c8b8	13.545	4.20879	4.20425	1.0011	1.6250	1.0137	1.0045
wintermute	L2	gemvN	100	2026-10-09	65d0c8b8	13.545	16.4586	16.4872	0.9983	0.9912	1.0048	1.0038
wintermute	L2	gemvN	128	2026-10-09	65d0c8b8	13.545	24.6744	16.7735	1.4710	1.5590	1.0026	1.3784
wintermute	L2	gemvN	256	2026-10-09	65d0c8b8	13.545	30.5423	15.8945	1.9216	1.9088	1.0201	1.4228
wintermute	L2	gemvN	512	2026-10-09	65d0c8b8	13.545	39.4512	17.9096	2.2028	2.3095	1.0888	1.5255
wintermute	L2	gemvN	1000	2026-10-09	65d0c8b8	13.545	38.73	16.3873	2.3634	0.9134	1.0196	1.1591
wintermute	L2	gemvN	1024	2026-10-09	65d0c8b8	13.545	41.8259	17.454	2.3964	0.9662	1.0929	1.8111
wintermute	L2	gemvN	2048	2026-10-09	65d0c8b8	13.545	66.7231	42.3623	1.5751	1.0154	1.0096	1.2143
wintermute	L2	gemvN	2100	2026-10-09	65d0c8b8	13.545	67.4823	42.5548	1.5858	0.9598	1.0097	1.2074
wintermute	L2	gemvN	4096	2026-10-09	65d0c8b8	13.545	100.203	77.5437	1.2922	0.9785	1.0102	1.1186
wintermute	L2	gemvT	50	2026-10-09	65d0c8b8	13.545	4.48781	4.50564	0.9960	1.0854	1.0071	1.0092
wintermute	L2	gemvT	64	2026-10-09	65d0c8b8	13.545	4.61484	4.60965	1.0011	1.1171	1.0037	1.0073
wintermute	L2	gemvT	100	2026-10-09	65d0c8b8	13.545	17.1249	17.1289	0.9998	0.9588	1.0155	1.0029
wintermute	L2	gemvT	128	2026-10-09	65d0c8b8	13.545	24.4491	17.352	1.4090	1.4553	1.0031	1.3700
wintermute	L2	gemvT	256	2026-10-09	65d0c8b8	13.545	30.7778	10.2976	2.9888	2.9244	1.0117	1.6579
wintermute	L2	gemvT	512	2026-10-09	65d0c8b8	13.545	35.6385	7.27843	4.8965	5.7311	1.0589	1.8420
wintermute	L2	gemvT	1000	2026-10-09	65d0c8b8	13.545	35.2392	12.8417	2.7441	0.5991	1.0237	1.8176
wintermute	L2	gemvT	1024	2026-10-09	65d0c8b8	13.545	35.2162	12.7923	2.7529	0.6368	1.0056	1.0566
wintermute	L2	gemvT	2048	2026-10-09	65d0c8b8	13.545	70.2489	39.5678	1.7754	0.7468	1.0372	1.2908
wintermute	L2	gemvT	2100	2026-10-09	65d0c8b8	13.545	68.9639	35.6786	1.9329	0.8858	1.0143	1.1223
wintermute	L2	gemvT	4096	2026-10-09	65d0c8b8	13.545	103.341	72.3712	1.4279	1.1085	1.0119	1.0757
wintermute	L2	ger	50	2026-10-09	65d0c8b8	13.545	7.54636	7.72262	0.9772	1.1720	1.0321	1.0344
wintermute	L2	ger	64	2026-10-09	65d0c8b8	13.545	9.84578	9.87346	0.9972	1.2156	1.0344	1.0288
wintermute	L2	ger	100	2026-10-09	65d0c8b8	13.545	24.2653	17.5044	1.3862	0.8242	1.0288	1.4165
wintermute	L2	ger	128	2026-10-09	65d0c8b8	13.545	37.7928	26.6834	1.4163	0.6702	1.0312	1.3200
wintermute	L2	ger	256	2026-10-09	65d0c8b8	13.545	41.6984	18.013	2.3149	0.6255	1.0884	1.5346
wintermute	L2	ger	512	2026-10-09	65d0c8b8	13.545	42.501	8.56893	4.9599	0.9586	1.0522	1.8335
wintermute	L2	ger	1000	2026-10-09	65d0c8b8	13.545	42.8379	14.8804	2.8788	0.6286	1.0181	1.2715
wintermute	L2	ger	1024	2026-10-09	65d0c8b8	13.545	42.5882	14.9132	2.8557	0.6334	1.0216	1.3211
wintermute	L2	ger	2048	2026-10-09	65d0c8b8	13.545	98.8586	75.3521	1.3120	0.8433	1.0171	1.0944
wintermute	L2	ger	2100	2026-10-09	65d0c8b8	13.545	103.997	77.578	1.3405	0.8624	1.0081	1.0716
wintermute	L2	ger	4096	2026-10-09	65d0c8b8	13.545	154.188	154.826	0.9959	0.8740	1.0166	1.0262
wintermute	L2	symv	50	2026-10-09	65d0c8b8	13.545	4.87559	4.87418	1.0003	1.6512	1.0053	1.0037
wintermute	L2	symv	64	2026-10-09	65d0c8b8	13.545	6.65786	6.66102	0.9995	1.4127	1.0025	1.0030
wintermute	L2	symv	100	2026-10-09	65d0c8b8	13.545	13.4757	13.473	1.0002	1.3365	1.0087	1.0139
wintermute	L2	symv	128	2026-10-09	65d0c8b8	13.545	19.0854	19.1012	0.9992	1.3521	1.0104	1.0053
wintermute	L2	symv	256	2026-10-09	65d0c8b8	13.545	21.1443	17.3542	1.2184	0.6415	1.0434	1.1256
wintermute	L2	symv	512	2026-10-09	65d0c8b8	13.545	25.1922	13.4313	1.8756	0.5254	1.0294	1.4742
wintermute	L2	symv	1000	2026-10-09	65d0c8b8	13.545	23.5273	11.6365	2.0219	0.4484	1.0145	1.2472
wintermute	L2	symv	1024	2026-10-09	65d0c8b8	13.545	24.7076	12.0157	2.0563	0.4674	1.0239	1.1393
wintermute	L2	symv	2048	2026-10-09	65d0c8b8	13.545	41.4306	18.4864	2.2411	0.6545	1.0268	1.4138
wintermute	L2	symv	2100	2026-10-09	65d0c8b8	13.545	44.5299	18.7501	2.3749	0.5805	1.0158	1.2307
wintermute	L2	symv	4096	2026-10-09	65d0c8b8	13.545	64.4383	64.4568	0.9997	0.6129	1.0086	1.0041
wintermute	L2	trmv	50	2026-10-09	65d0c8b8	13.545	6.18278	6.17876	1.0007	1.2314	1.0050	1.0040
wintermute	L2	trmv	64	2026-10-09	65d0c8b8	13.545	7.08312	7.07484	1.0012	1.4155	1.0071	1.0129
wintermute	L2	trmv	100	2026-10-09	65d0c8b8	13.545	17.4203	17.4534	0.9981	0.9323	1.0173	1.0129
wintermute	L2	trmv	128	2026-10-09	65d0c8b8	13.545	20.4018	20.4455	0.9979	1.1240	1.0145	1.0171
wintermute	L2	trmv	256	2026-10-09	65d0c8b8	13.545	20.6415	20.6377	1.0002	0.5478	1.0316	1.0147
wintermute	L2	trmv	512	2026-10-09	65d0c8b8	13.545	23.8336	23.8755	0.9982	0.2577	1.0163	1.0036
wintermute	L2	trmv	1000	2026-10-09	65d0c8b8	13.545	21.8839	21.8678	1.0007	0.2367	1.0028	1.0054
wintermute	L2	trmv	1024	2026-10-09	65d0c8b8	13.545	23.1049	23.0871	1.0008	0.1999	1.0184	1.0029
wintermute	L2	trmv	2048	2026-10-09	65d0c8b8	13.545	33.836	33.6082	1.0068	0.2591	1.0279	1.0183
wintermute	L2	trmv	2100	2026-10-09	65d0c8b8	13.545	34.6929	34.6797	1.0004	0.2555	1.0066	1.0071
wintermute	L2	trmv	4096	2026-10-09	65d0c8b8	13.545	62.8867	63.0335	0.9977	0.6154	1.0114	1.0049
wintermute	L2	trsv	50	2026-10-09	65d0c8b8	13.545	7.50032	7.50343	0.9996	1.5504	1.0090	1.0126
wintermute	L2	trsv	64	2026-10-09	65d0c8b8	13.545	10.0592	10.0559	1.0003	1.5462	1.0058	1.0143
wintermute	L2	trsv	100	2026-10-09	65d0c8b8	13.545	25.3109	25.2907	1.0008	1.0104	1.0126	1.0049
wintermute	L2	trsv	128	2026-10-09	65d0c8b8	13.545	31.0337	31.0396	0.9998	1.0961	1.0070	1.0072
wintermute	L2	trsv	256	2026-10-09	65d0c8b8	13.545	24.0302	24.0885	0.9976	1.0128	1.0117	1.0259
wintermute	L2	trsv	512	2026-10-09	65d0c8b8	13.545	25.5341	25.6364	0.9960	0.9839	1.0575	1.0182
wintermute	L2	trsv	1000	2026-10-09	65d0c8b8	13.545	22.09	22.0907	1.0000	1.1534	1.0061	1.0039
wintermute	L2	trsv	1024	2026-10-09	65d0c8b8	13.545	23.4741	23.5601	0.9964	1.0871	1.0296	1.0245
wintermute	L2	trsv	2048	2026-10-09	65d0c8b8	13.545	34.5301	35.9203	0.9613	0.9393	1.1544	1.1717
wintermute	L2	trsv	2100	2026-10-09	65d0c8b8	13.545	33.8585	33.5297	1.0098	0.7429	1.1246	1.0981
wintermute	L2	trsv	4096	2026-10-09	65d0c8b8	13.545	59.8126	59.9486	0.9977	0.9767	1.0207	1.0257
wintermute	L2	trsvLN	50	2026-10-09	65d0c8b8	13.545	10.3225	10.3058	1.0016	0.9837	1.0130	1.0250
wintermute	L2	trsvLN	64	2026-10-09	65d0c8b8	13.545	14.1214	14.0583	1.0045	0.9831	1.0166	1.0211
wintermute	L2	trsvLN	100	2026-10-09	65d0c8b8	13.545	23.2181	23.3101	0.9961	0.9521	1.0123	1.0291
wintermute	L2	trsvLN	128	2026-10-09	65d0c8b8	13.545	26.7386	26.7396	1.0000	1.1235	1.0131	1.0282
wintermute	L2	trsvLN	256	2026-10-09	65d0c8b8	13.545	21.8984	21.8433	1.0025	1.0838	1.0156	1.0302
wintermute	L2	trsvLN	512	2026-10-09	65d0c8b8	13.545	23.7128	23.7127	1.0000	1.0347	1.0056	1.0104
wintermute	L2	trsvLN	1000	2026-10-09	65d0c8b8	13.545	21.7839	21.746	1.0017	1.1860	1.0104	1.0104
wintermute	L2	trsvLN	1024	2026-10-09	65d0c8b8	13.545	22.8094	22.7067	1.0045	1.1627	1.0176	1.0298
wintermute	L2	trsvLN	2048	2026-10-09	65d0c8b8	13.545	31.6781	31.3652	1.0100	0.8928	1.0708	1.1612
wintermute	L2	trsvLN	2100	2026-10-09	65d0c8b8	13.545	34.0876	34.174	0.9975	0.7250	1.0418	1.0671
wintermute	L2	trsvLN	4096	2026-10-09	65d0c8b8	13.545	60.7273	60.6812	1.0008	0.9970	1.1293	1.2847
wintermute	L2	trsvLT	50	2026-10-09	65d0c8b8	13.545	13.6343	13.632	1.0002	1.3722	1.0017	1.0024
wintermute	L2	trsvLT	64	2026-10-09	65d0c8b8	13.545	17.6435	17.644	1.0000	1.3521	1.0043	1.0045
wintermute	L2	trsvLT	100	2026-10-09	65d0c8b8	13.545	29.6562	29.6874	0.9989	1.3240	1.0050	1.0029
wintermute	L2	trsvLT	128	2026-10-09	65d0c8b8	13.545	39.303	39.2772	1.0007	1.2857	1.0037	1.0020
wintermute	L2	trsvLT	256	2026-10-09	65d0c8b8	13.545	29.309	29.25	1.0020	1.1772	1.0148	1.0076
wintermute	L2	trsvLT	512	2026-10-09	65d0c8b8	13.545	27.1658	27.1813	0.9994	1.0627	1.0276	1.0082
wintermute	L2	trsvLT	1000	2026-10-09	65d0c8b8	13.545	23.2148	23.2134	1.0001	1.0126	1.0032	1.0021
wintermute	L2	trsvLT	1024	2026-10-09	65d0c8b8	13.545	24.4966	24.5169	0.9992	1.0277	1.0213	1.0263
wintermute	L2	trsvLT	2048	2026-10-09	65d0c8b8	13.545	32.6661	32.7848	0.9964	0.9830	1.1725	1.1145
wintermute	L2	trsvLT	2100	2026-10-09	65d0c8b8	13.545	34.892	35.1996	0.9913	0.9358	1.0603	1.0177
wintermute	L2	trsvLT	4096	2026-10-09	65d0c8b8	13.545	62.5814	61.2059	1.0225	1.0093	1.0217	1.1300
wintermute	L2	spmv	50	2026-10-09	65d0c8b8	13.545	7.44044	7.42648	1.0019	1.8805	1.0298	1.0075
wintermute	L2	spmv	64	2026-10-09	65d0c8b8	13.545	10.5726	10.5417	1.0029	1.8861	1.0313	1.0218
wintermute	L2	spmv	100	2026-10-09	65d0c8b8	13.545	14.1263	14.1704	0.9969	2.6406	1.0077	1.0224
wintermute	L2	spmv	128	2026-10-09	65d0c8b8	13.545	20.9561	21.0123	0.9973	2.6184	1.0309	1.0240
wintermute	L2	spmv	256	2026-10-09	65d0c8b8	13.545	21.3778	21.194	1.0087	2.6463	1.0323	1.0282
wintermute	L2	spmv	512	2026-10-09	65d0c8b8	13.545	21.9097	21.9969	0.9960	2.4153	1.0493	1.0336
wintermute	L2	spmv	1000	2026-10-09	65d0c8b8	13.545	23.6165	23.6725	0.9976	2.0921	1.0270	1.0290
wintermute	L2	spmv	1024	2026-10-09	65d0c8b8	13.545	23.585	23.8517	0.9888	2.0732	1.0357	1.0205
wintermute	L2	spmv	2048	2026-10-09	65d0c8b8	13.545	37.1612	37.166	0.9999	1.7935	1.0124	1.0083
wintermute	L2	spmv	2100	2026-10-09	65d0c8b8	13.545	38.4245	38.5586	0.9965	1.7645	1.0107	1.0245
wintermute	L2	spmv	4096	2026-10-09	65d0c8b8	13.545	60.7679	60.7465	1.0004	1.9530	1.0110	1.0113
wintermute	L2	gbmvN	50	2026-10-09	65d0c8b8	13.545	5.23017	5.23261	0.9995	1.8286	1.0066	1.0030
wintermute	L2	gbmvN	64	2026-10-09	65d0c8b8	13.545	6.49825	6.49969	0.9998	1.9424	1.0076	1.0051
wintermute	L2	gbmvN	100	2026-10-09	65d0c8b8	13.545	11.2451	11.28	0.9969	1.8119	1.0080	1.0141
wintermute	L2	gbmvN	128	2026-10-09	65d0c8b8	13.545	14.61	14.6362	0.9982	1.8122	1.0145	1.0122
wintermute	L2	gbmvN	256	2026-10-09	65d0c8b8	13.545	9.38473	9.37046	1.0015	1.7668	1.0086	1.0063
wintermute	L2	gbmvN	512	2026-10-09	65d0c8b8	13.545	4.80138	2.58146	1.8599	1.4660	1.0058	1.2497
wintermute	L2	gbmvN	1000	2026-10-09	65d0c8b8	13.545	2.48609	1.12644	2.2070	1.5365	1.0029	1.2583
wintermute	L2	gbmvN	1024	2026-10-09	65d0c8b8	13.545	2.42327	1.12704	2.1501	1.4907	1.0034	1.2438
wintermute	L2	gbmvN	2048	2026-10-09	65d0c8b8	13.545	1.22901	0.467984	2.6262	1.7586	1.0041	1.2296
wintermute	L2	gbmvN	2100	2026-10-09	65d0c8b8	13.545	1.20029	0.458354	2.6187	1.7699	1.0043	1.1832
wintermute	L2	gbmvN	4096	2026-10-09	65d0c8b8	13.545	0.872357	0.27234	3.2032	1.9366	1.0054	1.0343
wintermute	L2	sbmv	50	2026-10-09	65d0c8b8	13.545	8.31499	8.32405	0.9989	1.1825	1.0034	1.0086
wintermute	L2	sbmv	64	2026-10-09	65d0c8b8	13.545	10.9058	10.9321	0.9976	1.1810	1.0130	1.0122
wintermute	L2	sbmv	100	2026-10-09	65d0c8b8	13.545	17.6331	17.6629	0.9983	1.1834	1.0417	1.0088
wintermute	L2	sbmv	128	2026-10-09	65d0c8b8	13.545	23.0178	23.0181	1.0000	1.1764	1.0092	1.0123
wintermute	L2	sbmv	256	2026-10-09	65d0c8b8	13.545	14.4926	14.4215	1.0049	1.1921	1.0557	1.0458
wintermute	L2	sbmv	512	2026-10-09	65d0c8b8	13.545	7.45839	7.45456	1.0005	1.1574	1.0329	1.0038
wintermute	L2	sbmv	1000	2026-10-09	65d0c8b8	13.545	3.84593	3.84348	1.0006	1.1510	1.0015	1.0008
wintermute	L2	sbmv	1024	2026-10-09	65d0c8b8	13.545	3.74941	3.75366	0.9989	1.1511	1.0021	1.0036
wintermute	L2	sbmv	2048	2026-10-09	65d0c8b8	13.545	1.87901	1.88019	0.9994	1.1446	1.0031	1.0032
wintermute	L2	sbmv	2100	2026-10-09	65d0c8b8	13.545	1.82845	1.82841	1.0000	1.1438	1.0025	1.0015
wintermute	L2	sbmv	4096	2026-10-09	65d0c8b8	13.545	1.20037	1.19978	1.0005	1.1357	1.0015	1.0021
wintermute	L3	gemm	8	2026-10-09	65d0c8b8	13.666	0.0260799	0.0260777	1.0001	1.2151	1.0072	1.0103
wintermute	L3	gemm	32	2026-10-09	65d0c8b8	13.666	0.990221	0.993288	0.9969	1.0554	1.0155	1.0265
wintermute	L3	gemm	50	2026-10-09	65d0c8b8	13.666	1.08501	1.07901	1.0056	1.0043	1.0172	1.0141
wintermute	L3	gemm	100	2026-10-09	65d0c8b8	13.666	0.890961	0.547205	1.6282	0.4384	1.0050	1.0186
wintermute	L3	gemm	128	2026-10-09	65d0c8b8	13.666	0.753411	0.258014	2.9200	0.7404	1.0150	1.5109
wintermute	L3	gemm	256	2026-10-09	65d0c8b8	13.666	0.633126	0.360486	1.7563	0.3553	1.0032	1.3495
wintermute	L3	gemm	512	2026-10-09	65d0c8b8	13.666	4.81115	2.34033	2.0558	0.4357	1.0054	1.4739
wintermute	L3	gemm	1000	2026-10-09	65d0c8b8	13.666	38.9498	15.8712	2.4541	0.4057	1.0011	1.4967
wintermute	L3	gemm	1024	2026-10-09	65d0c8b8	13.666	39.9104	16.9264	2.3579	0.4571	1.0024	1.5939
wintermute	L3	gemm	2048	2026-10-09	65d0c8b8	13.666	308.102	118.034	2.6103	0.5061	1.0023	1.4400
wintermute	L3	gemm	2100	2026-10-09	65d0c8b8	13.666	335.877	83.9687	4.0000	0.6992	1.0015	1.5976
wintermute	L3	gemm	4096	2026-10-09	65d0c8b8	13.666	2200.69	860.991	2.5560	0.5325	1.0056	1.0171
wintermute	L3	symm	8	2026-10-09	65d0c8b8	13.666	0.0596468	0.059719	0.9988	1.3197	1.0057	1.0032
wintermute	L3	symm	32	2026-10-09	65d0c8b8	13.666	1.25255	1.25618	0.9971	1.4419	1.0479	1.0442
wintermute	L3	symm	50	2026-10-09	65d0c8b8	13.666	1.40924	1.41024	0.9993	1.0899	1.0339	1.0226
wintermute	L3	symm	100	2026-10-09	65d0c8b8	13.666	0.950595	0.920391	1.0328	0.3502	1.0114	1.1403
wintermute	L3	symm	128	2026-10-09	65d0c8b8	13.666	0.798703	0.49908	1.6003	0.5580	1.0039	1.2903
wintermute	L3	symm	256	2026-10-09	65d0c8b8	13.666	0.678838	0.440744	1.5402	0.3555	1.0026	1.2718
wintermute	L3	symm	512	2026-10-09	65d0c8b8	13.666	5.30087	2.79472	1.8967	0.3474	1.0046	1.3684
wintermute	L3	symm	1000	2026-10-09	65d0c8b8	13.666	40.2648	17.1644	2.3458	0.4050	1.0010	1.4340
wintermute	L3	symm	1024	2026-10-09	65d0c8b8	13.666	42.8324	19.4731	2.1996	0.3866	1.0034	1.4714
wintermute	L3	symm	2048	2026-10-09	65d0c8b8	13.666	317.31	129.364	2.4529	0.4502	1.0013	1.0221
wintermute	L3	symm	2100	2026-10-09	65d0c8b8	13.666	343.126	128.341	2.6736	0.4789	1.0009	1.2609
wintermute	L3	symm	4096	2026-10-09	65d0c8b8	13.666	2292.33	846.84	2.7069	0.5372	1.0046	1.3187
wintermute	L3	syrk	8	2026-10-09	65d0c8b8	13.666	0.0542403	0.054242	1.0000	1.6189	1.0083	1.0027
wintermute	L3	syrk	32	2026-10-09	65d0c8b8	13.666	0.884202	0.887246	0.9966	1.6534	1.0241	1.0324
wintermute	L3	syrk	50	2026-10-09	65d0c8b8	13.666	0.893393	0.892796	1.0007	0.6383	1.0058	1.0133
wintermute	L3	syrk	100	2026-10-09	65d0c8b8	13.666	0.53295	0.532357	1.0011	0.3814	1.0122	1.0146
wintermute	L3	syrk	128	2026-10-09	65d0c8b8	13.666	0.430884	0.306345	1.4065	0.3523	1.0068	1.0106
wintermute	L3	syrk	256	2026-10-09	65d0c8b8	13.666	0.334397	0.141283	2.3669	1.0073	1.0028	1.5737
wintermute	L3	syrk	512	2026-10-09	65d0c8b8	13.666	2.64172	0.958045	2.7574	0.6629	1.0029	1.6346
wintermute	L3	syrk	1000	2026-10-09	65d0c8b8	13.666	19.1903	6.1597	3.1155	0.6254	1.0009	1.7264
wintermute	L3	syrk	1024	2026-10-09	65d0c8b8	13.666	21.2403	5.81687	3.6515	0.7401	1.0016	1.6674
wintermute	L3	syrk	2048	2026-10-09	65d0c8b8	13.666	178.324	35.0542	5.0871	0.9192	1.0102	1.3341
wintermute	L3	syrk	2100	2026-10-09	65d0c8b8	13.666	181.645	38.9713	4.6610	0.8355	1.0010	1.7793
wintermute	L3	syrk	4096	2026-10-09	65d0c8b8	13.666	1498.02	449.966	3.3292	0.5506	1.0059	1.6328
wintermute	L3	syr2k	8	2026-10-09	65d0c8b8	13.666	0.0654775	0.0658788	0.9939	1.7350	1.0213	1.0139
wintermute	L3	syr2k	32	2026-10-09	65d0c8b8	13.666	1.73939	1.73405	1.0031	1.2198	1.0133	1.0225
wintermute	L3	syr2k	50	2026-10-09	65d0c8b8	13.666	1.78076	1.78785	0.9960	0.6788	1.0159	1.0125
wintermute	L3	syr2k	100	2026-10-09	65d0c8b8	13.666	1.07661	0.696123	1.5466	0.8664	1.0063	1.0262
wintermute	L3	syr2k	128	2026-10-09	65d0c8b8	13.666	0.876917	0.437712	2.0034	0.9857	1.0123	1.4236
wintermute	L3	syr2k	256	2026-10-09	65d0c8b8	13.666	0.676321	0.306685	2.2053	0.7507	1.0032	1.5380
wintermute	L3	syr2k	512	2026-10-09	65d0c8b8	13.666	5.2694	2.21049	2.3838	0.5790	1.0013	1.2023
wintermute	L3	syr2k	1000	2026-10-09	65d0c8b8	13.666	38.4374	10.312	3.7274	0.7840	1.0006	1.5527
wintermute	L3	syr2k	1024	2026-10-09	65d0c8b8	13.666	43.0203	18.5144	2.3236	0.4944	1.0017	1.3271
wintermute	L3	syr2k	2048	2026-10-09	65d0c8b8	13.666	351.717	92.7641	3.7915	0.7103	1.0046	1.2665
wintermute	L3	syr2k	2100	2026-10-09	65d0c8b8	13.666	361.135	80.8234	4.4682	0.8206	1.0012	1.3423
wintermute	L3	syr2k	4096	2026-10-09	65d0c8b8	13.666	2883.28	588.593	4.8986	0.8553	1.0093	1.3635
wintermute	L3	trmm	8	2026-10-09	65d0c8b8	13.666	0.054262	0.0543364	0.9986	1.3526	1.0063	1.0078
wintermute	L3	trmm	32	2026-10-09	65d0c8b8	13.666	1.05207	1.04928	1.0027	1.0916	1.0140	1.0217
wintermute	L3	trmm	50	2026-10-09	65d0c8b8	13.666	0.936776	0.936078	1.0007	0.6140	1.0077	1.0090
wintermute	L3	trmm	100	2026-10-09	65d0c8b8	13.666	0.585418	0.584931	1.0008	0.3546	1.0169	1.0041
wintermute	L3	trmm	128	2026-10-09	65d0c8b8	13.666	0.451075	0.450335	1.0016	0.3437	1.0076	1.0047
wintermute	L3	trmm	256	2026-10-09	65d0c8b8	13.666	0.343132	0.342706	1.0012	0.2654	1.0093	1.0075
wintermute	L3	trmm	512	2026-10-09	65d0c8b8	13.666	2.79297	2.79306	1.0000	0.2034	1.0040	1.0022
wintermute	L3	trmm	1000	2026-10-09	65d0c8b8	13.666	20.4912	20.4969	0.9997	0.1809	1.0006	1.0009
wintermute	L3	trmm	1024	2026-10-09	65d0c8b8	13.666	21.607	21.6055	1.0001	0.1898	1.0015	1.0004
wintermute	L3	trmm	2048	2026-10-09	65d0c8b8	13.666	178.168	97.6282	1.8250	0.3090	1.0018	1.0439
wintermute	L3	trmm	2100	2026-10-09	65d0c8b8	13.666	190.048	84.6733	2.2445	0.3740	1.0026	1.3526
wintermute	L3	trmm	4096	2026-10-09	65d0c8b8	13.666	1345.09	430.82	3.1222	0.5365	1.0015	1.4369
wintermute	L3	trmmR	8	2026-10-09	65d0c8b8	13.666	0.0548117	0.0550314	0.9960	1.0923	1.0110	1.0126
wintermute	L3	trmmR	32	2026-10-09	65d0c8b8	13.666	0.966591	0.969673	0.9968	1.2689	1.0346	1.0219
wintermute	L3	trmmR	50	2026-10-09	65d0c8b8	13.666	0.931687	0.92956	1.0023	0.6579	1.0137	1.0281
wintermute	L3	trmmR	100	2026-10-09	65d0c8b8	13.666	0.597119	0.59797	0.9986	0.3800	1.0054	1.0057
wintermute	L3	trmmR	128	2026-10-09	65d0c8b8	13.666	0.436571	0.436086	1.0011	0.3760	1.0072	1.0061
wintermute	L3	trmmR	256	2026-10-09	65d0c8b8	13.666	0.33615	0.336021	1.0004	0.3042	1.0039	1.0035
wintermute	L3	trmmR	512	2026-10-09	65d0c8b8	13.666	2.76955	2.76944	1.0000	0.2017	1.0017	1.0013
wintermute	L3	trmmR	1000	2026-10-09	65d0c8b8	13.666	19.829	19.8383	0.9995	0.1797	1.0008	1.0015
wintermute	L3	trmmR	1024	2026-10-09	65d0c8b8	13.666	21.5893	21.596	0.9997	0.1840	1.0007	1.0013
wintermute	L3	trmmR	2048	2026-10-09	65d0c8b8	13.666	172.842	37.4769	4.6120	0.8193	1.0043	1.5394
wintermute	L3	trmmR	2100	2026-10-09	65d0c8b8	13.666	184.246	38.7735	4.7519	0.8144	1.0014	1.4788
wintermute	L3	trmmR	4096	2026-10-09	65d0c8b8	13.666	1362.45	316.166	4.3093	0.7415	1.0031	1.4079
wintermute	L3	trsm	8	2026-10-09	65d0c8b8	13.666	0.090981	0.0912033	0.9976	1.2597	1.0144	1.0104
wintermute	L3	trsm	32	2026-10-09	65d0c8b8	13.666	0.920803	0.928282	0.9919	1.1756	1.0261	1.0403
wintermute	L3	trsm	50	2026-10-09	65d0c8b8	13.666	0.878214	0.879753	0.9983	0.9660	1.0204	1.0196
wintermute	L3	trsm	100	2026-10-09	65d0c8b8	13.666	0.515317	0.514379	1.0018	0.4624	1.0041	1.0096
wintermute	L3	trsm	128	2026-10-09	65d0c8b8	13.666	0.423442	0.249161	1.6995	0.5982	1.0058	1.0173
wintermute	L3	trsm	256	2026-10-09	65d0c8b8	13.666	0.340602	0.128151	2.6578	0.6092	1.0012	1.6457
wintermute	L3	trsm	512	2026-10-09	65d0c8b8	13.666	2.75996	0.944023	2.9236	0.6017	1.0010	1.8096
wintermute	L3	trsm	1000	2026-10-09	65d0c8b8	13.666	20.5157	4.05797	5.0557	0.8085	1.0008	1.8600
wintermute	L3	trsm	1024	2026-10-09	65d0c8b8	13.666	21.4459	5.92881	3.6172	0.7754	1.0009	1.7438
wintermute	L3	trsm	2048	2026-10-09	65d0c8b8	13.666	175.245	31.4274	5.5762	1.1347	1.0056	1.7964
wintermute	L3	trsm	2100	2026-10-09	65d0c8b8	13.666	190.118	35.6968	5.3259	1.0603	1.0021	1.5032
wintermute	L3	trsm	4096	2026-10-09	65d0c8b8	13.666	1418.03	255.884	5.5417	0.9556	1.0074	1.4805
wintermute	L3	trsmR	8	2026-10-09	65d0c8b8	13.666	0.0460922	0.0463292	0.9949	2.1264	1.2408	1.0239
wintermute	L3	trsmR	32	2026-10-09	65d0c8b8	13.666	0.824594	0.82408	1.0006	1.1079	1.0261	1.0270
wintermute	L3	trsmR	50	2026-10-09	65d0c8b8	13.666	0.687127	0.687216	0.9999	1.1384	1.0060	1.0153
wintermute	L3	trsmR	100	2026-10-09	65d0c8b8	13.666	0.426882	0.427159	0.9994	0.5772	1.0078	1.0088
wintermute	L3	trsmR	128	2026-10-09	65d0c8b8	13.666	0.366744	0.218386	1.6793	0.6504	1.0130	1.0122
wintermute	L3	trsmR	256	2026-10-09	65d0c8b8	13.666	0.315372	0.130562	2.4155	0.5957	1.0033	1.6820
wintermute	L3	trsmR	512	2026-10-09	65d0c8b8	13.666	3.0377	1.03262	2.9418	1.0225	1.0027	1.0439
wintermute	L3	trsmR	1000	2026-10-09	65d0c8b8	13.666	20.4031	5.52418	3.6934	0.5826	1.0010	1.7100
wintermute	L3	trsmR	1024	2026-10-09	65d0c8b8	13.666	22.7551	6.57332	3.4617	1.0626	1.0010	1.5690
wintermute	L3	trsmR	2048	2026-10-09	65d0c8b8	13.666	177.447	35.8988	4.9430	1.1781	1.0045	1.3754
wintermute	L3	trsmR	2100	2026-10-09	65d0c8b8	13.666	185.572	37.7341	4.9179	1.1384	1.0073	1.5704
wintermute	L3	trsmR	4096	2026-10-09	65d0c8b8	13.666	1418.55	385.962	3.6754	0.6258	1.0076	1.4250
wintermute	LP	potrf	8	2026-10-09	65d0c8b8	14.101	0.112024	0.112042	0.9998	1.0106	1.0011	1.0011
wintermute	LP	potrf	32	2026-10-09	65d0c8b8	14.101	0.637057	0.636219	1.0013	1.7142	1.0509	1.0465
wintermute	LP	potrf	50	2026-10-09	65d0c8b8	14.101	0.531469	0.529512	1.0037	1.9231	1.0046	1.0069
wintermute	LP	potrf	100	2026-10-09	65d0c8b8	14.101	0.240886	0.240842	1.0002	2.0220	1.0028	1.0047
wintermute	LP	potrf	128	2026-10-09	65d0c8b8	14.101	0.202337	0.202352	0.9999	1.6912	1.0021	1.0022
wintermute	LP	potrf	256	2026-10-09	65d0c8b8	14.101	0.134515	0.131219	1.0251	1.0628	1.0089	1.2092
wintermute	LP	potrf	512	2026-10-09	65d0c8b8	14.101	0.969382	0.633396	1.5305	0.9187	1.0030	1.1864
wintermute	LP	potrf	1000	2026-10-09	65d0c8b8	14.101	7.05809	2.74718	2.5692	0.6170	1.0022	1.4422
wintermute	LP	potrf	1024	2026-10-09	65d0c8b8	14.101	7.65346	3.72298	2.0557	0.6553	1.0055	1.3802
wintermute	LP	potrf	2048	2026-10-09	65d0c8b8	14.101	59.3358	20.2612	2.9285	0.9527	1.0017	1.5070
wintermute	LP	potrf	2100	2026-10-09	65d0c8b8	14.101	62.9702	22.9502	2.7438	0.5128	1.0016	1.2661
wintermute	LP	potrf	4096	2026-10-09	65d0c8b8	14.101	458.564	110.863	4.1363	0.9782	1.0012	1.4653
wintermute	LP	potrfU	8	2026-10-09	65d0c8b8	14.101	0.0824361	0.0823594	1.0009	1.2031	1.0022	1.0010
wintermute	LP	potrfU	32	2026-10-09	65d0c8b8	14.101	1.00958	1.0098	0.9998	1.0282	1.0045	1.0065
wintermute	LP	potrfU	50	2026-10-09	65d0c8b8	14.101	0.822533	0.823156	0.9992	1.4131	1.0051	1.0032
wintermute	LP	potrfU	100	2026-10-09	65d0c8b8	14.101	0.372391	0.371971	1.0011	1.2658	1.0085	1.0130
wintermute	LP	potrfU	128	2026-10-09	65d0c8b8	14.101	0.269551	0.269508	1.0002	1.2765	1.0013	1.0026
wintermute	LP	potrfU	256	2026-10-09	65d0c8b8	14.101	0.155502	0.13174	1.1804	1.4256	1.0020	1.5125
wintermute	LP	potrfU	512	2026-10-09	65d0c8b8	14.101	1.03395	0.603782	1.7125	1.2490	1.0025	1.0717
wintermute	LP	potrfU	1000	2026-10-09	65d0c8b8	14.101	7.16133	3.05024	2.3478	0.6009	1.0016	1.4578
wintermute	LP	potrfU	1024	2026-10-09	65d0c8b8	14.101	7.502	3.35522	2.2359	0.9671	1.0028	1.5522
wintermute	LP	potrfU	2048	2026-10-09	65d0c8b8	14.101	57.3549	12.6946	4.5180	1.1961	1.0021	1.7008
wintermute	LP	potrfU	2100	2026-10-09	65d0c8b8	14.101	63.0137	13.9586	4.5143	0.8748	1.0005	1.2888
wintermute	LP	potrfU	4096	2026-10-09	65d0c8b8	14.101	477.682	146.193	3.2675	0.7012	1.0048	1.1688
wintermute	LP	geqrf	8	2026-10-09	65d0c8b8	14.101	0.247502	0.246984	1.0021	1.1626	1.0058	1.0080
wintermute	LP	geqrf	32	2026-10-09	65d0c8b8	14.101	2.64748	2.64685	1.0002	0.9337	1.0030	1.0089
wintermute	LP	geqrf	50	2026-10-09	65d0c8b8	14.101	2.22313	2.22456	0.9994	1.2433	1.0023	1.0017
wintermute	LP	geqrf	100	2026-10-09	65d0c8b8	14.101	1.1164	1.11558	1.0007	1.8672	1.0020	1.0052
wintermute	LP	geqrf	128	2026-10-09	65d0c8b8	14.101	0.849494	0.849699	0.9998	2.1652	1.0019	1.0033
wintermute	LP	geqrf	256	2026-10-09	65d0c8b8	14.101	0.574468	0.575435	0.9983	1.7820	1.0045	1.0078
wintermute	LP	geqrf	512	2026-10-09	65d0c8b8	14.101	4.16397	2.98335	1.3957	2.1376	1.0048	1.0687
wintermute	LP	geqrf	1000	2026-10-09	65d0c8b8	14.101	28.0971	20.9185	1.3432	0.5103	1.0006	1.0961
wintermute	LP	geqrf	1024	2026-10-09	65d0c8b8	14.101	31.1648	22.2004	1.4038	1.2257	1.0053	1.0139
wintermute	LP	geqrf	2048	2026-10-09	65d0c8b8	14.101	251.211	168.55	1.4904	0.8959	1.0020	1.0164
wintermute	LP	geqrf	2100	2026-10-09	65d0c8b8	14.101	256.187	179.46	1.4275	0.4387	1.0005	1.0034
wintermute	LP	geqrf	4096	2026-10-09	65d0c8b8	14.101	2086.97	1341.12	1.5561	0.8130	1.0112	1.0012
wintermute	LP	getrf	8	2026-10-09	65d0c8b8	14.101	0.155023	0.154459	1.0037	1.0830	1.0080	1.0094
wintermute	LP	getrf	32	2026-10-09	65d0c8b8	14.101	1.78585	1.78728	0.9992	0.9358	1.0038	1.0093
wintermute	LP	getrf	50	2026-10-09	65d0c8b8	14.101	1.49165	1.49177	0.9999	1.0490	1.0057	1.0049
wintermute	LP	getrf	100	2026-10-09	65d0c8b8	14.101	0.800143	0.802463	0.9971	1.3995	1.0085	1.0045
wintermute	LP	getrf	128	2026-10-09	65d0c8b8	14.101	0.619057	0.618335	1.0012	1.3540	1.0057	1.0051
wintermute	LP	getrf	256	2026-10-09	65d0c8b8	14.101	0.398846	0.372188	1.0716	0.7431	1.0144	1.0342
wintermute	LP	getrf	512	2026-10-09	65d0c8b8	14.101	2.42705	1.82286	1.3315	0.7631	1.0026	1.1830
wintermute	LP	getrf	1000	2026-10-09	65d0c8b8	14.101	14.9956	7.31896	2.0489	0.4842	1.0016	1.0993
wintermute	LP	getrf	1024	2026-10-09	65d0c8b8	14.101	16.8699	8.52553	1.9788	0.6580	1.0030	1.3232
wintermute	LP	getrf	2048	2026-10-09	65d0c8b8	14.101	131.766	48.1742	2.7352	0.5965	1.0022	1.4543
wintermute	LP	getrf	2100	2026-10-09	65d0c8b8	14.101	136.542	37.6505	3.6266	0.7569	1.0019	1.5394
wintermute	LP	getrf	4096	2026-10-09	65d0c8b8	14.101	1020.66	418.478	2.4390	0.4597	1.0012	1.6053
wintermute	LP	getrs	8	2026-10-09	65d0c8b8	14.101	0.0324521	0.032501	0.9985	1.9531	1.0084	1.0066
wintermute	LP	getrs	32	2026-10-09	65d0c8b8	14.101	0.313671	0.310817	1.0092	1.1622	1.0214	1.0283
wintermute	LP	getrs	50	2026-10-09	65d0c8b8	14.101	0.738635	0.721672	1.0235	1.1502	1.1382	1.1567
wintermute	LP	getrs	100	2026-10-09	65d0c8b8	14.101	4.2069	4.24712	0.9905	0.8901	1.0266	1.0248
wintermute	LP	getrs	128	2026-10-09	65d0c8b8	14.101	5.67823	5.69049	0.9978	1.0633	1.0141	1.0358
wintermute	LP	getrs	256	2026-10-09	65d0c8b8	14.101	9.81096	9.83467	0.9976	0.9868	1.0078	1.0060
wintermute	LP	getrs	512	2026-10-09	65d0c8b8	14.101	7.06587	7.09839	0.9954	1.0220	1.0136	1.0079
wintermute	LP	getrs	1000	2026-10-09	65d0c8b8	14.101	5.65817	5.66246	0.9992	1.2274	1.0117	1.0121
wintermute	LP	getrs	1024	2026-10-09	65d0c8b8	14.101	6.37061	6.49105	0.9814	1.2404	1.0277	1.0254
wintermute	LP	getrs	2048	2026-10-09	65d0c8b8	14.101	4.88811	4.80461	1.0174	1.2270	1.0273	1.0563
wintermute	LP	potrsL	8	2026-10-09	65d0c8b8	14.101	0.0610161	0.0610972	0.9987	1.6468	1.0129	1.0078
wintermute	LP	potrsL	32	2026-10-09	65d0c8b8	14.101	0.45058	0.448824	1.0039	1.2154	1.0372	1.0684
wintermute	LP	potrsL	50	2026-10-09	65d0c8b8	14.101	0.241892	0.242339	0.9982	1.1281	1.0164	1.0110
wintermute	LP	potrsL	100	2026-10-09	65d0c8b8	14.101	0.0584144	0.0583797	1.0006	1.1516	1.0096	1.0100
wintermute	LP	potrsL	128	2026-10-09	65d0c8b8	14.101	0.0327042	0.0328033	0.9970	1.1973	1.0098	1.0065
wintermute	LP	potrsL	256	2026-10-09	65d0c8b8	14.101	0.008746	0.00877831	0.9963	1.1472	1.0057	1.2030
wintermute	LP	potrsL	512	2026-10-09	65d0c8b8	14.101	0.0335341	0.0335152	1.0006	1.1301	1.0149	1.0424
wintermute	LP	potrsL	1000	2026-10-09	65d0c8b8	14.101	0.111593	0.12533	0.8904	1.4121	1.0056	1.1014
wintermute	LP	potrsL	1024	2026-10-09	65d0c8b8	14.101	0.14169	0.169094	0.8379	1.3534	1.0571	1.0791
wintermute	LP	potrsL	2048	2026-10-09	65d0c8b8	14.101	1.02757	1.01445	1.0129	1.1792	1.0112	1.0203
wintermute	LP	potrsU	8	2026-10-09	65d0c8b8	14.101	0.0459682	0.0457592	1.0046	2.2264	1.0173	1.0174
wintermute	LP	potrsU	32	2026-10-09	65d0c8b8	14.101	0.325366	0.323192	1.0067	1.5606	1.0345	1.0322
wintermute	LP	potrsU	50	2026-10-09	65d0c8b8	14.101	0.181143	0.180643	1.0028	1.3820	1.0232	1.0108
wintermute	LP	potrsU	100	2026-10-09	65d0c8b8	14.101	0.0518434	0.0519557	0.9978	1.1450	1.0108	1.0173
wintermute	LP	potrsU	128	2026-10-09	65d0c8b8	14.101	0.0281952	0.028155	1.0014	1.2341	1.0099	1.0214
wintermute	LP	potrsU	256	2026-10-09	65d0c8b8	14.101	0.00819511	0.008877	0.9232	1.0881	1.0099	1.0081
wintermute	LP	potrsU	512	2026-10-09	65d0c8b8	14.101	0.0325422	0.0371285	0.8765	1.0314	1.0136	1.1834
wintermute	LP	potrsU	1000	2026-10-09	65d0c8b8	14.101	0.114401	0.12564	0.9105	1.3031	1.0047	1.1687
wintermute	LP	potrsU	1024	2026-10-09	65d0c8b8	14.101	0.128442	0.151438	0.8481	1.3355	1.0149	1.1912
wintermute	LP	potrsU	2048	2026-10-09	65d0c8b8	14.101	0.980672	1.05496	0.9296	1.0688	1.0354	1.0517
wintermute	LP	trtrs	8	2026-10-09	65d0c8b8	14.101	0.0139182	0.0139582	0.9971	3.7130	1.2161	1.0261
wintermute	LP	trtrs	32	2026-10-09	65d0c8b8	14.101	0.286159	0.285728	1.0015	0.9859	1.0550	1.0277
wintermute	LP	trtrs	50	2026-10-09	65d0c8b8	14.101	0.973045	0.976036	0.9969	0.9274	1.0525	1.0606
wintermute	LP	trtrs	100	2026-10-09	65d0c8b8	14.101	2.57857	2.57248	1.0024	0.9815	1.0967	1.0825
wintermute	LP	trtrs	128	2026-10-09	65d0c8b8	14.101	3.32971	3.32034	1.0028	1.1696	1.0495	1.0418
wintermute	LP	trtrs	256	2026-10-09	65d0c8b8	14.101	5.18089	5.17318	1.0015	1.0810	1.0054	1.0079
wintermute	LP	trtrs	512	2026-10-09	65d0c8b8	14.101	3.68322	3.69005	0.9981	1.0307	1.0084	1.0104
wintermute	LP	trtrs	1000	2026-10-09	65d0c8b8	14.101	2.9856	2.98633	0.9998	1.1698	1.0040	1.0083
wintermute	LP	trtrs	1024	2026-10-09	65d0c8b8	14.101	3.20772	3.21561	0.9975	1.2838	1.0128	1.0143
wintermute	LP	trtrs	2048	2026-10-09	65d0c8b8	14.101	2.61797	2.61753	1.0002	1.2267	1.0572	1.0382
wintermute	LP	sytrf	8	2026-10-09	65d0c8b8	14.101	0.125819	0.126094	0.9978	2.5762	1.0115	1.0092
wintermute	LP	sytrf	32	2026-10-09	65d0c8b8	14.101	2.23484	2.23867	0.9983	1.2667	1.0072	1.0183
wintermute	LP	sytrf	50	2026-10-09	65d0c8b8	14.101	1.61609	1.62157	0.9966	1.1587	1.0028	1.0034
wintermute	LP	sytrf	100	2026-10-09	65d0c8b8	14.101	0.750897	0.753469	0.9966	1.4351	1.0064	1.0107
wintermute	LP	sytrf	128	2026-10-09	65d0c8b8	14.101	0.568478	0.566103	1.0042	1.6378	1.0122	1.0127
wintermute	LP	sytrf	256	2026-10-09	65d0c8b8	14.101	0.326978	0.326355	1.0019	1.5168	1.0136	1.0120
wintermute	LP	sytrf	512	2026-10-09	65d0c8b8	14.101	2.36834	2.37095	0.9989	1.2875	1.0109	1.0153
wintermute	LP	sytrf	1000	2026-10-09	65d0c8b8	14.101	9.76458	10.6851	0.9139	0.6997	1.0028	1.0197
wintermute	LP	sytrf	1024	2026-10-09	65d0c8b8	14.101	15.2522	16.0059	0.9529	0.8044	1.0067	1.0073
wintermute	LP	sytrf	2048	2026-10-09	65d0c8b8	14.101	104.708	82.1805	1.2741	0.6857	1.0065	1.0672
wintermute	LP	sytrf	2100	2026-10-09	65d0c8b8	14.101	79.5975	76.1489	1.0453	0.5144	1.0017	1.1007
wintermute	LP	sytrf	4096	2026-10-09	65d0c8b8	14.101	855.848	507.687	1.6858	0.6451	1.1580	1.3771
wintermute	LP	sytrs	8	2026-10-09	65d0c8b8	14.101	0.0597731	0.0597831	0.9998	3.6669	1.0097	1.0055
wintermute	LP	sytrs	32	2026-10-09	65d0c8b8	14.101	0.456319	0.457217	0.9980	2.5476	1.0162	1.0215
wintermute	LP	sytrs	50	2026-10-09	65d0c8b8	14.101	1.08453	1.07437	1.0095	2.0021	1.0604	1.0538
wintermute	LP	sytrs	100	2026-10-09	65d0c8b8	14.101	3.24274	3.24068	1.0006	1.8550	1.0061	1.0124
wintermute	LP	sytrs	128	2026-10-09	65d0c8b8	14.101	5.01349	5.03298	0.9961	1.6835	1.0363	1.0335
wintermute	LP	sytrs	256	2026-10-09	65d0c8b8	14.101	9.34864	9.35185	0.9997	1.6973	1.0172	1.0115
wintermute	LP	sytrs	512	2026-10-09	65d0c8b8	14.101	7.89516	7.88076	1.0018	1.6544	1.0314	1.0183
wintermute	LP	sytrs	1000	2026-10-09	65d0c8b8	14.101	7.47452	7.45775	1.0022	1.4787	1.0116	1.0063
wintermute	LP	sytrs	1024	2026-10-09	65d0c8b8	14.101	7.5041	7.53109	0.9964	1.4659	1.0166	1.0204
wintermute	LP	sytrs	2048	2026-10-09	65d0c8b8	14.101	6.48828	6.26162	1.0362	1.3132	1.0622	1.0143
wintermute	LP	potri	8	2026-10-09	65d0c8b8	14.101	0.16411	0.164342	0.9986	4.3268	1.0013	1.0032
wintermute	LP	potri	32	2026-10-09	65d0c8b8	14.101	1.80469	1.80236	1.0013	3.2271	1.0073	1.0064
wintermute	LP	potri	50	2026-10-09	65d0c8b8	14.101	1.63782	1.63925	0.9991	2.5819	1.0051	1.0017
wintermute	LP	potri	100	2026-10-09	65d0c8b8	14.101	0.767932	0.768398	0.9994	2.4796	1.0037	1.0017
wintermute	LP	potri	128	2026-10-09	65d0c8b8	14.101	0.476094	0.476137	0.9999	2.8474	1.0083	1.0085
wintermute	LP	potri	256	2026-10-09	65d0c8b8	14.101	0.312851	0.32646	0.9583	1.1093	1.0044	1.0052
wintermute	LP	potri	512	2026-10-09	65d0c8b8	14.101	2.25056	2.17793	1.0333	0.5196	1.0028	1.0350
wintermute	LP	potri	1000	2026-10-09	65d0c8b8	14.101	14.4603	13.0823	1.1053	0.3414	1.0009	1.0450
wintermute	LP	potri	1024	2026-10-09	65d0c8b8	14.101	15.6748	14.2102	1.1031	0.3895	1.0029	1.0475
wintermute	LP	potri	2048	2026-10-09	65d0c8b8	14.101	119.678	103.437	1.1570	0.2871	1.0054	1.0079
wintermute	LP	trtri	8	2026-10-09	65d0c8b8	14.101	0.0630267	0.0628646	1.0026	1.8583	1.1161	1.0887
wintermute	LP	trtri	32	2026-10-09	65d0c8b8	14.101	1.1932	1.19103	1.0018	1.8329	1.0238	1.0294
wintermute	LP	trtri	50	2026-10-09	65d0c8b8	14.101	0.876123	0.874072	1.0023	2.0679	1.0228	1.0302
wintermute	LP	trtri	100	2026-10-09	65d0c8b8	14.101	0.383188	0.385748	0.9934	2.5607	1.0152	1.0079
wintermute	LP	trtri	128	2026-10-09	65d0c8b8	14.101	0.250236	0.250108	1.0005	2.5126	1.0043	1.0032
wintermute	LP	trtri	256	2026-10-09	65d0c8b8	14.101	0.151531	0.151434	1.0006	1.1709	1.0049	1.0102
wintermute	LP	trtri	512	2026-10-09	65d0c8b8	14.101	1.07266	1.07239	1.0002	0.4962	1.0164	1.0068
wintermute	LP	trtri	1000	2026-10-09	65d0c8b8	14.101	7.55546	7.55524	1.0000	0.3447	1.0030	1.0026
wintermute	LP	trtri	1024	2026-10-09	65d0c8b8	14.101	7.78294	7.78291	1.0000	0.3604	1.0025	1.0040
wintermute	LP	trtri	2048	2026-10-09	65d0c8b8	14.101	60.892	61.0904	0.9968	0.2478	1.0101	1.0049
wintermute	LP	getri	8	2026-10-09	65d0c8b8	14.101	0.138794	0.139312	0.9963	1.3806	1.0956	1.0666
wintermute	LP	getri	32	2026-10-09	65d0c8b8	14.101	2.27194	2.26841	1.0016	1.6205	1.0171	1.0077
wintermute	LP	getri	50	2026-10-09	65d0c8b8	14.101	1.97874	1.97913	0.9998	1.5898	1.0062	1.0111
wintermute	LP	getri	100	2026-10-09	65d0c8b8	14.101	0.966557	0.967559	0.9990	1.5051	1.0034	1.0047
wintermute	LP	getri	128	2026-10-09	65d0c8b8	14.101	0.730485	0.73087	0.9995	1.2869	1.0036	1.0017
wintermute	LP	getri	256	2026-10-09	65d0c8b8	14.101	0.562314	0.534571	1.0519	0.7232	1.0036	1.0618
wintermute	LP	getri	512	2026-10-09	65d0c8b8	14.101	4.18226	2.61192	1.6012	0.5889	1.0022	1.2065
wintermute	LP	getri	1000	2026-10-09	65d0c8b8	14.101	28.2676	16.2333	1.7413	0.4346	1.0012	1.2173
wintermute	LP	getri	1024	2026-10-09	65d0c8b8	14.101	30.8984	17.5486	1.7607	0.4750	1.0012	1.2462
wintermute	LP	getri	2048	2026-10-09	65d0c8b8	14.101	247.939	130.949	1.8934	0.4367	1.0024	1.0089
wintermute	LP	sytri	8	2026-10-09	65d0c8b8	14.101	0.235473	0.235335	1.0006	0.9606	1.0037	1.0055
wintermute	LP	sytri	32	2026-10-09	65d0c8b8	14.101	2.18978	2.1902	0.9998	1.0675	1.0125	1.0083
wintermute	LP	sytri	50	2026-10-09	65d0c8b8	14.101	1.53636	1.53734	0.9994	1.0491	1.0036	1.0052
wintermute	LP	sytri	100	2026-10-09	65d0c8b8	14.101	0.834203	0.833968	1.0003	1.0293	1.0058	1.0032
wintermute	LP	sytri	128	2026-10-09	65d0c8b8	14.101	0.67543	0.675059	1.0006	1.0345	1.0058	1.0046
wintermute	LP	sytri	256	2026-10-09	65d0c8b8	14.101	0.475346	0.540152	0.8800	0.7207	1.0232	1.1128
wintermute	LP	sytri	512	2026-10-09	65d0c8b8	14.101	4.1868	3.28642	1.2740	0.5836	1.0072	1.0564
wintermute	LP	sytri	1000	2026-10-09	65d0c8b8	14.101	22.4162	14.3734	1.5596	0.4599	1.0031	1.1247
wintermute	LP	sytri	1024	2026-10-09	65d0c8b8	14.101	30.1489	18.5654	1.6239	0.4846	1.0041	1.0062
wintermute	LP	sytri	2048	2026-10-09	65d0c8b8	14.101	272.789	131.792	2.0698	0.4737	1.0048	1.5140
wintermute	LP	gelsy	8	2026-10-09	65d0c8b8	14.101	0.714699	0.715147	0.9994	2.3615	1.0061	1.0022
wintermute	LP	gelsy	32	2026-10-09	65d0c8b8	14.101	6.14766	6.14959	0.9997	1.3532	1.0022	1.0013
wintermute	LP	gelsy	50	2026-10-09	65d0c8b8	14.101	4.9924	4.99875	0.9987	1.1411	1.0022	1.0021
wintermute	LP	gelsy	100	2026-10-09	65d0c8b8	14.101	2.54708	2.55137	0.9983	1.2522	1.0023	1.0015
wintermute	LP	gelsy	128	2026-10-09	65d0c8b8	14.101	1.97554	1.97789	0.9988	1.7400	1.0037	1.0014
wintermute	LP	gelsy	256	2026-10-09	65d0c8b8	14.101	1.25133	1.25038	1.0008	1.2908	1.0213	1.0266
wintermute	LP	gelsy	512	2026-10-09	65d0c8b8	14.101	10.5478	10.1299	1.0413	1.1304	1.0335	1.0171
wintermute	LP	gelsy	1000	2026-10-09	65d0c8b8	14.101	57.032	52.7769	1.0806	0.6718	1.0004	1.0282
wintermute	LP	gelsy	1024	2026-10-09	65d0c8b8	14.101	75.1652	70.0418	1.0731	0.7652	1.0035	1.0106
wintermute	LP	gelsd	8	2026-10-09	65d0c8b8	14.101	1.98142	1.98421	0.9986	2.3879	1.0038	1.0038
wintermute	LP	gelsd	32	2026-10-09	65d0c8b8	14.101	24.666	24.6795	0.9995	2.2527	1.0007	1.0009
wintermute	LP	gelsd	50	2026-10-09	65d0c8b8	14.101	17.6308	17.6528	0.9988	2.3830	1.0013	1.0096
wintermute	LP	gelsd	100	2026-10-09	65d0c8b8	14.101	8.23583	8.23398	1.0002	2.5508	1.0020	1.0012
wintermute	LP	gelsd	128	2026-10-09	65d0c8b8	14.101	6.00067	6.01626	0.9974	2.6133	1.0027	1.0020
wintermute	LP	gelsd	256	2026-10-09	65d0c8b8	14.101	3.42382	4.18513	0.8181	1.7975	1.0035	1.0148
wintermute	LP	gelsd	512	2026-10-09	65d0c8b8	14.101	23.0822	20.2421	1.1403	2.3848	1.0015	1.0806
wintermute	LP	gelsd	1000	2026-10-09	65d0c8b8	14.101	136.766	82.9603	1.6486	1.3249	1.0012	1.1884
wintermute	LP	gelsd	1024	2026-10-09	65d0c8b8	14.101	161.051	100.007	1.6104	1.9541	1.0021	1.1892
wintermute	LP	geev	8	2026-10-09	65d0c8b8	14.101	3.45099	3.44859	1.0007	1.3964	1.0031	1.0222
wintermute	LP	geev	32	2026-10-09	65d0c8b8	14.101	59.3532	59.3677	0.9998	1.1533	1.0012	1.0010
wintermute	LP	geev	50	2026-10-09	65d0c8b8	14.101	51.3498	51.3484	1.0000	1.0569	1.0036	1.0019
wintermute	LP	geev	100	2026-10-09	65d0c8b8	14.101	35.3839	35.3884	0.9999	1.4018	1.0015	1.0029
wintermute	LP	geev	128	2026-10-09	65d0c8b8	14.101	32.4798	32.4286	1.0016	1.2058	1.0048	1.0059
wintermute	LP	geev	256	2026-10-09	65d0c8b8	14.101	23.9808	24.9852	0.9598	0.9255	1.0150	1.0098
wintermute	LP	geev	512	2026-10-09	65d0c8b8	14.101	189.383	184.689	1.0254	1.7035	1.0243	1.0227
wintermute	LP	geev	1000	2026-10-09	65d0c8b8	14.101	432.477	372.062	1.1624	0.9042	1.0195	1.0400
wintermute	LP	geev	1024	2026-10-09	65d0c8b8	14.101	719.713	643.578	1.1183	1.5090	1.0157	1.0379
wintermute	LP	gbtrf	8	2026-10-09	65d0c8b8	14.101	0.060033	0.060025	1.0001	1.7688	1.0138	1.0431
wintermute	LP	gbtrf	32	2026-10-09	65d0c8b8	14.101	0.328578	0.328523	1.0002	1.5887	1.0051	1.0086
wintermute	LP	gbtrf	50	2026-10-09	65d0c8b8	14.101	0.231931	0.231732	1.0009	1.4211	1.0023	1.0063
wintermute	LP	gbtrf	100	2026-10-09	65d0c8b8	14.101	0.0898801	0.0900632	0.9980	1.3731	1.0087	1.0079
wintermute	LP	gbtrf	128	2026-10-09	65d0c8b8	14.101	0.0744507	0.0740624	1.0052	1.3198	1.0219	1.0196
wintermute	LP	gbtrf	256	2026-10-09	65d0c8b8	14.101	0.050066	0.049976	1.0018	1.3074	1.0156	1.0181
wintermute	LP	gbtrf	512	2026-10-09	65d0c8b8	14.101	0.226431	0.226628	0.9991	1.8965	1.0156	1.0138
wintermute	LP	gbtrf	1000	2026-10-09	65d0c8b8	14.101	1.12114	1.1198	1.0012	0.8281	1.0031	1.0028
wintermute	LP	gbtrf	1024	2026-10-09	65d0c8b8	14.101	1.11059	1.11053	1.0001	0.7991	1.0018	1.0047
wintermute	LP	gbtrf	2048	2026-10-09	65d0c8b8	14.101	7.21542	7.22108	0.9992	0.4917	1.0022	1.0014
wintermute	LP	geqp3	8	2026-10-09	65d0c8b8	14.101	0.431749	0.431396	1.0008	1.7252	1.1027	1.1042
wintermute	LP	geqp3	32	2026-10-09	65d0c8b8	14.101	4.64124	4.64313	0.9996	1.1388	1.0078	1.0030
wintermute	LP	geqp3	50	2026-10-09	65d0c8b8	14.101	4.23951	4.24466	0.9988	1.0058	1.0059	1.0038
wintermute	LP	geqp3	100	2026-10-09	65d0c8b8	14.101	2.24619	2.24833	0.9990	1.2599	1.0023	1.0013
wintermute	LP	geqp3	128	2026-10-09	65d0c8b8	14.101	1.76955	1.77058	0.9994	1.3435	1.0043	1.0014
wintermute	LP	geqp3	256	2026-10-09	65d0c8b8	14.101	1.17821	1.16843	1.0084	1.1421	1.0191	1.0081
wintermute	LP	geqp3	512	2026-10-09	65d0c8b8	14.101	10.3573	9.85712	1.0507	1.1045	1.0148	1.0219
wintermute	LP	geqp3	1000	2026-10-09	65d0c8b8	14.101	55.6011	50.9239	1.0918	0.5946	1.0062	1.0362
wintermute	LP	geqp3	1024	2026-10-09	65d0c8b8	14.101	74.1788	68.9097	1.0765	0.7019	1.0035	1.0284
wintermute	LP	geqp3	2048	2026-10-09	65d0c8b8	14.101	766.28	713.445	1.0741	0.4127	1.0039	1.0033
wintermute	LP	gels	8	2026-10-09	65d0c8b8	14.101	0.33871	0.338737	0.9999	2.7522	1.0029	1.0014
wintermute	LP	gels	32	2026-10-09	65d0c8b8	14.101	3.31606	3.31539	1.0002	1.4392	1.0020	1.0021
wintermute	LP	gels	50	2026-10-09	65d0c8b8	14.101	2.66238	2.66289	0.9998	1.4837	1.0017	1.0024
wintermute	LP	gels	100	2026-10-09	65d0c8b8	14.101	1.29917	1.30035	0.9991	1.9183	1.0083	1.0086
wintermute	LP	gels	128	2026-10-09	65d0c8b8	14.101	0.967527	0.96749	1.0000	2.1882	1.0030	1.0024
wintermute	LP	gels	256	2026-10-09	65d0c8b8	14.101	0.631618	0.633524	0.9970	2.1287	1.0042	1.0046
wintermute	LP	gels	512	2026-10-09	65d0c8b8	14.101	4.32214	3.18176	1.3584	2.3156	1.0020	1.0832
wintermute	LP	gels	1000	2026-10-09	65d0c8b8	14.101	28.8492	21.7834	1.3244	0.6349	1.0008	1.0864
wintermute	LP	gels	1024	2026-10-09	65d0c8b8	14.101	31.9643	23.4164	1.3650	1.3156	1.0021	1.0194
wintermute	LP	pstrf	8	2026-10-09	65d0c8b8	14.101	0.222777	0.223624	0.9962	1.0394	1.0075	1.0066
wintermute	LP	pstrf	32	2026-10-09	65d0c8b8	14.101	1.74839	1.75575	0.9958	1.2798	1.0078	1.0038
wintermute	LP	pstrf	50	2026-10-09	65d0c8b8	14.101	1.24543	1.25086	0.9957	1.3072	1.0025	1.0035
wintermute	LP	pstrf	100	2026-10-09	65d0c8b8	14.101	0.614169	0.616594	0.9961	1.2187	1.0035	1.0026
wintermute	LP	pstrf	128	2026-10-09	65d0c8b8	14.101	0.55326	0.554428	0.9979	1.2209	1.0036	1.0049
wintermute	LP	pstrf	256	2026-10-09	65d0c8b8	14.101	0.383385	0.395387	0.9696	1.1804	1.0404	1.0529
wintermute	LP	pstrf	512	2026-10-09	65d0c8b8	14.101	3.47357	3.18861	1.0894	1.6542	1.0048	1.0217
wintermute	LP	pstrf	1000	2026-10-09	65d0c8b8	14.101	9.92303	7.83401	1.2667	0.7305	1.0012	1.1640
wintermute	LP	pstrf	1024	2026-10-09	65d0c8b8	14.101	22.2907	15.7141	1.4185	1.5011	1.0018	1.0591
wintermute	LP	pstrf	2048	2026-10-09	65d0c8b8	14.101	122.237	66.0045	1.8520	1.5975	1.0015	1.0676
wintermute	LP	pstrf	2100	2026-10-09	65d0c8b8	14.101	81.4374	39.3092	2.0717	0.8819	1.0023	1.2329
wintermute	LP	pstrf	4096	2026-10-09	65d0c8b8	14.101	866.89	359.065	2.4143	1.4893	1.0769	1.1554
wintermute	LP	pstrfU	8	2026-10-09	65d0c8b8	14.101	0.243251	0.242485	1.0032	0.9250	1.0052	1.0039
wintermute	LP	pstrfU	32	2026-10-09	65d0c8b8	14.101	2.02705	2.03152	0.9978	1.0024	1.0027	1.0064
wintermute	LP	pstrfU	50	2026-10-09	65d0c8b8	14.101	1.48831	1.49395	0.9962	0.9299	1.0031	1.0018
wintermute	LP	pstrfU	100	2026-10-09	65d0c8b8	14.101	0.691761	0.693204	0.9979	1.0361	1.0035	1.0031
wintermute	LP	pstrfU	128	2026-10-09	65d0c8b8	14.101	0.663368	0.662827	1.0008	1.2721	1.0074	1.0081
wintermute	LP	pstrfU	256	2026-10-09	65d0c8b8	14.101	0.608692	0.615813	0.9884	1.5138	1.0755	1.0800
wintermute	LP	pstrfU	512	2026-10-09	65d0c8b8	14.101	6.21892	6.08587	1.0219	1.6418	1.0097	1.0138
wintermute	LP	pstrfU	1000	2026-10-09	65d0c8b8	14.101	10.2424	11.2374	0.9115	0.5556	1.0023	1.0891
wintermute	LP	pstrfU	1024	2026-10-09	65d0c8b8	14.101	32.21	26.8064	1.2016	1.5809	1.0018	1.0415
wintermute	LP	pstrfU	2048	2026-10-09	65d0c8b8	14.101	172.102	112.604	1.5284	1.5828	1.0025	1.0764
wintermute	LP	pstrfU	2100	2026-10-09	65d0c8b8	14.101	88.8999	61.8472	1.4374	0.5992	1.0021	1.1424
wintermute	LP	pstrfU	4096	2026-10-09	65d0c8b8	14.101	1461.2	1001.22	1.4594	0.8116	1.1433	1.2090
wintermute	LP	gesvd	8	2026-10-09	65d0c8b8	14.101	3.56323	3.56612	0.9992	1.4159	1.0018	1.0016
wintermute	LP	gesvd	32	2026-10-09	65d0c8b8	14.101	53.5054	53.5457	0.9992	1.0591	1.0016	1.0012
wintermute	LP	gesvd	50	2026-10-09	65d0c8b8	14.101	42.7861	42.788	1.0000	1.1845	1.0009	1.0016
wintermute	LP	gesvd	100	2026-10-09	65d0c8b8	14.101	19.809	19.8101	0.9999	1.1181	1.0027	1.0020
wintermute	LP	gesvd	128	2026-10-09	65d0c8b8	14.101	14.237	14.26	0.9984	1.0693	1.0017	1.0021
wintermute	LP	gesvd	256	2026-10-09	65d0c8b8	14.101	7.752	7.6575	1.0123	0.9846	1.0061	1.0696
wintermute	LP	gesvd	512	2026-10-09	65d0c8b8	14.101	50.1899	37.4783	1.3392	1.4012	1.0016	1.1363
wintermute	LP	gesvd	1000	2026-10-09	65d0c8b8	14.101	297.961	158.905	1.8751	0.9664	1.0044	1.2586
wintermute	LP	gesvd	1024	2026-10-09	65d0c8b8	14.101	334.918	182.793	1.8322	1.5266	1.0029	1.1407
wintermute	LP	gesvd	2048	2026-10-09	65d0c8b8	14.101	3024.27	1122.03	2.6953	1.4718	1.0091	1.2913
wintermute	LP	syev	8	2026-10-09	65d0c8b8	14.101	2.08067	2.07729	1.0016	1.5023	1.0684	1.0687
wintermute	LP	syev	32	2026-10-09	65d0c8b8	14.101	26.2759	26.2706	1.0002	1.5038	1.0060	1.0016
wintermute	LP	syev	50	2026-10-09	65d0c8b8	14.101	19.7538	19.7583	0.9998	1.6406	1.0016	1.0019
wintermute	LP	syev	100	2026-10-09	65d0c8b8	14.101	9.52478	9.52517	1.0000	1.5390	1.0012	1.0012
wintermute	LP	syev	128	2026-10-09	65d0c8b8	14.101	7.35233	7.35235	1.0000	1.4496	1.0024	1.0046
wintermute	LP	syev	256	2026-10-09	65d0c8b8	14.101	3.97244	4.14747	0.9578	1.2127	1.0030	1.0235
wintermute	LP	syev	512	2026-10-09	65d0c8b8	14.101	25.7524	19.6631	1.3097	1.2533	1.0051	1.1046
wintermute	LP	syev	1000	2026-10-09	65d0c8b8	14.101	128.308	63.8059	2.0109	1.0322	1.0035	1.1476
wintermute	LP	syev	1024	2026-10-09	65d0c8b8	14.101	165.985	100.186	1.6568	1.0403	1.0056	1.0960
wintermute	LP	syev	2048	2026-10-09	65d0c8b8	14.101	1170.39	485.763	2.4094	1.2583	1.0321	1.1887
wintermute	LP	syevN	8	2026-10-09	65d0c8b8	14.101	1.3397	1.33874	1.0007	1.2953	1.0037	1.0049
wintermute	LP	syevN	32	2026-10-09	65d0c8b8	14.101	15.375	15.377	0.9999	1.1701	1.0109	1.0011
wintermute	LP	syevN	50	2026-10-09	65d0c8b8	14.101	11.0336	11.041	0.9993	1.2669	1.0008	1.0021
wintermute	LP	syevN	100	2026-10-09	65d0c8b8	14.101	5.05999	5.06469	0.9991	1.2996	1.0027	1.0024
wintermute	LP	syevN	128	2026-10-09	65d0c8b8	14.101	3.665	3.6643	1.0002	1.2712	1.0030	1.0036
wintermute	LP	syevN	256	2026-10-09	65d0c8b8	14.101	1.80179	2.10576	0.8557	0.9596	1.0074	1.0281
wintermute	LP	syevN	512	2026-10-09	65d0c8b8	14.101	10.6145	8.86172	1.1978	0.8920	1.0049	1.0094
wintermute	LP	syevN	1000	2026-10-09	65d0c8b8	14.101	55.1737	38.6734	1.4267	0.7877	1.0014	1.0752
wintermute	LP	syevN	1024	2026-10-09	65d0c8b8	14.101	66.9214	44.9066	1.4902	0.7445	1.0034	1.1855
wintermute	LP	syevN	2048	2026-10-09	65d0c8b8	14.101	467.538	243.202	1.9224	0.7266	1.0422	1.1084
wintermute	LP	gtsv	256	2026-10-09	65d0c8b8	14.101	0.002956	0.002956	1.0000	1.2882	1.0003	1.0033
wintermute	LP	gtsv	1024	2026-10-09	65d0c8b8	14.101	0.011742	0.011742	1.0000	1.2877	1.0017	1.0009
wintermute	LP	gtsv	4096	2026-10-09	65d0c8b8	14.101	0.046868	0.046878	0.9998	1.2877	1.0002	1.0002
wintermute	LP	gtsv	16384	2026-10-09	65d0c8b8	14.101	0.18773	0.187434	1.0016	1.2881	1.0042	1.0004
wintermute	LP	gtsv	65536	2026-10-09	65d0c8b8	14.101	0.804471	0.805503	0.9987	1.2084	1.0061	1.0063
wintermute	LP	gtsv	262144	2026-10-09	65d0c8b8	14.101	3.22619	3.22705	0.9997	1.2035	1.0004	1.0007
wintermute	LP	gttrf	256	2026-10-09	65d0c8b8	14.101	0.001884	0.00187499	1.0048	1.4747	1.0434	1.0645
wintermute	LP	gttrf	1024	2026-10-09	65d0c8b8	14.101	0.0063431	0.0063353	1.0012	1.6264	1.0396	1.0239
wintermute	LP	gttrf	4096	2026-10-09	65d0c8b8	14.101	0.0240514	0.0242148	0.9933	1.6187	1.0243	1.0246
wintermute	LP	gttrf	16384	2026-10-09	65d0c8b8	14.101	0.0949291	0.0947891	1.0015	1.6297	1.0032	1.0048
wintermute	LP	gttrf	65536	2026-10-09	65d0c8b8	14.101	0.378693	0.378558	1.0004	1.6383	1.0019	1.0076
wintermute	LP	gttrf	262144	2026-10-09	65d0c8b8	14.101	1.52139	1.52106	1.0002	1.6215	1.0008	1.0010
wintermute	LP	gttrs	256	2026-10-09	65d0c8b8	14.101	0.002795	0.002795	1.0000	1.0072	1.0004	1.0007
wintermute	LP	gttrs	1024	2026-10-09	65d0c8b8	14.101	0.011071	0.011071	1.0000	1.0036	1.0009	1.0008
wintermute	LP	gttrs	4096	2026-10-09	65d0c8b8	14.101	0.0441421	0.044143	1.0000	1.0023	1.0002	1.0002
wintermute	LP	gttrs	16384	2026-10-09	65d0c8b8	14.101	0.176443	0.176453	0.9999	1.0018	1.0001	1.0001
wintermute	LP	gttrs	65536	2026-10-09	65d0c8b8	14.101	0.71131	0.71134	1.0000	1.0022	1.0006	1.0008
wintermute	LP	gttrs	262144	2026-10-09	65d0c8b8	14.101	2.84046	2.84097	0.9998	1.0041	1.0003	1.0003
wintermute	LP	pttrf	256	2026-10-09	65d0c8b8	14.101	0.00145211	0.001453	0.9994	1.1170	1.0069	1.0069
wintermute	LP	pttrf	1024	2026-10-09	65d0c8b8	14.101	0.00566011	0.005651	1.0016	1.1294	1.0105	1.0090
wintermute	LP	pttrf	4096	2026-10-09	65d0c8b8	14.101	0.022492	0.022492	1.0000	1.1305	1.0050	1.0049
wintermute	LP	pttrf	16384	2026-10-09	65d0c8b8	14.101	0.0898401	0.089829	1.0001	1.1311	1.0012	1.0013
wintermute	LP	pttrf	65536	2026-10-09	65d0c8b8	14.101	0.359486	0.3595	1.0000	1.1305	1.0002	1.0004
wintermute	LP	pttrf	262144	2026-10-09	65d0c8b8	14.101	1.44539	1.44646	0.9993	1.1312	1.0015	1.0004
wintermute	LP	pttrs	256	2026-10-09	65d0c8b8	14.101	0.288277	0.289111	0.9971	0.9564	1.0093	1.0052
wintermute	LP	pttrs	1024	2026-10-09	65d0c8b8	14.101	0.068679	0.068679	1.0000	0.9888	1.0006	1.0010
wintermute	LP	pttrs	4096	2026-10-09	65d0c8b8	14.101	0.014367	0.014377	0.9993	0.9986	1.0007	1.0007
wintermute	LP	pttrs	16384	2026-10-09	65d0c8b8	14.101	0.0573071	0.0572991	1.0001	0.9993	1.0002	1.0002
wintermute	LP	pttrs	65536	2026-10-09	65d0c8b8	14.101	0.229303	0.229303	1.0000	0.9987	1.0002	1.0001
wintermute	LP	pttrs	262144	2026-10-09	65d0c8b8	14.101	0.922848	0.922937	0.9999	0.9986	1.0004	1.0003
wintermute	LP	ptsv	256	2026-10-09	65d0c8b8	14.101	0.002364	0.002364	1.0000	1.0512	1.0043	1.0034
wintermute	LP	ptsv	1024	2026-10-09	65d0c8b8	14.101	0.009258	0.009257	1.0001	1.0757	1.0002	1.0011
wintermute	LP	ptsv	4096	2026-10-09	65d0c8b8	14.101	0.0368423	0.036839	1.0001	1.0811	1.0030	1.0032
wintermute	LP	ptsv	16384	2026-10-09	65d0c8b8	14.101	0.147087	0.147142	0.9996	1.0825	1.0007	1.0007
wintermute	LP	ptsv	65536	2026-10-09	65d0c8b8	14.101	0.59414	0.593962	1.0003	1.0795	1.0008	1.0006
wintermute	LP	ptsv	262144	2026-10-09	65d0c8b8	14.101	2.36911	2.36889	1.0001	1.0809	1.0006	1.0010
wintermute	LP	pbtrfL	16	2026-10-09	65d0c8b8	14.101	0.316643	0.316486	1.0005	1.2850	1.0018	1.0019
wintermute	LP	pbtrfL	32	2026-10-09	65d0c8b8	14.101	0.541129	0.540745	1.0007	1.6471	1.0129	1.0105
wintermute	LP	pbtrfL	64	2026-10-09	65d0c8b8	14.101	1.01912	1.0196	0.9995	2.2495	1.0012	1.0007
wintermute	LP	pbtrfL	96	2026-10-09	65d0c8b8	14.101	1.57128	1.5721	0.9995	1.3916	1.0019	1.0019
wintermute	LP	pbtrfL	128	2026-10-09	65d0c8b8	14.101	2.22094	2.22107	0.9999	1.1595	1.0008	1.0015
wintermute	LP	pbtrfL	192	2026-10-09	65d0c8b8	14.101	4.01857	4.01851	1.0000	0.7977	1.0003	1.0005
wintermute	LP	pbtrfL	256	2026-10-09	65d0c8b8	14.101	6.44559	6.42081	1.0039	0.6512	1.0008	1.0192
wintermute	LP	pbtrfL	384	2026-10-09	65d0c8b8	14.101	12.873	8.38913	1.5345	0.6575	1.0008	1.2090
wintermute	LP	pbtrfU	16	2026-10-09	65d0c8b8	14.101	0.341285	0.341253	1.0001	1.7556	1.0011	1.0015
wintermute	LP	pbtrfU	32	2026-10-09	65d0c8b8	14.101	0.662012	0.662448	0.9993	2.3019	1.0026	1.0019
wintermute	LP	pbtrfU	64	2026-10-09	65d0c8b8	14.101	1.26049	1.26045	1.0000	3.5729	1.0057	1.0067
wintermute	LP	pbtrfU	96	2026-10-09	65d0c8b8	14.101	1.90189	1.90151	1.0002	1.1620	1.0052	1.0043
wintermute	LP	pbtrfU	128	2026-10-09	65d0c8b8	14.101	3.35715	3.35947	0.9993	1.0212	1.0035	1.0046
wintermute	LP	pbtrfU	192	2026-10-09	65d0c8b8	14.101	5.2543	5.24801	1.0012	0.8905	1.0158	1.0038
wintermute	LP	pbtrfU	256	2026-10-09	65d0c8b8	14.101	7.31396	7.60608	0.9616	0.7666	1.0020	1.0910
wintermute	LP	pbtrfU	384	2026-10-09	65d0c8b8	14.101	13.9768	11.2278	1.2448	0.6823	1.0063	1.1731
wintermute	LP	pptrfL	8	2026-10-09	65d0c8b8	14.101	0.100869	0.100784	1.0008	1.1584	1.0077	1.0070
wintermute	LP	pptrfL	32	2026-10-09	65d0c8b8	14.101	0.926214	0.925314	1.0010	1.3844	1.0024	1.0036
wintermute	LP	pptrfL	50	2026-10-09	65d0c8b8	14.101	0.729343	0.728783	1.0008	1.4932	1.0037	1.0035
wintermute	LP	pptrfL	100	2026-10-09	65d0c8b8	14.101	0.320879	0.320753	1.0004	2.5215	1.0052	1.0070
wintermute	LP	pptrfL	128	2026-10-09	65d0c8b8	14.101	0.230586	0.230379	1.0009	3.1526	1.0039	1.0038
wintermute	LP	pptrfL	256	2026-10-09	65d0c8b8	14.101	0.145574	0.148158	0.9826	2.0502	1.0254	1.1637
wintermute	LP	pptrfL	512	2026-10-09	65d0c8b8	14.101	0.99273	0.696422	1.4255	1.7181	1.0064	1.1373
wintermute	LP	pptrfL	1000	2026-10-09	65d0c8b8	14.101	7.51681	3.58101	2.0991	1.6225	1.0020	1.3448
wintermute	LP	pptrfL	1024	2026-10-09	65d0c8b8	14.101	7.56263	3.66986	2.0607	1.6716	1.0019	1.3943
wintermute	LP	pptrfL	2048	2026-10-09	65d0c8b8	14.101	59.346	23.436	2.5323	1.8590	1.0006	1.4882
wintermute	LP	pptrfU	8	2026-10-09	65d0c8b8	14.101	0.0859254	0.0859341	0.9999	2.1655	1.0878	1.0980
wintermute	LP	pptrfU	32	2026-10-09	65d0c8b8	14.101	1.31788	1.32042	0.9981	1.8983	1.0034	1.0043
wintermute	LP	pptrfU	50	2026-10-09	65d0c8b8	14.101	0.988683	0.988774	0.9999	1.9537	1.0019	1.0043
wintermute	LP	pptrfU	100	2026-10-09	65d0c8b8	14.101	0.442804	0.440971	1.0042	2.3878	1.0125	1.0046
wintermute	LP	pptrfU	128	2026-10-09	65d0c8b8	14.101	0.317208	0.317168	1.0001	2.5900	1.0039	1.0027
wintermute	LP	pptrfU	256	2026-10-09	65d0c8b8	14.101	0.176025	0.187278	0.9399	2.5719	1.0020	1.1546
wintermute	LP	pptrfU	512	2026-10-09	65d0c8b8	14.101	1.09766	0.826871	1.3275	3.7978	1.0082	1.2599
wintermute	LP	pptrfU	1000	2026-10-09	65d0c8b8	14.101	7.78027	3.88603	2.0021	5.5868	1.0015	1.3288
wintermute	LP	pptrfU	1024	2026-10-09	65d0c8b8	14.101	7.96773	4.02044	1.9818	5.8194	1.0016	1.4394
wintermute	LP	pptrfU	2048	2026-10-09	65d0c8b8	14.101	59.8457	23.587	2.5372	7.8863	1.0006	1.5445
wintermute	CL1	zaxpy	1000	2026-10-09	65d0c8b8	13.465	1.61999	1.61942	1.0004	1.0484	1.0035	1.0057
wintermute	CL1	zaxpy	3000	2026-10-09	65d0c8b8	13.465	2.32076	2.32091	0.9999	1.0202	1.0003	1.0006
wintermute	CL1	zaxpy	10000	2026-10-09	65d0c8b8	13.465	2.3205	2.32035	1.0001	0.7018	1.0013	1.0012
wintermute	CL1	zaxpy	30000	2026-10-09	65d0c8b8	13.465	2.6926	2.67247	1.0075	0.2222	1.0305	1.0271
wintermute	CL1	zaxpy	100000	2026-10-09	65d0c8b8	13.465	2.76	2.76235	0.9991	0.1960	1.0061	1.0022
wintermute	CL1	zaxpy	300000	2026-10-09	65d0c8b8	13.465	3.26119	3.26453	0.9990	0.2692	1.0055	1.0074
wintermute	CL1	zaxpy	1000000	2026-10-09	65d0c8b8	13.465	21.9948	21.995	1.0000	0.6635	1.0387	1.0332
wintermute	CL1	zdotc	1000	2026-10-09	65d0c8b8	13.465	1.37175	1.37093	1.0006	1.0725	1.0053	1.0034
wintermute	CL1	zdotc	3000	2026-10-09	65d0c8b8	13.465	2.33605	2.33612	1.0000	1.0237	1.0008	1.0009
wintermute	CL1	zdotc	10000	2026-10-09	65d0c8b8	13.465	2.33203	2.33197	1.0000	0.6644	1.0008	1.0010
wintermute	CL1	zdotc	30000	2026-10-09	65d0c8b8	13.465	2.61267	2.59336	1.0074	0.2304	1.0194	1.0264
wintermute	CL1	zdotc	100000	2026-10-09	65d0c8b8	13.465	2.79389	2.79434	0.9998	0.1769	1.0048	1.0061
wintermute	CL1	zdotc	300000	2026-10-09	65d0c8b8	13.465	3.32091	3.3032	1.0054	0.2447	1.0126	1.0066
wintermute	CL1	zdotc	1000000	2026-10-09	65d0c8b8	13.465	17.3266	17.1616	1.0096	0.5727	1.0399	1.0659
wintermute	CL1	zscal	1000	2026-10-09	65d0c8b8	13.465	1.15795	1.15793	1.0000	1.1150	1.0008	1.0003
wintermute	CL1	zscal	3000	2026-10-09	65d0c8b8	13.465	1.18619	1.18622	1.0000	1.0750	1.0005	1.0005
wintermute	CL1	zscal	10000	2026-10-09	65d0c8b8	13.465	1.17836	0.863121	1.3652	1.4269	1.0007	1.3681
wintermute	CL1	zscal	30000	2026-10-09	65d0c8b8	13.465	1.17478	0.619852	1.8953	1.9734	1.0041	1.0464
wintermute	CL1	zscal	100000	2026-10-09	65d0c8b8	13.465	1.42972	0.507685	2.8162	2.9291	1.0062	1.5090
wintermute	CL1	zscal	300000	2026-10-09	65d0c8b8	13.465	1.65577	0.63636	2.6019	2.5584	1.0211	1.0766
wintermute	CL1	zscal	1000000	2026-10-09	65d0c8b8	13.465	8.46436	2.8251	2.9961	3.1094	1.0962	1.0505
wintermute	CL1	zscalc	1000	2026-10-09	65d0c8b8	13.465	1.22757	1.2276	1.0000	1.0513	1.0083	1.0045
wintermute	CL1	zscalc	3000	2026-10-09	65d0c8b8	13.465	1.31816	1.31845	0.9998	0.9667	1.0009	1.0013
wintermute	CL1	zscalc	10000	2026-10-09	65d0c8b8	13.465	1.30191	1.30214	0.9998	0.9461	1.0010	1.0015
wintermute	CL1	zscalc	30000	2026-10-09	65d0c8b8	13.465	1.29819	1.29844	0.9998	0.9428	1.0008	1.0009
wintermute	CL1	zscalc	100000	2026-10-09	65d0c8b8	13.465	1.43632	1.43511	1.0008	1.0405	1.0047	1.0150
wintermute	CL1	zscalc	300000	2026-10-09	65d0c8b8	13.465	1.64323	1.64407	0.9995	0.9937	1.0063	1.0101
wintermute	CL1	zscalc	1000000	2026-10-09	65d0c8b8	13.465	8.3197	8.35907	0.9953	1.0828	1.0950	1.0602
wintermute	CL1	dznrm2	1000	2026-10-09	65d0c8b8	13.465	0.694147	0.694245	0.9999	4.8218	1.0021	1.0024
wintermute	CL1	dznrm2	3000	2026-10-09	65d0c8b8	13.465	1.16406	1.164	1.0001	3.5356	1.0002	1.0002
wintermute	CL1	dznrm2	10000	2026-10-09	65d0c8b8	13.465	1.16116	1.16146	0.9997	1.3627	1.0004	1.0002
wintermute	CL1	dznrm2	30000	2026-10-09	65d0c8b8	13.465	1.15957	0.49304	2.3519	1.7564	1.0012	1.6403
wintermute	CL1	dznrm2	100000	2026-10-09	65d0c8b8	13.465	1.39639	0.352335	3.9633	1.7379	1.0055	1.6879
wintermute	CL1	dznrm2	300000	2026-10-09	65d0c8b8	13.465	1.62792	0.560106	2.9065	1.1764	1.0086	1.7956
wintermute	CL1	dznrm2	1000000	2026-10-09	65d0c8b8	13.465	7.17831	2.48075	2.8936	1.0068	1.0595	1.3877
wintermute	CL1	dzasum	1000	2026-10-09	65d0c8b8	13.465	0.64406	0.644031	1.0000	1.0907	1.0011	1.0022
wintermute	CL1	dzasum	3000	2026-10-09	65d0c8b8	13.465	1.15476	1.15482	0.9999	1.0097	1.0017	1.0014
wintermute	CL1	dzasum	10000	2026-10-09	65d0c8b8	13.465	1.16154	1.16214	0.9995	1.0037	1.0002	1.0002
wintermute	CL1	dzasum	30000	2026-10-09	65d0c8b8	13.465	1.15956	0.497313	2.3317	0.9921	1.0009	1.0654
wintermute	CL1	dzasum	100000	2026-10-09	65d0c8b8	13.465	1.39326	0.352902	3.9480	0.7411	1.0038	1.6714
wintermute	CL1	dzasum	300000	2026-10-09	65d0c8b8	13.465	1.62816	0.567299	2.8700	0.5683	1.0094	1.1563
wintermute	CL1	dzasum	1000000	2026-10-09	65d0c8b8	13.465	7.17252	2.47737	2.8952	0.7699	1.0843	1.3268
wintermute	CL1	zdotu	1000	2026-10-09	65d0c8b8	13.465	1.3885	1.38909	0.9996	1.0556	1.0045	1.0044
wintermute	CL1	zdotu	3000	2026-10-09	65d0c8b8	13.465	2.33605	2.33535	1.0003	1.0165	1.0009	1.0008
wintermute	CL1	zdotu	10000	2026-10-09	65d0c8b8	13.465	2.33194	2.33218	0.9999	0.6659	1.0008	1.0011
wintermute	CL1	zdotu	30000	2026-10-09	65d0c8b8	13.465	2.67797	2.66894	1.0034	0.2249	1.0136	1.0080
wintermute	CL1	zdotu	100000	2026-10-09	65d0c8b8	13.465	2.78784	2.78781	1.0000	0.1777	1.0017	1.0023
wintermute	CL1	zdotu	300000	2026-10-09	65d0c8b8	13.465	3.31025	3.30806	1.0007	0.2437	1.0117	1.0078
wintermute	CL1	zdotu	1000000	2026-10-09	65d0c8b8	13.465	17.0144	17.2526	0.9862	0.5708	1.0515	1.0633
wintermute	CL1	izamax	1000	2026-10-09	65d0c8b8	13.465	2.82065	2.82733	0.9976	1.3069	1.0102	1.0151
wintermute	CL1	izamax	3000	2026-10-09	65d0c8b8	13.465	2.49733	2.49794	0.9998	1.4467	1.0045	1.0041
wintermute	CL1	izamax	10000	2026-10-09	65d0c8b8	13.465	2.37836	2.37951	0.9995	1.4495	1.0028	1.0025
wintermute	CL1	izamax	30000	2026-10-09	65d0c8b8	13.465	2.33783	2.33827	0.9998	1.5081	1.0028	1.0035
wintermute	CL1	izamax	100000	2026-10-09	65d0c8b8	13.465	2.35611	2.35608	1.0000	1.6037	1.0023	1.0022
wintermute	CL1	izamax	300000	2026-10-09	65d0c8b8	13.465	2.68527	2.68826	0.9989	1.6009	1.0074	1.0061
wintermute	CL1	izamax	1000000	2026-10-09	65d0c8b8	13.465	9.31581	9.31768	0.9998	1.4758	1.0236	1.0152
wintermute	CL2	zgemvN	50	2026-10-09	65d0c8b8	13.416	10.2436	10.252	0.9992	1.0417	1.0045	1.0104
wintermute	CL2	zgemvN	64	2026-10-09	65d0c8b8	13.416	14.5688	14.561	1.0005	1.0207	1.0051	1.0096
wintermute	CL2	zgemvN	100	2026-10-09	65d0c8b8	13.416	34.053	34.3415	0.9916	0.7411	1.0298	1.0564
wintermute	CL2	zgemvN	128	2026-10-09	65d0c8b8	13.416	53.241	53.3051	0.9988	0.5788	1.1334	1.0116
wintermute	CL2	zgemvN	256	2026-10-09	65d0c8b8	13.416	71.2531	71.9352	0.9905	0.4594	1.2246	1.2283
wintermute	CL2	zgemvN	512	2026-10-09	65d0c8b8	13.416	89.5008	89.3776	1.0014	0.3306	1.0141	1.0153
wintermute	CL2	zgemvN	1000	2026-10-09	65d0c8b8	13.416	114.52	113.604	1.0081	0.3543	1.0811	1.1030
wintermute	CL2	zgemvN	1024	2026-10-09	65d0c8b8	13.416	134.865	126.178	1.0688	0.3382	1.1373	1.1571
wintermute	CL2	zgemvN	2048	2026-10-09	65d0c8b8	13.416	168.938	168.88	1.0003	0.6586	1.0184	1.0198
wintermute	CL2	zgemvN	2100	2026-10-09	65d0c8b8	13.416	154.22	154.631	0.9973	0.7006	1.0066	1.0062
wintermute	CL2	zgemvN	4096	2026-10-09	65d0c8b8	13.416	210.756	210.517	1.0011	0.7001	1.0101	1.0120
wintermute	CL2	zgemvT	50	2026-10-09	65d0c8b8	13.416	10.3832	10.3904	0.9993	0.9977	1.0040	1.0067
wintermute	CL2	zgemvT	64	2026-10-09	65d0c8b8	13.416	14.6833	14.6851	0.9999	0.9916	1.0048	1.0068
wintermute	CL2	zgemvT	100	2026-10-09	65d0c8b8	13.416	32.9797	32.9196	1.0018	0.6681	1.0046	1.0040
wintermute	CL2	zgemvT	128	2026-10-09	65d0c8b8	13.416	53.7811	53.6716	1.0020	0.4865	1.0136	1.0161
wintermute	CL2	zgemvT	256	2026-10-09	65d0c8b8	13.416	70.756	71.2081	0.9937	0.2545	1.0962	1.0701
wintermute	CL2	zgemvT	512	2026-10-09	65d0c8b8	13.416	84.6341	84.7714	0.9984	0.1850	1.0525	1.0514
wintermute	CL2	zgemvT	1000	2026-10-09	65d0c8b8	13.416	128.645	126.785	1.0147	0.1654	1.0193	1.0185
wintermute	CL2	zgemvT	1024	2026-10-09	65d0c8b8	13.416	131.728	130.803	1.0071	0.1736	1.0101	1.0175
wintermute	CL2	zgemvT	2048	2026-10-09	65d0c8b8	13.416	180.265	180.164	1.0006	0.6401	1.0123	1.0047
wintermute	CL2	zgemvT	2100	2026-10-09	65d0c8b8	13.416	165.337	165.166	1.0010	0.6668	1.0048	1.0051
wintermute	CL2	zgemvT	4096	2026-10-09	65d0c8b8	13.416	224.747	224.801	0.9998	0.7100	1.0023	1.0020
wintermute	CL2	zgemvC	50	2026-10-09	65d0c8b8	13.416	10.4347	10.4339	1.0001	1.0616	1.0060	1.0045
wintermute	CL2	zgemvC	64	2026-10-09	65d0c8b8	13.416	14.7297	14.733	0.9998	1.0398	1.0057	1.0040
wintermute	CL2	zgemvC	100	2026-10-09	65d0c8b8	13.416	33.0614	33.0276	1.0010	0.6837	1.0108	1.0231
wintermute	CL2	zgemvC	128	2026-10-09	65d0c8b8	13.416	53.8682	54.0642	0.9964	0.5019	1.0125	1.0086
wintermute	CL2	zgemvC	256	2026-10-09	65d0c8b8	13.416	71.3506	71.3303	1.0003	0.2586	1.0394	1.0400
wintermute	CL2	zgemvC	512	2026-10-09	65d0c8b8	13.416	85.2225	84.7368	1.0057	0.1876	1.0443	1.0608
wintermute	CL2	zgemvC	1000	2026-10-09	65d0c8b8	13.416	129.486	127.642	1.0144	0.1688	1.0311	1.0295
wintermute	CL2	zgemvC	1024	2026-10-09	65d0c8b8	13.416	129.932	130.517	0.9955	0.1757	1.0662	1.0221
wintermute	CL2	zgemvC	2048	2026-10-09	65d0c8b8	13.416	180.578	180.43	1.0008	0.6407	1.0378	1.0363
wintermute	CL2	zgemvC	2100	2026-10-09	65d0c8b8	13.416	165.759	165.036	1.0044	0.6707	1.0115	1.0056
wintermute	CL2	zgemvC	4096	2026-10-09	65d0c8b8	13.416	224.334	225.018	0.9970	0.7082	1.0181	1.0076
wintermute	CL2	zgeru	50	2026-10-09	65d0c8b8	13.416	16.7063	16.5437	1.0098	1.0875	1.0563	1.0547
wintermute	CL2	zgeru	64	2026-10-09	65d0c8b8	13.416	24.2674	24.2212	1.0019	0.9773	1.0527	1.0746
wintermute	CL2	zgeru	100	2026-10-09	65d0c8b8	13.416	54.7982	55.112	0.9943	0.4255	1.0340	1.0366
wintermute	CL2	zgeru	128	2026-10-09	65d0c8b8	13.416	82.731	81.0078	1.0213	0.3499	1.0925	1.0854
wintermute	CL2	zgeru	256	2026-10-09	65d0c8b8	13.416	93.8834	93.5652	1.0034	0.2124	1.0979	1.0259
wintermute	CL2	zgeru	512	2026-10-09	65d0c8b8	13.416	86.3057	87.101	0.9909	0.1924	1.0409	1.0484
wintermute	CL2	zgeru	1000	2026-10-09	65d0c8b8	13.416	166.342	166.954	0.9963	0.1578	1.0981	1.0478
wintermute	CL2	zgeru	1024	2026-10-09	65d0c8b8	13.416	176.425	178.136	0.9904	0.1565	1.0260	1.0301
wintermute	CL2	zgeru	2048	2026-10-09	65d0c8b8	13.416	251.33	251.141	1.0008	0.7393	1.0422	1.0234
wintermute	CL2	zgeru	2100	2026-10-09	65d0c8b8	13.416	240.507	240.715	0.9991	0.7786	1.0095	1.0072
wintermute	CL2	zgeru	4096	2026-10-09	65d0c8b8	13.416	336.426	336.212	1.0006	0.8414	1.0045	1.0060
wintermute	CL2	zhemv	50	2026-10-09	65d0c8b8	13.416	22.6108	22.598	1.0006	1.0750	1.0047	1.0033
wintermute	CL2	zhemv	64	2026-10-09	65d0c8b8	13.416	31.592	31.5956	0.9999	1.2176	1.0039	1.0048
wintermute	CL2	zhemv	100	2026-10-09	65d0c8b8	13.416	59.424	59.3224	1.0017	1.5337	1.0097	1.0043
wintermute	CL2	zhemv	128	2026-10-09	65d0c8b8	13.416	87.155	87.2251	0.9992	1.6938	1.0113	1.0162
wintermute	CL2	zhemv	256	2026-10-09	65d0c8b8	13.416	85.3862	84.8576	1.0062	2.2088	1.0422	1.0521
wintermute	CL2	zhemv	512	2026-10-09	65d0c8b8	13.416	74.0864	74.2178	0.9982	0.4764	1.0125	1.0175
wintermute	CL2	zhemv	1000	2026-10-09	65d0c8b8	13.416	70.2	69.8401	1.0052	0.4809	1.0174	1.0089
wintermute	CL2	zhemv	1024	2026-10-09	65d0c8b8	13.416	74.5467	76.6898	0.9721	0.4390	1.0179	1.0155
wintermute	CL2	zhemv	2048	2026-10-09	65d0c8b8	13.416	118.001	117.489	1.0044	0.4248	1.0164	1.1040
wintermute	CL2	zhemv	2100	2026-10-09	65d0c8b8	13.416	116.674	116.375	1.0026	0.4272	1.0453	1.0481
wintermute	CL2	zhemv	4096	2026-10-09	65d0c8b8	13.416	148.43	148.186	1.0016	0.5525	1.0056	1.0070
wintermute	CL2	ztrmv	50	2026-10-09	65d0c8b8	13.416	11.0289	11.0147	1.0013	1.4717	1.0138	1.0204
wintermute	CL2	ztrmv	64	2026-10-09	65d0c8b8	13.416	15.6155	15.6985	0.9947	1.4681	1.0233	1.0201
wintermute	CL2	ztrmv	100	2026-10-09	65d0c8b8	13.416	30.3282	30.7961	0.9848	1.3004	1.0364	1.0409
wintermute	CL2	ztrmv	128	2026-10-09	65d0c8b8	13.416	45.3637	45.636	0.9940	0.7544	1.0507	1.1076
wintermute	CL2	ztrmv	256	2026-10-09	65d0c8b8	13.416	52.5987	52.0936	1.0097	0.4022	1.2624	1.0678
wintermute	CL2	ztrmv	512	2026-10-09	65d0c8b8	13.416	55.0235	55.1991	0.9968	0.2403	1.0272	1.0447
wintermute	CL2	ztrmv	1000	2026-10-09	65d0c8b8	13.416	59.0271	59.0391	0.9998	0.2197	1.0177	1.0141
wintermute	CL2	ztrmv	1024	2026-10-09	65d0c8b8	13.416	65.4491	64.9766	1.0073	0.1961	1.1816	1.1454
wintermute	CL2	ztrmv	2048	2026-10-09	65d0c8b8	13.416	97.5574	97.8462	0.9970	0.3893	1.0166	1.0155
wintermute	CL2	ztrmv	2100	2026-10-09	65d0c8b8	13.416	93.9292	93.9671	0.9996	0.4234	1.0030	1.0105
wintermute	CL2	ztrmv	4096	2026-10-09	65d0c8b8	13.416	123.419	123.463	0.9996	0.6230	1.0067	1.0093
wintermute	CL2	ztrsv	50	2026-10-09	65d0c8b8	13.416	17.7812	17.7972	0.9991	1.2401	1.0040	1.0051
wintermute	CL2	ztrsv	64	2026-10-09	65d0c8b8	13.416	24.4294	24.4274	1.0001	1.2602	1.0063	1.0089
wintermute	CL2	ztrsv	100	2026-10-09	65d0c8b8	13.416	45.5739	45.7301	0.9966	1.2232	1.0093	1.0041
wintermute	CL2	ztrsv	128	2026-10-09	65d0c8b8	13.416	65.6999	65.5977	1.0016	1.1969	1.1494	2.3743
wintermute	CL2	ztrsv	256	2026-10-09	65d0c8b8	13.416	61.6405	61.4156	1.0037	1.2309	1.0736	1.0431
wintermute	CL2	ztrsv	512	2026-10-09	65d0c8b8	13.416	59.9406	59.7647	1.0029	1.1141	1.0453	1.0341
wintermute	CL2	ztrsv	1000	2026-10-09	65d0c8b8	13.416	62.426	62.3589	1.0011	0.9809	1.0352	1.0347
wintermute	CL2	ztrsv	1024	2026-10-09	65d0c8b8	13.416	65.9604	65.1405	1.0126	0.9715	1.0495	1.0475
wintermute	CL2	ztrsv	2048	2026-10-09	65d0c8b8	13.416	101.797	102.379	0.9943	1.0232	1.0142	1.0090
wintermute	CL2	ztrsv	2100	2026-10-09	65d0c8b8	13.416	99.7295	99.5803	1.0015	1.0663	1.0186	1.0104
wintermute	CL2	ztrsv	4096	2026-10-09	65d0c8b8	13.416	124.815	124.917	0.9992	1.0774	1.0045	1.0097
wintermute	CL2	zhpmv	50	2026-10-09	65d0c8b8	13.416	23.6663	23.6587	1.0003	0.9563	1.0158	1.0111
wintermute	CL2	zhpmv	64	2026-10-09	65d0c8b8	13.416	33.4632	33.4133	1.0015	0.8024	1.0192	1.0059
wintermute	CL2	zhpmv	100	2026-10-09	65d0c8b8	13.416	63.8085	63.9884	0.9972	0.5810	1.0186	1.0103
wintermute	CL2	zhpmv	128	2026-10-09	65d0c8b8	13.416	94.6663	95.3137	0.9932	0.4790	1.0616	1.0552
wintermute	CL2	zhpmv	256	2026-10-09	65d0c8b8	13.416	91.7703	91.6597	1.0012	0.3301	1.0141	1.0216
wintermute	CL2	zhpmv	512	2026-10-09	65d0c8b8	13.416	79.8082	79.8059	1.0000	0.2732	1.0110	1.0126
wintermute	CL2	zhpmv	1000	2026-10-09	65d0c8b8	13.416	90.2047	89.9401	1.0029	0.2534	1.0133	1.0210
wintermute	CL2	zhpmv	1024	2026-10-09	65d0c8b8	13.416	90.9817	90.9222	1.0007	0.2612	1.0104	1.0282
wintermute	CL2	zhpmv	2048	2026-10-09	65d0c8b8	13.416	187.417	186.936	1.0026	0.2321	1.0115	1.0069
wintermute	CL2	zhpmv	2100	2026-10-09	65d0c8b8	13.416	211.557	211.572	0.9999	0.2057	1.0088	1.0184
wintermute	CL2	zhpmv	4096	2026-10-09	65d0c8b8	13.416	264.064	264.146	0.9997	0.2869	1.0054	1.0095
wintermute	CL2	zgbmvN	50	2026-10-09	65d0c8b8	13.416	14.8444	14.8807	0.9976	1.2074	1.0172	1.0297
wintermute	CL2	zgbmvN	64	2026-10-09	65d0c8b8	13.416	19.7109	19.7012	1.0005	1.1556	1.0340	1.0176
wintermute	CL2	zgbmvN	100	2026-10-09	65d0c8b8	13.416	32.167	31.9477	1.0069	1.0914	1.0158	1.0575
wintermute	CL2	zgbmvN	128	2026-10-09	65d0c8b8	13.416	41.4484	41.3652	1.0020	1.0722	1.0305	1.0352
wintermute	CL2	zgbmvN	256	2026-10-09	65d0c8b8	13.416	25.8489	25.8175	1.0012	1.0787	1.0117	1.0141
wintermute	CL2	zgbmvN	512	2026-10-09	65d0c8b8	13.416	13.0806	13.0893	0.9993	0.4726	1.0064	1.0105
wintermute	CL2	zgbmvN	1000	2026-10-09	65d0c8b8	13.416	6.78356	6.7762	1.0011	0.4525	1.0065	1.0060
wintermute	CL2	zgbmvN	1024	2026-10-09	65d0c8b8	13.416	6.63918	6.66952	0.9955	0.4555	1.0162	1.0160
wintermute	CL2	zgbmvN	2048	2026-10-09	65d0c8b8	13.416	3.40105	3.39819	1.0008	0.4518	1.0062	1.0053
wintermute	CL2	zgbmvN	2100	2026-10-09	65d0c8b8	13.416	3.30911	3.30815	1.0003	0.4524	1.0037	1.0039
wintermute	CL2	zgbmvN	4096	2026-10-09	65d0c8b8	13.416	2.14737	2.14556	1.0008	0.4454	1.0053	1.0035
wintermute	CL2	zhbmv	50	2026-10-09	65d0c8b8	13.416	20.6671	20.4297	1.0116	1.0963	1.0412	1.0244
wintermute	CL2	zhbmv	64	2026-10-09	65d0c8b8	13.416	26.7078	26.6078	1.0038	1.0828	1.0288	1.0386
wintermute	CL2	zhbmv	100	2026-10-09	65d0c8b8	13.416	42.3019	42.4145	0.9973	1.0812	1.0555	1.0463
wintermute	CL2	zhbmv	128	2026-10-09	65d0c8b8	13.416	54.7357	54.29	1.0082	1.1001	1.0231	1.0403
wintermute	CL2	zhbmv	256	2026-10-09	65d0c8b8	13.416	34.021	33.9913	1.0009	1.0689	1.0163	1.0084
wintermute	CL2	zhbmv	512	2026-10-09	65d0c8b8	13.416	17.0355	17.0942	0.9966	1.0700	1.0101	1.0092
wintermute	CL2	zhbmv	1000	2026-10-09	65d0c8b8	13.416	8.79326	8.77849	1.0017	1.0658	1.0048	1.0022
wintermute	CL2	zhbmv	1024	2026-10-09	65d0c8b8	13.416	8.56374	8.55206	1.0014	1.0667	1.0100	1.0060
wintermute	CL2	zhbmv	2048	2026-10-09	65d0c8b8	13.416	4.2962	4.29715	0.9998	1.0621	1.0029	1.0018
wintermute	CL2	zhbmv	2100	2026-10-09	65d0c8b8	13.416	4.18346	4.17796	1.0013	1.0621	1.0047	1.0020
wintermute	CL2	zhbmv	4096	2026-10-09	65d0c8b8	13.416	2.73346	2.73113	1.0009	1.0701	1.0032	1.0019
wintermute	CL3	zgemm	8	2026-10-09	65d0c8b8	13.876	0.0680136	0.0681398	0.9981	1.9964	1.0217	1.0060
wintermute	CL3	zgemm	32	2026-10-09	65d0c8b8	13.876	3.82275	3.82425	0.9996	0.7021	1.0124	1.0122
wintermute	CL3	zgemm	50	2026-10-09	65d0c8b8	13.876	4.3745	4.372	1.0006	0.3833	1.0089	1.0036
wintermute	CL3	zgemm	100	2026-10-09	65d0c8b8	13.876	2.96117	1.89584	1.5619	0.4023	1.0068	1.0100
wintermute	CL3	zgemm	128	2026-10-09	65d0c8b8	13.876	2.47153	0.77959	3.1703	0.7929	1.0018	1.7366
wintermute	CL3	zgemm	256	2026-10-09	65d0c8b8	13.876	1.98115	0.873716	2.2675	0.6020	1.0057	1.6980
wintermute	CL3	zgemm	512	2026-10-09	65d0c8b8	13.876	16.8638	7.76219	2.1726	0.4916	1.0048	1.3933
wintermute	CL3	zgemm	1000	2026-10-09	65d0c8b8	13.876	119.6	31.5172	3.7948	0.8426	1.0010	1.3182
wintermute	CL3	zgemm	1024	2026-10-09	65d0c8b8	13.876	129.677	34.9895	3.7062	0.8283	1.0026	1.4411
wintermute	CL3	zgemm	2048	2026-10-09	65d0c8b8	13.876	1044.53	304.908	3.4257	0.7349	1.0018	1.3916
wintermute	CL3	zhemm	8	2026-10-09	65d0c8b8	13.876	0.123217	0.124663	0.9884	1.2608	1.0189	1.0154
wintermute	CL3	zhemm	32	2026-10-09	65d0c8b8	13.876	4.61551	4.61753	0.9996	0.8522	1.0035	1.0060
wintermute	CL3	zhemm	50	2026-10-09	65d0c8b8	13.876	5.40412	5.4062	0.9996	0.3918	1.0031	1.0030
wintermute	CL3	zhemm	100	2026-10-09	65d0c8b8	13.876	3.35923	3.35988	0.9998	0.2895	1.0023	1.0020
wintermute	CL3	zhemm	128	2026-10-09	65d0c8b8	13.876	2.64527	2.64514	1.0000	0.3039	1.0023	1.0101
wintermute	CL3	zhemm	256	2026-10-09	65d0c8b8	13.876	2.15675	2.15487	1.0009	0.2474	1.0051	1.0046
wintermute	CL3	zhemm	512	2026-10-09	65d0c8b8	13.876	17.9171	17.9218	0.9997	0.2151	1.0022	1.0015
wintermute	CL3	zhemm	1000	2026-10-09	65d0c8b8	13.876	120.699	120.681	1.0001	0.2190	1.0005	1.0004
wintermute	CL3	zhemm	1024	2026-10-09	65d0c8b8	13.876	134.869	134.756	1.0008	0.2144	1.0043	1.0029
wintermute	CL3	zhemm	2048	2026-10-09	65d0c8b8	13.876	1066.58	1068.36	0.9983	0.2098	1.0080	1.0206
wintermute	CL3	zsymm	8	2026-10-09	65d0c8b8	13.876	0.104826	0.104977	0.9986	1.3622	1.0110	1.0158
wintermute	CL3	zsymm	32	2026-10-09	65d0c8b8	13.876	4.5415	4.52523	1.0036	0.8243	1.0096	1.0121
wintermute	CL3	zsymm	50	2026-10-09	65d0c8b8	13.876	5.32522	5.32508	1.0000	0.3831	1.0075	1.0054
wintermute	CL3	zsymm	100	2026-10-09	65d0c8b8	13.876	3.32758	3.32533	1.0007	0.2840	1.0024	1.0025
wintermute	CL3	zsymm	128	2026-10-09	65d0c8b8	13.876	2.64003	2.639	1.0004	0.2972	1.0034	1.0026
wintermute	CL3	zsymm	256	2026-10-09	65d0c8b8	13.876	2.16727	2.16857	0.9994	0.2389	1.0071	1.0030
wintermute	CL3	zsymm	512	2026-10-09	65d0c8b8	13.876	17.8367	17.8288	1.0004	0.2078	1.0016	1.0013
wintermute	CL3	zsymm	1000	2026-10-09	65d0c8b8	13.876	120.719	120.721	1.0000	0.2187	1.0007	1.0006
wintermute	CL3	zsymm	1024	2026-10-09	65d0c8b8	13.876	134.848	134.829	1.0001	0.2139	1.0038	1.0047
wintermute	CL3	zsymm	2048	2026-10-09	65d0c8b8	13.876	1068.89	1070.51	0.9985	0.2091	1.0084	1.0086
wintermute	CL3	zsyrk	8	2026-10-09	65d0c8b8	13.876	0.0748558	0.0749384	0.9989	2.2101	1.0073	1.0088
wintermute	CL3	zsyrk	32	2026-10-09	65d0c8b8	13.876	3.18223	3.17932	1.0009	0.6349	1.0209	1.0169
wintermute	CL3	zsyrk	50	2026-10-09	65d0c8b8	13.876	3.04781	3.05956	0.9962	0.3678	1.0124	1.0085
wintermute	CL3	zsyrk	100	2026-10-09	65d0c8b8	13.876	2.05412	2.05438	0.9999	0.2710	1.0030	1.0040
wintermute	CL3	zsyrk	128	2026-10-09	65d0c8b8	13.876	1.80217	1.80077	1.0008	0.3087	1.0060	1.0060
wintermute	CL3	zsyrk	256	2026-10-09	65d0c8b8	13.876	1.21938	1.21896	1.0004	0.2383	1.0040	1.0048
wintermute	CL3	zsyrk	512	2026-10-09	65d0c8b8	13.876	9.64998	9.64743	1.0003	0.2143	1.0060	1.0054
wintermute	CL3	zsyrk	1000	2026-10-09	65d0c8b8	13.876	68.6755	68.7406	0.9991	0.2046	1.0057	1.0031
wintermute	CL3	zsyrk	1024	2026-10-09	65d0c8b8	13.876	74.4916	74.4546	1.0005	0.2174	1.0019	1.0027
wintermute	CL3	zsyrk	2048	2026-10-09	65d0c8b8	13.876	572.796	572.401	1.0007	0.2067	1.0023	1.0007
wintermute	CL3	zherk	8	2026-10-09	65d0c8b8	13.876	0.0769685	0.0768714	1.0013	2.2092	1.0044	1.0056
wintermute	CL3	zherk	32	2026-10-09	65d0c8b8	13.876	3.18285	3.16216	1.0065	1.1421	1.0118	1.0173
wintermute	CL3	zherk	50	2026-10-09	65d0c8b8	13.876	3.05908	3.06581	0.9978	1.0544	1.0145	1.0087
wintermute	CL3	zherk	100	2026-10-09	65d0c8b8	13.876	2.05318	2.0533	0.9999	0.4010	1.0015	1.0024
wintermute	CL3	zherk	128	2026-10-09	65d0c8b8	13.876	1.81247	1.81222	1.0001	0.3804	1.0051	1.0222
wintermute	CL3	zherk	256	2026-10-09	65d0c8b8	13.876	1.22104	1.22097	1.0001	0.3292	1.0035	1.0036
wintermute	CL3	zherk	512	2026-10-09	65d0c8b8	13.876	9.64843	9.64444	1.0004	0.2393	1.0040	1.0052
wintermute	CL3	zherk	1000	2026-10-09	65d0c8b8	13.876	68.3706	68.3343	1.0005	0.2138	1.0012	1.0010
wintermute	CL3	zherk	1024	2026-10-09	65d0c8b8	13.876	74.4669	74.4736	0.9999	0.2207	1.0017	1.0015
wintermute	CL3	zherk	2048	2026-10-09	65d0c8b8	13.876	573.228	572.947	1.0005	0.2068	1.0007	1.0002
wintermute	CL3	zher2k	8	2026-10-09	65d0c8b8	13.876	0.138078	0.137976	1.0007	1.5706	1.0087	1.0071
wintermute	CL3	zher2k	32	2026-10-09	65d0c8b8	13.876	5.89748	5.90794	0.9982	0.5120	1.0201	1.0337
wintermute	CL3	zher2k	50	2026-10-09	65d0c8b8	13.876	5.98863	5.9809	1.0013	0.3599	1.0107	1.0119
wintermute	CL3	zher2k	100	2026-10-09	65d0c8b8	13.876	4.1066	4.10419	1.0006	0.2931	1.0015	1.0040
wintermute	CL3	zher2k	128	2026-10-09	65d0c8b8	13.876	3.66098	3.6597	1.0003	0.2546	1.0079	1.0045
wintermute	CL3	zher2k	256	2026-10-09	65d0c8b8	13.876	2.42591	2.42304	1.0012	0.2650	1.0038	1.0019
wintermute	CL3	zher2k	512	2026-10-09	65d0c8b8	13.876	18.9405	18.9421	0.9999	0.2442	1.0066	1.0037
wintermute	CL3	zher2k	1000	2026-10-09	65d0c8b8	13.876	136.636	136.666	0.9998	0.2136	1.0023	1.0025
wintermute	CL3	zher2k	1024	2026-10-09	65d0c8b8	13.876	149.149	149.352	0.9986	0.2211	1.0020	1.0030
wintermute	CL3	zher2k	2048	2026-10-09	65d0c8b8	13.876	1146.69	1147.36	0.9994	0.2075	1.0006	1.0010
wintermute	CL3	zsyr2k	8	2026-10-09	65d0c8b8	13.876	0.136072	0.136232	0.9988	1.6469	1.0137	1.0132
wintermute	CL3	zsyr2k	32	2026-10-09	65d0c8b8	13.876	5.70784	5.72561	0.9969	0.5340	1.0297	1.0229
wintermute	CL3	zsyr2k	50	2026-10-09	65d0c8b8	13.876	5.99081	5.98235	1.0014	0.3588	1.0114	1.0085
wintermute	CL3	zsyr2k	100	2026-10-09	65d0c8b8	13.876	4.15738	4.15325	1.0010	0.2909	1.0030	1.0046
wintermute	CL3	zsyr2k	128	2026-10-09	65d0c8b8	13.876	3.63743	3.63996	0.9993	0.2564	1.0065	1.0075
wintermute	CL3	zsyr2k	256	2026-10-09	65d0c8b8	13.876	2.4225	2.41991	1.0011	0.2394	1.0047	1.0032
wintermute	CL3	zsyr2k	512	2026-10-09	65d0c8b8	13.876	18.9307	18.9327	0.9999	0.2182	1.0023	1.0031
wintermute	CL3	zsyr2k	1000	2026-10-09	65d0c8b8	13.876	136.691	136.586	1.0008	0.2056	1.0026	1.0037
wintermute	CL3	zsyr2k	1024	2026-10-09	65d0c8b8	13.876	149.3	149.078	1.0015	0.2184	1.0043	1.0056
wintermute	CL3	zsyr2k	2048	2026-10-09	65d0c8b8	13.876	1146.62	1147	0.9997	0.2076	1.0012	1.0013
wintermute	CL3	ztrmm	8	2026-10-09	65d0c8b8	13.876	0.0964232	0.0964319	0.9999	1.2999	1.0126	1.0177
wintermute	CL3	ztrmm	32	2026-10-09	65d0c8b8	13.876	3.38583	3.38589	1.0000	0.5433	1.0127	1.0142
wintermute	CL3	ztrmm	50	2026-10-09	65d0c8b8	13.876	3.03928	3.03719	1.0007	0.3677	1.0052	1.0123
wintermute	CL3	ztrmm	100	2026-10-09	65d0c8b8	13.876	2.12289	2.12204	1.0004	0.2513	1.0030	1.0018
wintermute	CL3	ztrmm	128	2026-10-09	65d0c8b8	13.876	1.86846	1.86799	1.0002	0.2489	1.0022	1.0021
wintermute	CL3	ztrmm	256	2026-10-09	65d0c8b8	13.876	1.34733	1.34684	1.0004	0.2059	1.0011	1.0018
wintermute	CL3	ztrmm	512	2026-10-09	65d0c8b8	13.876	9.67757	9.67762	1.0000	0.1981	1.0024	1.0020
wintermute	CL3	ztrmm	1000	2026-10-09	65d0c8b8	13.876	72.771	72.7632	1.0001	0.1921	1.0008	1.0009
wintermute	CL3	ztrmm	1024	2026-10-09	65d0c8b8	13.876	74.1478	74.2312	0.9989	0.2093	1.0053	1.0097
wintermute	CL3	ztrmm	2048	2026-10-09	65d0c8b8	13.876	573.112	573.253	0.9998	0.2017	1.0073	1.0124
wintermute	CL3	ztrsm	8	2026-10-09	65d0c8b8	13.876	0.092921	0.0931881	0.9971	1.8383	1.0188	1.0087
wintermute	CL3	ztrsm	32	2026-10-09	65d0c8b8	13.876	3.08058	3.07248	1.0026	0.7214	1.0117	1.0137
wintermute	CL3	ztrsm	50	2026-10-09	65d0c8b8	13.876	3.13413	3.1303	1.0012	0.3757	1.0202	1.0205
wintermute	CL3	ztrsm	100	2026-10-09	65d0c8b8	13.876	2.02089	2.02033	1.0003	0.2295	1.0050	1.0021
wintermute	CL3	ztrsm	128	2026-10-09	65d0c8b8	13.876	1.624	1.62339	1.0004	0.2243	1.0091	1.0024
wintermute	CL3	ztrsm	256	2026-10-09	65d0c8b8	13.876	1.31001	1.31061	0.9995	0.2441	1.0023	1.0011
wintermute	CL3	ztrsm	512	2026-10-09	65d0c8b8	13.876	9.73022	9.73628	0.9994	0.2548	1.0027	1.0034
wintermute	CL3	ztrsm	1000	2026-10-09	65d0c8b8	13.876	70.9257	70.9216	1.0001	0.1945	1.0008	1.0010
wintermute	CL3	ztrsm	1024	2026-10-09	65d0c8b8	13.876	73.6032	73.6182	0.9998	0.2240	1.0040	1.0039
wintermute	CL3	ztrsm	2048	2026-10-09	65d0c8b8	13.876	561.449	561.781	0.9994	0.2289	1.0021	1.0022
wintermute	CL3	ztrmmR	8	2026-10-09	65d0c8b8	13.876	0.0866061	0.0868778	0.9969	1.4020	1.0271	1.0223
wintermute	CL3	ztrmmR	32	2026-10-09	65d0c8b8	13.876	2.9083	2.91889	0.9964	0.7678	1.0219	1.0125
wintermute	CL3	ztrmmR	50	2026-10-09	65d0c8b8	13.876	3.40279	3.4048	0.9994	0.4500	1.0154	1.0136
wintermute	CL3	ztrmmR	100	2026-10-09	65d0c8b8	13.876	2.03022	2.03114	0.9995	0.3390	1.0027	1.0018
wintermute	CL3	ztrmmR	128	2026-10-09	65d0c8b8	13.876	1.77219	1.77235	0.9999	0.3046	1.0040	1.0073
wintermute	CL3	ztrmmR	256	2026-10-09	65d0c8b8	13.876	1.27555	1.2747	1.0007	0.2396	1.0027	1.0041
wintermute	CL3	ztrmmR	512	2026-10-09	65d0c8b8	13.876	9.53156	9.53004	1.0002	0.2070	1.0025	1.0022
wintermute	CL3	ztrmmR	1000	2026-10-09	65d0c8b8	13.876	69.2015	69.2049	1.0000	0.1955	1.0006	1.0006
wintermute	CL3	ztrmmR	1024	2026-10-09	65d0c8b8	13.876	73.7363	73.6772	1.0008	0.1993	1.0033	1.0033
wintermute	CL3	ztrmmR	2048	2026-10-09	65d0c8b8	13.876	564.937	564.986	0.9999	0.2046	1.0029	1.0007
wintermute	CL3	ztrsmR	8	2026-10-09	65d0c8b8	13.876	0.0753041	0.0754581	0.9980	2.0076	1.0183	1.0254
wintermute	CL3	ztrsmR	32	2026-10-09	65d0c8b8	13.876	2.54665	2.55053	0.9985	0.8525	1.0086	1.0069
wintermute	CL3	ztrsmR	50	2026-10-09	65d0c8b8	13.876	2.8215	2.82028	1.0004	0.4328	1.0125	1.0103
wintermute	CL3	ztrsmR	100	2026-10-09	65d0c8b8	13.876	1.91667	1.91589	1.0004	0.2560	1.0018	1.0018
wintermute	CL3	ztrsmR	128	2026-10-09	65d0c8b8	13.876	1.55056	1.55146	0.9994	0.2303	1.0017	1.0021
wintermute	CL3	ztrsmR	256	2026-10-09	65d0c8b8	13.876	1.19648	1.19668	0.9998	0.3515	1.0025	1.0064
wintermute	CL3	ztrsmR	512	2026-10-09	65d0c8b8	13.876	9.23041	9.23258	0.9998	0.2774	1.0018	1.0009
wintermute	CL3	ztrsmR	1000	2026-10-09	65d0c8b8	13.876	67.7052	67.7151	0.9999	0.2016	1.0006	1.0010
wintermute	CL3	ztrsmR	1024	2026-10-09	65d0c8b8	13.876	72.2659	72.3093	0.9994	0.2105	1.0031	1.0034
wintermute	CL3	ztrsmR	2048	2026-10-09	65d0c8b8	13.876	558.053	557.737	1.0006	0.2078	1.0016	1.0032
wintermute	CLP	zpotrf	8	2026-10-09	65d0c8b8	13.886	0.129234	0.129294	0.9995	1.2234	1.0027	1.0034
wintermute	CLP	zpotrf	32	2026-10-09	65d0c8b8	13.886	1.32316	1.34295	0.9853	1.3952	1.0507	1.0594
wintermute	CLP	zpotrf	50	2026-10-09	65d0c8b8	13.886	1.2478	1.25003	0.9982	1.5233	1.0090	1.0058
wintermute	CLP	zpotrf	100	2026-10-09	65d0c8b8	13.886	0.983556	0.98543	0.9981	1.1661	1.0028	1.0045
wintermute	CLP	zpotrf	128	2026-10-09	65d0c8b8	13.886	0.794346	0.794838	0.9994	1.1034	1.0032	1.0019
wintermute	CLP	zpotrf	256	2026-10-09	65d0c8b8	13.886	0.552911	0.55311	0.9996	0.6930	1.0056	1.0050
wintermute	CLP	zpotrf	512	2026-10-09	65d0c8b8	13.886	3.55789	3.55738	1.0001	0.4758	1.0019	1.0024
wintermute	CLP	zpotrf	1000	2026-10-09	65d0c8b8	13.886	24.1821	24.1767	1.0002	0.2794	1.0024	1.0020
wintermute	CLP	zpotrf	1024	2026-10-09	65d0c8b8	13.886	25.8145	25.8114	1.0001	0.3132	1.0009	1.0006
wintermute	CLP	zpotrf	2048	2026-10-09	65d0c8b8	13.886	205.432	205.564	0.9994	0.2315	1.0038	1.0021
wintermute	CLP	zpotrfU	8	2026-10-09	65d0c8b8	13.886	0.107764	0.10776	1.0000	1.2742	1.0020	1.0019
wintermute	CLP	zpotrfU	32	2026-10-09	65d0c8b8	13.886	2.01307	2.03561	0.9889	1.0599	1.0153	1.0097
wintermute	CLP	zpotrfU	50	2026-10-09	65d0c8b8	13.886	1.67116	1.66944	1.0010	1.3007	1.0089	1.0106
wintermute	CLP	zpotrfU	100	2026-10-09	65d0c8b8	13.886	1.173	1.17293	1.0001	0.9171	1.0056	1.0028
wintermute	CLP	zpotrfU	128	2026-10-09	65d0c8b8	13.886	0.888374	0.887887	1.0005	0.8841	1.0016	1.0018
wintermute	CLP	zpotrfU	256	2026-10-09	65d0c8b8	13.886	0.58912	0.588836	1.0005	0.5764	1.0025	1.0029
wintermute	CLP	zpotrfU	512	2026-10-09	65d0c8b8	13.886	3.82236	3.82076	1.0004	0.3855	1.0031	1.0026
wintermute	CLP	zpotrfU	1000	2026-10-09	65d0c8b8	13.886	26.8504	26.8331	1.0006	0.2334	1.0051	1.0032
wintermute	CLP	zpotrfU	1024	2026-10-09	65d0c8b8	13.886	28.4299	28.404	1.0009	0.2473	1.0040	1.0030
wintermute	CLP	zpotrfU	2048	2026-10-09	65d0c8b8	13.886	217.777	217.906	0.9994	0.2142	1.0032	1.0020
wintermute	CLP	zgeqrf	8	2026-10-09	65d0c8b8	13.886	0.535399	0.534872	1.0010	1.6428	1.0045	1.0076
wintermute	CLP	zgeqrf	32	2026-10-09	65d0c8b8	13.886	6.35595	6.37236	0.9974	1.1798	1.0102	1.0129
wintermute	CLP	zgeqrf	50	2026-10-09	65d0c8b8	13.886	5.14795	5.14719	1.0001	1.2737	1.0038	1.0069
wintermute	CLP	zgeqrf	100	2026-10-09	65d0c8b8	13.886	3.48149	3.4812	1.0001	1.2267	1.0076	1.0010
wintermute	CLP	zgeqrf	128	2026-10-09	65d0c8b8	13.886	2.94389	2.9437	1.0001	1.2603	1.0016	1.0009
wintermute	CLP	zgeqrf	256	2026-10-09	65d0c8b8	13.886	2.15309	2.1545	0.9993	1.1369	1.0024	1.0016
wintermute	CLP	zgeqrf	512	2026-10-09	65d0c8b8	13.886	16.5205	16.4815	1.0024	0.6535	1.0062	1.0049
wintermute	CLP	zgeqrf	1000	2026-10-09	65d0c8b8	13.886	116.571	82.4332	1.4141	0.3929	1.0017	1.1777
wintermute	CLP	zgeqrf	1024	2026-10-09	65d0c8b8	13.886	125.639	83.5941	1.5030	0.6193	1.0096	1.2068
wintermute	CLP	zgeqrf	2048	2026-10-09	65d0c8b8	13.886	935.306	713.261	1.3113	0.4545	1.0014	1.0470
wintermute	CLP	zgetrf	8	2026-10-09	65d0c8b8	13.886	0.219596	0.219454	1.0006	1.0376	1.0037	1.0020
wintermute	CLP	zgetrf	32	2026-10-09	65d0c8b8	13.886	3.11663	3.10211	1.0047	0.9906	1.0261	1.0287
wintermute	CLP	zgetrf	50	2026-10-09	65d0c8b8	13.886	2.14874	2.15564	0.9968	1.7208	1.0235	1.0281
wintermute	CLP	zgetrf	100	2026-10-09	65d0c8b8	13.886	1.53466	1.53457	1.0001	1.0244	1.0063	1.0055
wintermute	CLP	zgetrf	128	2026-10-09	65d0c8b8	13.886	1.49348	1.49438	0.9994	0.6932	1.0043	1.0025
wintermute	CLP	zgetrf	256	2026-10-09	65d0c8b8	13.886	1.03877	1.03852	1.0002	0.6223	1.0021	1.0021
wintermute	CLP	zgetrf	512	2026-10-09	65d0c8b8	13.886	7.03374	7.09823	0.9909	0.3465	1.0024	1.0129
wintermute	CLP	zgetrf	1000	2026-10-09	65d0c8b8	13.886	50.0512	50.6067	0.9890	0.2430	1.0007	1.0211
wintermute	CLP	zgetrf	1024	2026-10-09	65d0c8b8	13.886	56.5547	56.4178	1.0024	0.2515	1.0016	1.0162
wintermute	CLP	zgetrf	2048	2026-10-09	65d0c8b8	13.886	401.748	399.426	1.0058	0.2491	1.0002	1.0176
wintermute	CLP	zgesvd	8	2026-10-09	65d0c8b8	13.886	2.16182	2.15764	1.0019	1.8502	1.0048	1.0106
wintermute	CLP	zgesvd	32	2026-10-09	65d0c8b8	13.886	31.1805	31.1862	0.9998	1.0673	1.0022	1.0026
wintermute	CLP	zgesvd	50	2026-10-09	65d0c8b8	13.886	23.7585	23.7512	1.0003	0.9714	1.0021	1.0017
wintermute	CLP	zgesvd	100	2026-10-09	65d0c8b8	13.886	12.4447	12.4421	1.0002	1.0150	1.0010	1.0011
wintermute	CLP	zgesvd	128	2026-10-09	65d0c8b8	13.886	9.92346	9.91835	1.0005	1.0803	1.0010	1.0012
wintermute	CLP	zgesvd	256	2026-10-09	65d0c8b8	13.886	6.70648	6.65738	1.0074	1.1236	1.0126	1.0104
wintermute	CLP	zgesvd	512	2026-10-09	65d0c8b8	13.886	46.2705	40.5273	1.1417	0.8550	1.0043	1.0204
wintermute	CLP	zgesvd	1000	2026-10-09	65d0c8b8	13.886	320.051	250.435	1.2780	0.4549	1.0044	1.0723
wintermute	CLP	zgesvd	1024	2026-10-09	65d0c8b8	13.886	366.107	290.242	1.2614	0.6314	1.0151	1.0623
wintermute	CLP	zgesvd	2048	2026-10-09	65d0c8b8	13.886	3615.92	2810.15	1.2867	0.6675	1.0586	1.0895
wintermute	CLP	zheev	8	2026-10-09	65d0c8b8	13.886	2.8361	2.83525	1.0003	1.6184	1.0027	1.0025
wintermute	CLP	zheev	32	2026-10-09	65d0c8b8	13.886	44.0999	44.0977	1.0000	1.2735	1.0022	1.0040
wintermute	CLP	zheev	50	2026-10-09	65d0c8b8	13.886	36.699	36.7028	0.9999	1.2629	1.0015	1.0017
wintermute	CLP	zheev	100	2026-10-09	65d0c8b8	13.886	20.8373	20.832	1.0003	1.2655	1.0014	1.0027
wintermute	CLP	zheev	128	2026-10-09	65d0c8b8	13.886	16.8643	16.8588	1.0003	1.1841	1.0047	1.0020
wintermute	CLP	zheev	256	2026-10-09	65d0c8b8	13.886	11.2954	11.2136	1.0073	0.7967	1.0042	1.0038
wintermute	CLP	zheev	512	2026-10-09	65d0c8b8	13.886	60.2683	43.5727	1.3832	0.8332	1.0125	1.0144
wintermute	CLP	zheev	1000	2026-10-09	65d0c8b8	13.886	369.206	243.621	1.5155	0.7054	1.0175	1.0199
wintermute	CLP	zheev	1024	2026-10-09	65d0c8b8	13.886	412.037	278.108	1.4816	0.7273	1.0288	1.0363
wintermute	CLP	zheev	2048	2026-10-09	65d0c8b8	13.886	3269.86	2221.5	1.4719	1.6223	1.0051	1.0147
wintermute	CLP	zheevN	8	2026-10-09	65d0c8b8	13.886	1.70062	1.70038	1.0001	1.4206	1.0015	1.0027
wintermute	CLP	zheevN	32	2026-10-09	65d0c8b8	13.886	24.0888	24.0858	1.0001	1.2106	1.0015	1.0011
wintermute	CLP	zheevN	50	2026-10-09	65d0c8b8	13.886	18.5049	18.5022	1.0001	1.1787	1.0010	1.0016
wintermute	CLP	zheevN	100	2026-10-09	65d0c8b8	13.886	9.44949	9.45208	0.9997	1.2566	1.0026	1.0021
wintermute	CLP	zheevN	128	2026-10-09	65d0c8b8	13.886	7.19645	7.19386	1.0004	1.2962	1.0036	1.0013
wintermute	CLP	zheevN	256	2026-10-09	65d0c8b8	13.886	4.12817	4.12679	1.0003	1.3177	1.0029	1.0048
wintermute	CLP	zheevN	512	2026-10-09	65d0c8b8	13.886	23.8768	23.8794	0.9999	0.8807	1.0010	1.0014
wintermute	CLP	zheevN	1000	2026-10-09	65d0c8b8	13.886	139.166	139.238	0.9995	0.5360	1.0016	1.0015
wintermute	CLP	zheevN	1024	2026-10-09	65d0c8b8	13.886	154.32	154.383	0.9996	0.5395	1.0053	1.0058
wintermute	CLP	zheevN	2048	2026-10-09	65d0c8b8	13.886	1388.66	1391.33	0.9981	0.3891	1.0026	1.0136
wintermute	DL1	daxpy1	1000	2026-10-09	65d0c8b8	13.991	1.62116	1.62154	0.9998		1.0101	1.0073
wintermute	DL1	daxpy1	3000	2026-10-09	65d0c8b8	13.991	2.32272	2.32281	1.0000		1.0005	1.0004
wintermute	DL1	daxpy1	10000	2026-10-09	65d0c8b8	13.991	2.32272	2.32317	0.9998		1.0015	1.0011
wintermute	DL1	daxpy1	30000	2026-10-09	65d0c8b8	13.991	2.69768	2.70331	0.9979		1.0151	1.0094
wintermute	DL1	daxpy1	100000	2026-10-09	65d0c8b8	13.991	2.75037	2.74913	1.0004		1.0050	1.0017
wintermute	DL1	daxpy1	300000	2026-10-09	65d0c8b8	13.991	3.24901	3.25319	0.9987		1.0054	1.0186
wintermute	DL1	daxpy1	1000000	2026-10-09	65d0c8b8	13.991	21.9524	22.0337	0.9963		1.0257	1.0289
wintermute	DL1	dscal1	1000	2026-10-09	65d0c8b8	13.991	1.236	1.23483	1.0009		1.0009	1.0027
wintermute	DL1	dscal1	3000	2026-10-09	65d0c8b8	13.991	1.32442	1.32411	1.0002		1.0004	1.0007
wintermute	DL1	dscal1	10000	2026-10-09	65d0c8b8	13.991	1.30918	1.30934	0.9999		1.0006	1.0006
wintermute	DL1	dscal1	30000	2026-10-09	65d0c8b8	13.991	1.31318	1.31306	1.0001		1.0041	1.0021
wintermute	DL1	dscal1	100000	2026-10-09	65d0c8b8	13.991	1.48649	1.48591	1.0004		1.0054	1.0094
wintermute	DL1	dscal1	300000	2026-10-09	65d0c8b8	13.991	1.635	1.63503	1.0000		1.0045	1.0059
wintermute	DL1	dscal1	1000000	2026-10-09	65d0c8b8	13.991	8.72264	8.76323	0.9954		1.0946	1.0896
wintermute	DL1	ddot1	1000	2026-10-09	65d0c8b8	13.991	1.36319	1.3605	1.0020		1.0063	1.0050
wintermute	DL1	ddot1	3000	2026-10-09	65d0c8b8	13.991	2.33494	2.33616	0.9995		1.0014	1.0011
wintermute	DL1	ddot1	10000	2026-10-09	65d0c8b8	13.991	2.33179	2.33152	1.0001		1.0005	1.0013
wintermute	DL1	ddot1	30000	2026-10-09	65d0c8b8	13.991	2.66564	2.66461	1.0004		1.0116	1.0073
wintermute	DL1	ddot1	100000	2026-10-09	65d0c8b8	13.991	2.78773	2.78779	1.0000		1.0056	1.0107
wintermute	DL1	ddot1	300000	2026-10-09	65d0c8b8	13.991	3.32865	3.33112	0.9993		1.0087	1.0079
wintermute	DL1	ddot1	1000000	2026-10-09	65d0c8b8	13.991	17.3843	17.4328	0.9972		1.0452	1.0218
wintermute	DL1	dnrm21	1000	2026-10-09	65d0c8b8	13.991	0.872325	0.872534	0.9998		1.0032	1.0020
wintermute	DL1	dnrm21	3000	2026-10-09	65d0c8b8	13.991	1.15254	1.15268	0.9999		1.0006	1.0007
wintermute	DL1	dnrm21	10000	2026-10-09	65d0c8b8	13.991	1.16296	1.16295	1.0000		1.0003	1.0003
wintermute	DL1	dnrm21	30000	2026-10-09	65d0c8b8	13.991	1.16079	1.16043	1.0003		1.0036	1.0014
wintermute	DL1	dnrm21	100000	2026-10-09	65d0c8b8	13.991	1.40299	1.40476	0.9987		1.0072	1.0064
wintermute	DL1	dnrm21	300000	2026-10-09	65d0c8b8	13.991	1.65156	1.65332	0.9989		1.0062	1.0092
wintermute	DL1	dnrm21	1000000	2026-10-09	65d0c8b8	13.991	7.26255	7.2274	1.0049		1.0634	1.0567
wintermute	DL1	dasum1	1000	2026-10-09	65d0c8b8	13.991	1.04503	1.04525	0.9998		1.0011	1.0008
wintermute	DL1	dasum1	3000	2026-10-09	65d0c8b8	13.991	1.15329	1.15336	0.9999		1.0006	1.0007
wintermute	DL1	dasum1	10000	2026-10-09	65d0c8b8	13.991	1.16753	1.16759	0.9999		1.0003	1.0003
wintermute	DL1	dasum1	30000	2026-10-09	65d0c8b8	13.991	1.16316	1.16294	1.0002		1.0006	1.0009
wintermute	DL1	dasum1	100000	2026-10-09	65d0c8b8	13.991	1.42566	1.42787	0.9985		1.0064	1.0097
wintermute	DL1	dasum1	300000	2026-10-09	65d0c8b8	13.991	1.67553	1.67564	0.9999		1.0047	1.0062
wintermute	DL1	dasum1	1000000	2026-10-09	65d0c8b8	13.991	7.10895	7.07448	1.0049		1.0571	1.0486
wintermute	DL1	diamax1	1000	2026-10-09	65d0c8b8	13.991	2.38596	2.38162	1.0018		1.0091	1.0081
wintermute	DL1	diamax1	3000	2026-10-09	65d0c8b8	13.991	2.09965	2.09691	1.0013		1.0141	1.0133
wintermute	DL1	diamax1	10000	2026-10-09	65d0c8b8	13.991	1.98388	1.98337	1.0003		1.0088	1.0166
wintermute	DL1	diamax1	30000	2026-10-09	65d0c8b8	13.991	1.93417	1.93536	0.9994		1.0014	1.0035
wintermute	DL1	diamax1	100000	2026-10-09	65d0c8b8	13.991	1.96267	1.96082	1.0009		1.0042	1.0040
wintermute	DL1	diamax1	300000	2026-10-09	65d0c8b8	13.991	2.25778	2.25806	0.9999		1.0080	1.0082
wintermute	DL1	diamax1	1000000	2026-10-09	65d0c8b8	13.991	7.97348	7.94515	1.0036		1.0210	1.0315
wintermute	DL2	dgemvN1	50	2026-10-09	65d0c8b8	13.936	9.46679	9.46547	1.0001		1.0060	1.0149
wintermute	DL2	dgemvN1	64	2026-10-09	65d0c8b8	13.936	14.0435	14.0626	0.9986		1.0059	1.0067
wintermute	DL2	dgemvN1	100	2026-10-09	65d0c8b8	13.936	32.2414	32.3191	0.9976		1.0488	1.0567
wintermute	DL2	dgemvN1	128	2026-10-09	65d0c8b8	13.936	52.2172	52.3712	0.9971		1.0144	1.0118
wintermute	DL2	dgemvN1	256	2026-10-09	65d0c8b8	13.936	70.2132	70.9645	0.9894		1.1490	1.1154
wintermute	DL2	dgemvN1	512	2026-10-09	65d0c8b8	13.936	88.2608	88.8431	0.9934		1.0141	1.0956
wintermute	DL2	dgemvN1	1000	2026-10-09	65d0c8b8	13.936	112.593	112.885	0.9974		1.0260	1.0311
wintermute	DL2	dgemvN1	1024	2026-10-09	65d0c8b8	13.936	122.598	118.569	1.0340		1.0795	1.0788
wintermute	DL2	dgemvN1	2048	2026-10-09	65d0c8b8	13.936	172.177	172.007	1.0010		1.0283	1.0220
wintermute	DL2	dgemvN1	2100	2026-10-09	65d0c8b8	13.936	153.562	153.392	1.0011		1.0301	1.0214
wintermute	DL2	dgemvN1	4096	2026-10-09	65d0c8b8	13.936	210.517	210.948	0.9980		1.0104	1.0229
wintermute	DL2	dgemvT1	50	2026-10-09	65d0c8b8	13.936	10.1179	10.1266	0.9991		1.0022	1.0033
wintermute	DL2	dgemvT1	64	2026-10-09	65d0c8b8	13.936	14.3242	14.3308	0.9995		1.0050	1.0047
wintermute	DL2	dgemvT1	100	2026-10-09	65d0c8b8	13.936	32.5664	32.555	1.0003		1.0177	1.0099
wintermute	DL2	dgemvT1	128	2026-10-09	65d0c8b8	13.936	52.9524	53.1727	0.9959		1.0198	1.0142
wintermute	DL2	dgemvT1	256	2026-10-09	65d0c8b8	13.936	71.1248	69.1065	1.0292		1.0632	1.1311
wintermute	DL2	dgemvT1	512	2026-10-09	65d0c8b8	13.936	86.8254	85.7464	1.0126		1.0390	1.0352
wintermute	DL2	dgemvT1	1000	2026-10-09	65d0c8b8	13.936	119.335	121.501	0.9822		1.0414	1.1197
wintermute	DL2	dgemvT1	1024	2026-10-09	65d0c8b8	13.936	125.9	125.665	1.0019		1.0392	1.0483
wintermute	DL2	dgemvT1	2048	2026-10-09	65d0c8b8	13.936	171.73	171.649	1.0005		1.0484	1.0523
wintermute	DL2	dgemvT1	2100	2026-10-09	65d0c8b8	13.936	164.518	164.974	0.9972		1.0113	1.0114
wintermute	DL2	dgemvT1	4096	2026-10-09	65d0c8b8	13.936	223.777	222.441	1.0060		1.0658	1.0603
wintermute	DL2	dger1	50	2026-10-09	65d0c8b8	13.936	13.8525	13.8529	1.0000		1.0355	1.0305
wintermute	DL2	dger1	64	2026-10-09	65d0c8b8	13.936	19.9354	20.1849	0.9876		1.0434	1.0308
wintermute	DL2	dger1	100	2026-10-09	65d0c8b8	13.936	50.3581	49.8948	1.0093		1.0344	1.0345
wintermute	DL2	dger1	128	2026-10-09	65d0c8b8	13.936	71.8339	71.4837	1.0049		1.0952	1.1026
wintermute	DL2	dger1	256	2026-10-09	65d0c8b8	13.936	87.3794	89.0103	0.9817		1.0786	1.0581
wintermute	DL2	dger1	512	2026-10-09	65d0c8b8	13.936	84.7216	83.5437	1.0141		1.0373	1.0410
wintermute	DL2	dger1	1000	2026-10-09	65d0c8b8	13.936	164.402	159.632	1.0299		1.2047	1.1105
wintermute	DL2	dger1	1024	2026-10-09	65d0c8b8	13.936	179.352	178.763	1.0033		1.1181	1.1156
wintermute	DL2	dger1	2048	2026-10-09	65d0c8b8	13.936	258.828	258.408	1.0016		1.0140	1.0151
wintermute	DL2	dger1	2100	2026-10-09	65d0c8b8	13.936	245.209	244.404	1.0033		1.0190	1.0385
wintermute	DL2	dger1	4096	2026-10-09	65d0c8b8	13.936	339.187	339.859	0.9980		1.0035	1.0046
wintermute	DL2	dtrmv1	50	2026-10-09	65d0c8b8	13.936	12.1077	12.1274	0.9984		1.0121	1.0165
wintermute	DL2	dtrmv1	64	2026-10-09	65d0c8b8	13.936	17.2576	17.2118	1.0027		1.0257	1.0355
wintermute	DL2	dtrmv1	100	2026-10-09	65d0c8b8	13.936	33.2605	33.2441	1.0005		1.0416	1.2116
wintermute	DL2	dtrmv1	128	2026-10-09	65d0c8b8	13.936	49.5347	49.502	1.0007		1.0158	1.2213
wintermute	DL2	dtrmv1	256	2026-10-09	65d0c8b8	13.936	55.7196	55.4914	1.0041		1.0522	1.0750
wintermute	DL2	dtrmv1	512	2026-10-09	65d0c8b8	13.936	55.9607	56.0161	0.9990		1.1900	1.0158
wintermute	DL2	dtrmv1	1000	2026-10-09	65d0c8b8	13.936	61.0139	59.2642	1.0295		1.0708	1.0633
wintermute	DL2	dtrmv1	1024	2026-10-09	65d0c8b8	13.936	66.4971	66.2489	1.0037		1.1737	1.2068
wintermute	DL2	dtrmv1	2048	2026-10-09	65d0c8b8	13.936	97.3588	98.119	0.9923		1.1154	1.1304
wintermute	DL2	dtrmv1	2100	2026-10-09	65d0c8b8	13.936	94.7129	94.6933	1.0002		1.0779	1.1510
wintermute	DL2	dtrmv1	4096	2026-10-09	65d0c8b8	13.936	120.816	124.393	0.9712		1.0632	1.0672
wintermute	DL2	dtrsv1	50	2026-10-09	65d0c8b8	13.936	20.7557	20.7566	1.0000		1.0046	1.0117
wintermute	DL2	dtrsv1	64	2026-10-09	65d0c8b8	13.936	28.4384	28.4354	1.0001		1.0049	1.0043
wintermute	DL2	dtrsv1	100	2026-10-09	65d0c8b8	13.936	52.5124	52.593	0.9985		1.2122	1.0153
wintermute	DL2	dtrsv1	128	2026-10-09	65d0c8b8	13.936	74.7903	74.4402	1.0047		1.0274	1.0625
wintermute	DL2	dtrsv1	256	2026-10-09	65d0c8b8	13.936	68.3861	67.501	1.0131		1.0617	1.1039
wintermute	DL2	dtrsv1	512	2026-10-09	65d0c8b8	13.936	61.0589	60.9441	1.0019		1.0215	1.0379
wintermute	DL2	dtrsv1	1000	2026-10-09	65d0c8b8	13.936	61.6306	61.5713	1.0010		1.0542	1.0295
wintermute	DL2	dtrsv1	1024	2026-10-09	65d0c8b8	13.936	73.493	75.4586	0.9740		1.1218	1.1447
wintermute	DL2	dtrsv1	2048	2026-10-09	65d0c8b8	13.936	101.974	104.008	0.9804		1.0840	1.1013
wintermute	DL2	dtrsv1	2100	2026-10-09	65d0c8b8	13.936	99.0711	99.1749	0.9990		1.0907	1.1853
wintermute	DL2	dtrsv1	4096	2026-10-09	65d0c8b8	13.936	125.723	124.787	1.0075		1.0737	1.0742
wintermute	DL3	dgemm1	8	2026-10-09	65d0c8b8	14.012	0.175258	0.175325	0.9996		1.0081	1.0064
wintermute	DL3	dgemm1	32	2026-10-09	65d0c8b8	14.012	3.6888	3.67633	1.0034		1.0295	1.0289
wintermute	DL3	dgemm1	50	2026-10-09	65d0c8b8	14.012	4.09058	4.08624	1.0011		1.0063	1.0096
wintermute	DL3	dgemm1	100	2026-10-09	65d0c8b8	14.012	2.88612	2.88455	1.0005		1.0032	1.0028
wintermute	DL3	dgemm1	128	2026-10-09	65d0c8b8	14.012	2.41057	2.41017	1.0002		1.0034	1.0048
wintermute	DL3	dgemm1	256	2026-10-09	65d0c8b8	14.012	1.95595	1.95467	1.0007		1.0055	1.0017
wintermute	DL3	dgemm1	512	2026-10-09	65d0c8b8	14.012	16.3597	16.3698	0.9994		1.0033	1.0029
wintermute	DL3	dgemm1	1000	2026-10-09	65d0c8b8	14.012	118.599	118.602	1.0000		1.0008	1.0005
wintermute	DL3	dgemm1	1024	2026-10-09	65d0c8b8	14.012	128.481	128.473	1.0001		1.0025	1.0036
wintermute	DL3	dgemm1	2048	2026-10-09	65d0c8b8	14.012	1044.12	1044.41	0.9997		1.0021	1.0018
wintermute	DL3	dsyrk1	8	2026-10-09	65d0c8b8	14.012	0.170911	0.170854	1.0003		1.0099	1.0021
wintermute	DL3	dsyrk1	32	2026-10-09	65d0c8b8	14.012	2.72367	2.73074	0.9974		1.0103	1.0129
wintermute	DL3	dsyrk1	50	2026-10-09	65d0c8b8	14.012	2.75824	2.7604	0.9992		1.0089	1.0104
wintermute	DL3	dsyrk1	100	2026-10-09	65d0c8b8	14.012	1.66679	1.79294	0.9296		1.0021	1.0439
wintermute	DL3	dsyrk1	128	2026-10-09	65d0c8b8	14.012	1.33474	1.29833	1.0280		1.0029	1.1940
wintermute	DL3	dsyrk1	256	2026-10-09	65d0c8b8	14.012	1.05903	0.569003	1.8612		1.0044	1.4113
wintermute	DL3	dsyrk1	512	2026-10-09	65d0c8b8	14.012	8.46553	3.83511	2.2074		1.0022	1.2201
wintermute	DL3	dsyrk1	1000	2026-10-09	65d0c8b8	14.012	60.2537	16.6602	3.6166		1.0010	1.3923
wintermute	DL3	dsyrk1	1024	2026-10-09	65d0c8b8	14.012	67.2738	22.6726	2.9672		1.0025	1.2845
wintermute	DL3	dsyrk1	2048	2026-10-09	65d0c8b8	14.012	532.406	136.828	3.8910		1.0025	1.2977
wintermute	DL3	dtrmm1	8	2026-10-09	65d0c8b8	14.012	0.275667	0.275956	0.9990		1.0089	1.0109
wintermute	DL3	dtrmm1	32	2026-10-09	65d0c8b8	14.012	3.47796	3.48618	0.9976		1.0200	1.0225
wintermute	DL3	dtrmm1	50	2026-10-09	65d0c8b8	14.012	3.14627	3.14782	0.9995		1.0044	1.0030
wintermute	DL3	dtrmm1	100	2026-10-09	65d0c8b8	14.012	1.98145	1.98054	1.0005		1.0051	1.0048
wintermute	DL3	dtrmm1	128	2026-10-09	65d0c8b8	14.012	1.53517	1.53688	0.9989		1.0020	1.0119
wintermute	DL3	dtrmm1	256	2026-10-09	65d0c8b8	14.012	1.13714	1.13833	0.9990		1.0041	1.0039
wintermute	DL3	dtrmm1	512	2026-10-09	65d0c8b8	14.012	9.4199	9.41367	1.0007		1.0078	1.0017
wintermute	DL3	dtrmm1	1000	2026-10-09	65d0c8b8	14.012	66.4696	66.455	1.0002		1.0019	1.0022
wintermute	DL3	dtrmm1	1024	2026-10-09	65d0c8b8	14.012	71.4605	71.4177	1.0006		1.0022	1.0027
wintermute	DL3	dtrmm1	2048	2026-10-09	65d0c8b8	14.012	552.279	307.42	1.7965		1.0009	1.0509
wintermute	DL3	dtrsm1	8	2026-10-09	65d0c8b8	14.012	0.341443	0.340911	1.0016		1.0094	1.0093
wintermute	DL3	dtrsm1	32	2026-10-09	65d0c8b8	14.012	3.15856	3.11485	1.0140		1.0302	1.0265
wintermute	DL3	dtrsm1	50	2026-10-09	65d0c8b8	14.012	3.05443	3.05424	1.0001		1.0041	1.0040
wintermute	DL3	dtrsm1	100	2026-10-09	65d0c8b8	14.012	1.90701	1.90824	0.9994		1.0040	1.0059
wintermute	DL3	dtrsm1	128	2026-10-09	65d0c8b8	14.012	1.52437	1.47697	1.0321		1.0036	1.0372
wintermute	DL3	dtrsm1	256	2026-10-09	65d0c8b8	14.012	1.1383	0.778123	1.4629		1.0059	1.1421
wintermute	DL3	dtrsm1	512	2026-10-09	65d0c8b8	14.012	9.29542	5.74112	1.6191		1.0021	1.1666
wintermute	DL3	dtrsm1	1000	2026-10-09	65d0c8b8	14.012	66.2099	36.0506	1.8366		1.0011	1.1799
wintermute	DL3	dtrsm1	1024	2026-10-09	65d0c8b8	14.012	69.6285	38.3289	1.8166		1.0024	1.1761
wintermute	DL3	dtrsm1	2048	2026-10-09	65d0c8b8	14.012	547.669	160.354	3.4154		1.0021	1.3494
wintermute	DLP	dpotrf1	32	2026-10-09	65d0c8b8	13.746	4.07789	4.09846	0.9950		1.0209	1.0218
wintermute	DLP	dpotrf1	50	2026-10-09	65d0c8b8	13.746	2.6609	2.69375	0.9878		1.0302	1.0286
wintermute	DLP	dpotrf1	100	2026-10-09	65d0c8b8	13.746	1.218	1.21668	1.0011		1.0108	1.0337
wintermute	DLP	dpotrf1	128	2026-10-09	65d0c8b8	13.746	0.849142	0.84803	1.0013		1.0136	1.0159
wintermute	DLP	dpotrf1	256	2026-10-09	65d0c8b8	13.746	0.503448	0.532235	0.9459		1.0358	1.0591
wintermute	DLP	dgetrf1	32	2026-10-09	65d0c8b8	13.746	6.66761	6.6898	0.9967		1.0269	1.0274
wintermute	DLP	dgetrf1	50	2026-10-09	65d0c8b8	13.746	7.66046	7.66499	0.9994		1.0055	1.0049
wintermute	DLP	dgetrf1	100	2026-10-09	65d0c8b8	13.746	7.0942	7.08296	1.0016		1.0139	1.0026
wintermute	DLP	dgetrf1	128	2026-10-09	65d0c8b8	13.746	6.67599	6.68788	0.9982		1.0060	1.0071
wintermute	DLP	dgetrf1	256	2026-10-09	65d0c8b8	13.746	6.08255	6.07988	1.0004		1.0170	1.0208
wintermute	DLP	dgeqrf1	32	2026-10-09	65d0c8b8	13.746	8.12094	8.17394	0.9935		1.0212	1.0140
wintermute	DLP	dgeqrf1	50	2026-10-09	65d0c8b8	13.746	7.24488	7.2541	0.9987		1.0073	1.0056
wintermute	DLP	dgeqrf1	100	2026-10-09	65d0c8b8	13.746	4.06818	4.06725	1.0002		1.0063	1.0009
wintermute	DLP	dgeqrf1	128	2026-10-09	65d0c8b8	13.746	3.2177	3.22017	0.9992		1.0048	1.0036
wintermute	DLP	dgeqrf1	256	2026-10-09	65d0c8b8	13.746	2.39539	2.39508	1.0001		1.0070	1.0071
wintermute	DLP	dtrtri1	32	2026-10-09	65d0c8b8	13.746	2.94635	2.9212	1.0086		1.0260	1.0574
wintermute	DLP	dtrtri1	50	2026-10-09	65d0c8b8	13.746	2.71287	2.71052	1.0009		1.0325	1.0208
wintermute	DLP	dtrtri1	100	2026-10-09	65d0c8b8	13.746	1.28462	1.28476	0.9999		1.0115	1.0150
wintermute	DLP	dtrtri1	128	2026-10-09	65d0c8b8	13.746	0.833664	0.83402	0.9996		1.0053	1.0016
wintermute	DLP	dtrtri1	256	2026-10-09	65d0c8b8	13.746	0.512565	0.510175	1.0047		1.0085	1.0111
wintermute	DLP	dpotri1	32	2026-10-09	65d0c8b8	13.746	8.83688	8.8421	0.9994		1.0075	1.0072
wintermute	DLP	dpotri1	50	2026-10-09	65d0c8b8	13.746	7.8548	7.87207	0.9978		1.0083	1.0097
wintermute	DLP	dpotri1	100	2026-10-09	65d0c8b8	13.746	3.79941	3.79775	1.0004		1.0063	1.0050
wintermute	DLP	dpotri1	128	2026-10-09	65d0c8b8	13.746	2.45886	2.45821	1.0003		1.0064	1.0067
wintermute	DLP	dpotri1	256	2026-10-09	65d0c8b8	13.746	1.51225	1.59029	0.9509		1.0271	1.0533
wintermute	DLP	dsyev1	32	2026-10-09	65d0c8b8	13.746	28.2031	28.8423	0.9778		1.0684	1.0888
wintermute	DLP	dsyev1	50	2026-10-09	65d0c8b8	13.746	21.4571	21.3876	1.0032		1.1066	1.0443
wintermute	DLP	dsyev1	100	2026-10-09	65d0c8b8	13.746	10.7183	10.8499	0.9879		1.0178	1.0622
wintermute	DLP	dsyev1	128	2026-10-09	65d0c8b8	13.746	8.32377	8.21303	1.0135		1.0145	1.0250
wintermute	DLP	dsyev1	256	2026-10-09	65d0c8b8	13.746	4.75262	4.76276	0.9979		1.0172	1.0307
neuromancer	L1	axpy	1000	2026-10-05	c91b3c95	19.181	1.01935	1.01939	1.0000	1.0498	1.0005	1.0004
neuromancer	L1	axpy	3000	2026-10-05	c91b3c95	19.181	1.03365	1.03427	0.9994	1.0778	1.0016	1.0040
neuromancer	L1	axpy	10000	2026-10-05	c91b3c95	19.181	1.36134	1.36104	1.0002	1.1033	1.0024	1.0033
neuromancer	L1	axpy	30000	2026-10-05	c91b3c95	19.181	1.26822	0.664392	1.9088	0.7461	1.0005	1.0241
neuromancer	L1	axpy	100000	2026-10-05	c91b3c95	19.181	2.22098	0.611116	3.6343	0.6443	1.0065	1.0363
neuromancer	L1	axpy	300000	2026-10-05	c91b3c95	19.181	2.92745	0.890518	3.2874	0.4640	1.0129	1.0171
neuromancer	L1	axpy	1000000	2026-10-05	c91b3c95	19.181	10.3122	3.61547	2.8523	0.5084	1.0772	1.0157
neuromancer	L1	dot	1000	2026-10-05	c91b3c95	19.181	1.01889	1.01903	0.9999	1.0261	1.0006	1.0007
neuromancer	L1	dot	3000	2026-10-05	c91b3c95	19.181	1.02097	1.02088	1.0001	1.0121	1.0018	1.0023
neuromancer	L1	dot	10000	2026-10-05	c91b3c95	19.181	1.38804	1.38724	1.0006	0.9282	1.0023	1.0024
neuromancer	L1	dot	30000	2026-10-05	c91b3c95	19.181	1.14403	0.929319	1.2310	0.5300	1.0060	1.0144
neuromancer	L1	dot	100000	2026-10-05	c91b3c95	19.181	2.17298	0.483388	4.4953	0.8091	1.0034	1.0321
neuromancer	L1	dot	300000	2026-10-05	c91b3c95	19.181	2.88478	0.620287	4.6507	0.6191	1.0196	1.6418
neuromancer	L1	dot	1000000	2026-10-05	c91b3c95	19.181	9.07108	3.27211	2.7722	0.5422	1.0657	1.0466
neuromancer	L1	nrm2	1000	2026-10-05	c91b3c95	19.181	0.545827	0.545922	0.9998	5.3535	1.0017	1.0024
neuromancer	L1	nrm2	3000	2026-10-05	c91b3c95	19.181	0.527	0.527	1.0000	4.6403	1.0015	1.0019
neuromancer	L1	nrm2	10000	2026-10-05	c91b3c95	19.181	0.723072	0.723406	0.9995	1.9950	1.0012	1.0018
neuromancer	L1	nrm2	30000	2026-10-05	c91b3c95	19.181	0.711989	0.565391	1.2593	1.2339	1.0027	1.0459
neuromancer	L1	nrm2	100000	2026-10-05	c91b3c95	19.181	0.695027	0.323696	2.1472	1.4758	1.1018	1.0387
neuromancer	L1	nrm2	300000	2026-10-05	c91b3c95	19.181	1.35602	0.264666	5.1235	1.8003	1.0058	1.0673
neuromancer	L1	nrm2	1000000	2026-10-05	c91b3c95	19.181	4.38148	1.46736	2.9860	1.0502	1.0756	1.4584
neuromancer	L1	asum	1000	2026-10-05	c91b3c95	19.181	0.561749	0.561997	0.9996	1.3642	1.0024	1.0011
neuromancer	L1	asum	3000	2026-10-05	c91b3c95	19.181	0.533413	0.533539	0.9998	1.0890	1.0035	1.0037
neuromancer	L1	asum	10000	2026-10-05	c91b3c95	19.181	0.734496	0.734607	0.9998	0.9808	1.0012	1.0016
neuromancer	L1	asum	30000	2026-10-05	c91b3c95	19.181	0.717268	0.59092	1.2138	1.1934	1.0024	1.0405
neuromancer	L1	asum	100000	2026-10-05	c91b3c95	19.181	0.691192	0.314899	2.1950	2.0719	1.0771	1.0363
neuromancer	L1	asum	300000	2026-10-05	c91b3c95	19.181	1.35245	0.264826	5.1069	1.1919	1.0054	1.0920
neuromancer	L1	asum	1000000	2026-10-05	c91b3c95	19.181	4.24145	1.43678	2.9520	0.5284	1.0603	1.1204
neuromancer	L1	scal	1000	2026-10-05	c91b3c95	19.181	0.525728	0.525056	1.0013	1.0891	1.0148	1.0136
neuromancer	L1	scal	3000	2026-10-05	c91b3c95	19.181	0.511066	0.511085	1.0000	1.0497	1.0007	1.0007
neuromancer	L1	scal	10000	2026-10-05	c91b3c95	19.181	0.774772	0.775037	0.9997	1.0441	1.0159	1.0153
neuromancer	L1	scal	30000	2026-10-05	c91b3c95	19.181	0.76505	0.504839	1.5154	1.5294	1.0115	1.0246
neuromancer	L1	scal	100000	2026-10-05	c91b3c95	19.181	0.835646	0.39852	2.0969	0.7419	1.0809	1.4229
neuromancer	L1	scal	300000	2026-10-05	c91b3c95	19.181	1.37012	0.376839	3.6358	0.5569	1.0102	1.6579
neuromancer	L1	scal	1000000	2026-10-05	c91b3c95	19.181	4.64268	1.62083	2.8644	0.5253	1.0644	1.3834
neuromancer	L1	iamax	1000	2026-10-05	c91b3c95	19.181	0.944584	0.94611	0.9984	1.0691	1.0283	1.0175
neuromancer	L1	iamax	3000	2026-10-05	c91b3c95	19.181	0.768679	0.769587	0.9988	1.2079	1.0549	1.0139
neuromancer	L1	iamax	10000	2026-10-05	c91b3c95	19.181	0.746288	0.74335	1.0040	1.2404	1.0053	1.0073
neuromancer	L1	iamax	30000	2026-10-05	c91b3c95	19.181	0.718067	0.584886	1.2277	1.5364	1.0046	1.0430
neuromancer	L1	iamax	100000	2026-10-05	c91b3c95	19.181	0.720891	0.336064	2.1451	2.7213	1.0790	1.1023
neuromancer	L1	iamax	300000	2026-10-05	c91b3c95	19.181	1.41297	0.341146	4.1418	4.0453	1.0048	1.0272
neuromancer	L1	iamax	1000000	2026-10-05	c91b3c95	19.181	4.96542	1.47439	3.3678	3.2341	1.0696	1.3588
neuromancer	L1	blascopy	1000	2026-10-05	c91b3c95	19.181	0.515019	0.514989	1.0001	1.1039	1.0017	1.0014
neuromancer	L1	blascopy	3000	2026-10-05	c91b3c95	19.181	0.549821	0.544402	1.0100	1.1345	1.0145	1.0182
neuromancer	L1	blascopy	10000	2026-10-05	c91b3c95	19.181	1.37914	1.37981	0.9995	0.9914	1.0012	1.0014
neuromancer	L1	blascopy	30000	2026-10-05	c91b3c95	19.181	1.04559	0.66056	1.5829	1.5898	1.0051	1.1638
neuromancer	L1	blascopy	100000	2026-10-05	c91b3c95	19.181	2.14097	0.578835	3.6988	0.7126	1.0146	1.5431
neuromancer	L1	blascopy	300000	2026-10-05	c91b3c95	19.181	2.69205	0.872043	3.0871	0.4324	1.0802	1.0436
neuromancer	L1	blascopy	1000000	2026-10-05	c91b3c95	19.181	9.47048	3.50996	2.6982	0.4817	1.0448	1.0339
neuromancer	L1	swap	1000	2026-10-05	c91b3c95	19.181	1.02586	1.02636	0.9995	2.0000	1.0054	1.0034
neuromancer	L1	swap	3000	2026-10-05	c91b3c95	19.181	1.07733	1.07698	1.0003	1.9466	1.0127	1.0092
neuromancer	L1	swap	10000	2026-10-05	c91b3c95	19.181	1.53682	1.40329	1.0952	1.4656	1.0039	1.0370
neuromancer	L1	swap	30000	2026-10-05	c91b3c95	19.181	1.51514	0.700885	2.1617	2.8984	1.0010	1.3560
neuromancer	L1	swap	100000	2026-10-05	c91b3c95	19.181	2.22977	0.61202	3.6433	3.9088	1.0063	1.5535
neuromancer	L1	swap	300000	2026-10-05	c91b3c95	19.181	2.91742	0.933252	3.1261	3.1071	1.0096	1.0837
neuromancer	L1	swap	1000000	2026-10-05	c91b3c95	19.181	11.3099	3.67606	3.0766	3.2202	1.0336	1.0471
neuromancer	L2	gemvN	50	2026-10-05	c91b3c95	17.533	5.68795	5.69104	0.9995	1.5743	1.0037	1.0042
neuromancer	L2	gemvN	64	2026-10-05	c91b3c95	17.533	6.44145	6.44282	0.9998	1.4363	1.0022	1.0014
neuromancer	L2	gemvN	100	2026-10-05	c91b3c95	17.533	26.6987	26.7564	0.9978	1.0986	1.0015	1.0029
neuromancer	L2	gemvN	128	2026-10-05	c91b3c95	17.533	43.6812	43.6099	1.0016	1.0045	1.0017	1.0045
neuromancer	L2	gemvN	256	2026-10-05	c91b3c95	17.533	61.2188	21.1512	2.8943	2.2823	1.0041	1.0807
neuromancer	L2	gemvN	512	2026-10-05	c91b3c95	17.533	67.4699	13.3503	5.0538	4.9017	1.0288	1.0261
neuromancer	L2	gemvN	1000	2026-10-05	c91b3c95	17.533	61.6883	21.784	2.8318	1.1363	1.0140	1.8418
neuromancer	L2	gemvN	1024	2026-10-05	c91b3c95	17.533	64.5235	16.5687	3.8943	1.6537	1.0403	1.7440
neuromancer	L2	gemvN	2048	2026-10-05	c91b3c95	17.533	72.9506	48.1178	1.5161	0.8500	1.0091	1.1682
neuromancer	L2	gemvN	2100	2026-10-05	c91b3c95	17.533	69.5643	42.2334	1.6471	0.9061	1.0077	1.1960
neuromancer	L2	gemvN	4096	2026-10-05	c91b3c95	17.533	107.78	78.2707	1.3770	0.9724	1.0215	1.1069
neuromancer	L2	gemvT	50	2026-10-05	c91b3c95	17.533	6.53521	6.53442	1.0001	1.1115	1.0098	1.0139
neuromancer	L2	gemvT	64	2026-10-05	c91b3c95	17.533	6.76653	6.76483	1.0003	1.1137	1.0258	1.0204
neuromancer	L2	gemvT	100	2026-10-05	c91b3c95	17.533	25.8301	25.8168	1.0005	1.0121	1.0065	1.0068
neuromancer	L2	gemvT	128	2026-10-05	c91b3c95	17.533	33.3366	33.3956	0.9982	1.0554	1.0219	1.0097
neuromancer	L2	gemvT	256	2026-10-05	c91b3c95	17.533	35.232	16.7253	2.1065	2.1824	1.2294	1.0111
neuromancer	L2	gemvT	512	2026-10-05	c91b3c95	17.533	61.7873	11.6048	5.3243	5.5412	1.0185	1.0033
neuromancer	L2	gemvT	1000	2026-10-05	c91b3c95	17.533	60.3574	22.7726	2.6504	0.4649	1.0612	2.1902
neuromancer	L2	gemvT	1024	2026-10-05	c91b3c95	17.533	58.3964	24.3865	2.3946	0.4473	1.0127	2.2751
neuromancer	L2	gemvT	2048	2026-10-05	c91b3c95	17.533	74.3958	32.576	2.2838	0.8108	1.0099	1.0944
neuromancer	L2	gemvT	2100	2026-10-05	c91b3c95	17.533	68.4004	35.3158	1.9368	0.8014	1.0182	1.1124
neuromancer	L2	gemvT	4096	2026-10-05	c91b3c95	17.533	105.654	73.9604	1.4285	0.9373	1.0162	1.0119
neuromancer	L2	ger	50	2026-10-05	c91b3c95	17.533	12.7194	12.7788	0.9953	1.0697	1.0170	1.0162
neuromancer	L2	ger	64	2026-10-05	c91b3c95	17.533	12.5872	16.3725	0.7688	1.1434	1.3246	1.3246
neuromancer	L2	ger	100	2026-10-05	c91b3c95	17.533	48.7893	48.7946	0.9999	0.4944	1.0089	1.0278
neuromancer	L2	ger	128	2026-10-05	c91b3c95	17.533	73.5138	35.6804	2.0603	0.7405	1.0619	1.1371
neuromancer	L2	ger	256	2026-10-05	c91b3c95	17.533	65.6724	21.1347	3.1073	0.7215	1.0092	1.0058
neuromancer	L2	ger	512	2026-10-05	c91b3c95	17.533	69.3102	13.7656	5.0350	0.8773	1.0213	1.0080
neuromancer	L2	ger	1000	2026-10-05	c91b3c95	17.533	70.1234	12.7664	5.4928	0.9774	1.0107	1.7604
neuromancer	L2	ger	1024	2026-10-05	c91b3c95	17.533	70.3503	13.0273	5.4002	0.9381	1.0173	1.5156
neuromancer	L2	ger	2048	2026-10-05	c91b3c95	17.533	92.3203	54.9538	1.6800	0.9350	1.0490	1.1374
neuromancer	L2	ger	2100	2026-10-05	c91b3c95	17.533	101.45	58.6665	1.7293	0.9402	1.0218	1.0644
neuromancer	L2	ger	4096	2026-10-05	c91b3c95	17.533	179.246	124.432	1.4405	0.9627	1.0122	1.0494
neuromancer	L2	symv	50	2026-10-05	c91b3c95	17.533	7.71904	7.71805	1.0001	1.5453	1.0045	1.0093
neuromancer	L2	symv	64	2026-10-05	c91b3c95	17.533	10.5826	10.581	1.0002	1.2944	1.0029	1.0023
neuromancer	L2	symv	100	2026-10-05	c91b3c95	17.533	22.2108	22.1906	1.0009	1.1828	1.0036	1.0067
neuromancer	L2	symv	128	2026-10-05	c91b3c95	17.533	30.9537	30.9643	0.9997	1.2243	1.0110	1.0055
neuromancer	L2	symv	256	2026-10-05	c91b3c95	17.533	33.1556	23.3859	1.4178	0.6301	1.0029	1.0194
neuromancer	L2	symv	512	2026-10-05	c91b3c95	17.533	35.5221	17.4212	2.0390	0.5093	1.0355	1.0086
neuromancer	L2	symv	1000	2026-10-05	c91b3c95	17.533	36.3126	16.8642	2.1532	0.4175	1.0041	1.0143
neuromancer	L2	symv	1024	2026-10-05	c91b3c95	17.533	36.8893	20.0122	1.8433	0.3732	1.0367	1.1314
neuromancer	L2	symv	2048	2026-10-05	c91b3c95	17.533	49.1037	23.6143	2.0794	0.4792	1.0801	1.0335
neuromancer	L2	symv	2100	2026-10-05	c91b3c95	17.533	46.6421	22.5839	2.0653	0.5187	1.0349	1.0969
neuromancer	L2	symv	4096	2026-10-05	c91b3c95	17.533	67.0784	66.9057	1.0026	0.5743	1.0248	1.0231
neuromancer	L2	trmv	50	2026-10-05	c91b3c95	17.533	10.0703	10.075	0.9995	1.1567	1.0028	1.0027
neuromancer	L2	trmv	64	2026-10-05	c91b3c95	17.533	11.285	11.183	1.0091	1.3434	1.0144	1.0241
neuromancer	L2	trmv	100	2026-10-05	c91b3c95	17.533	26.6285	26.7112	0.9969	0.8843	1.0124	1.0112
neuromancer	L2	trmv	128	2026-10-05	c91b3c95	17.533	31.9911	32.0736	0.9974	1.0041	1.0131	1.0080
neuromancer	L2	trmv	256	2026-10-05	c91b3c95	17.533	35.0323	34.9945	1.0011	0.4213	1.0081	1.0132
neuromancer	L2	trmv	512	2026-10-05	c91b3c95	17.533	34.4043	34.3585	1.0013	0.2496	1.0291	1.0354
neuromancer	L2	trmv	1000	2026-10-05	c91b3c95	17.533	33.519	33.5182	1.0000	0.2035	1.0024	1.0039
neuromancer	L2	trmv	1024	2026-10-05	c91b3c95	17.533	33.8236	33.8131	1.0003	0.1840	1.0030	1.0036
neuromancer	L2	trmv	2048	2026-10-05	c91b3c95	17.533	38.5886	38.6821	0.9976	0.2314	1.0456	1.0263
neuromancer	L2	trmv	2100	2026-10-05	c91b3c95	17.533	39.1136	39.1802	0.9983	0.2516	1.0291	1.0187
neuromancer	L2	trmv	4096	2026-10-05	c91b3c95	17.533	59.4494	59.3425	1.0018	0.6241	1.0248	1.0101
neuromancer	L2	trsv	50	2026-10-05	c91b3c95	17.533	12.5025	12.5231	0.9984	1.4459	1.0067	1.0061
neuromancer	L2	trsv	64	2026-10-05	c91b3c95	17.533	16.8243	14.7609	1.1398	1.5641	1.1258	1.1549
neuromancer	L2	trsv	100	2026-10-05	c91b3c95	17.533	39.4836	39.485	1.0000	1.0802	1.0023	1.0033
neuromancer	L2	trsv	128	2026-10-05	c91b3c95	17.533	51.8539	51.8294	1.0005	1.1193	1.0076	1.0093
neuromancer	L2	trsv	256	2026-10-05	c91b3c95	17.533	39.7918	39.8141	0.9994	1.0188	1.0026	1.0021
neuromancer	L2	trsv	512	2026-10-05	c91b3c95	17.533	36.9931	36.818	1.0048	1.0168	1.0263	1.0272
neuromancer	L2	trsv	1000	2026-10-05	c91b3c95	17.533	34.2964	34.2878	1.0003	0.8564	1.0271	1.0020
neuromancer	L2	trsv	1024	2026-10-05	c91b3c95	17.533	34.7775	34.7707	1.0002	0.9552	1.0129	1.0044
neuromancer	L2	trsv	2048	2026-10-05	c91b3c95	17.533	38.0387	38.1879	0.9961	0.6834	1.0314	1.0167
neuromancer	L2	trsv	2100	2026-10-05	c91b3c95	17.533	37.2755	37.9735	0.9816	0.6535	1.0444	1.0323
neuromancer	L2	trsv	4096	2026-10-05	c91b3c95	17.533	57.4377	57.2688	1.0029	0.8355	1.0069	1.0102
neuromancer	L2	trsvLN	50	2026-10-05	c91b3c95	17.533	15.2739	15.2392	1.0023	1.1460	1.0052	1.0108
neuromancer	L2	trsvLN	64	2026-10-05	c91b3c95	17.533	21.0494	21.1502	0.9952	1.0997	1.0076	1.0123
neuromancer	L2	trsvLN	100	2026-10-05	c91b3c95	17.533	35.6694	35.5932	1.0021	1.0314	1.0312	1.0092
neuromancer	L2	trsvLN	128	2026-10-05	c91b3c95	17.533	43.9056	43.8178	1.0020	1.0893	1.0368	1.0098
neuromancer	L2	trsvLN	256	2026-10-05	c91b3c95	17.533	37.0534	37.0495	1.0001	1.0303	1.0078	1.0060
neuromancer	L2	trsvLN	512	2026-10-05	c91b3c95	17.533	36.0396	36.0494	0.9997	0.9907	1.0208	1.0209
neuromancer	L2	trsvLN	1000	2026-10-05	c91b3c95	17.533	34.5745	34.5707	1.0001	0.8327	1.0013	1.0015
neuromancer	L2	trsvLN	1024	2026-10-05	c91b3c95	17.533	34.6714	34.7308	0.9983	0.9308	1.0043	1.0088
neuromancer	L2	trsvLN	2048	2026-10-05	c91b3c95	17.533	37.0611	36.9808	1.0022	0.6971	1.0237	1.0390
neuromancer	L2	trsvLN	2100	2026-10-05	c91b3c95	17.533	37.6216	38.2763	0.9829	0.6446	1.0384	1.0445
neuromancer	L2	trsvLN	4096	2026-10-05	c91b3c95	17.533	56.858	56.873	0.9997	0.8246	1.0051	1.0057
neuromancer	L2	trsvLT	50	2026-10-05	c91b3c95	17.533	23.7666	23.7716	0.9998	1.2498	1.0016	1.0026
neuromancer	L2	trsvLT	64	2026-10-05	c91b3c95	17.533	28.702	28.6828	1.0007	1.3182	1.0040	1.0053
neuromancer	L2	trsvLT	100	2026-10-05	c91b3c95	17.533	49.3384	49.3496	0.9998	1.2615	1.0014	1.0023
neuromancer	L2	trsvLT	128	2026-10-05	c91b3c95	17.533	66.0811	66.0714	1.0001	1.2125	1.0034	1.0024
neuromancer	L2	trsvLT	256	2026-10-05	c91b3c95	17.533	47.6674	47.6749	0.9998	1.1650	1.0014	1.0011
neuromancer	L2	trsvLT	512	2026-10-05	c91b3c95	17.533	38.2733	37.9738	1.0079	1.1061	1.0240	1.0100
neuromancer	L2	trsvLT	1000	2026-10-05	c91b3c95	17.533	34.8736	34.8726	1.0000	1.0193	1.0043	1.0030
neuromancer	L2	trsvLT	1024	2026-10-05	c91b3c95	17.533	35.4829	35.5802	0.9973	1.0147	1.0054	1.0014
neuromancer	L2	trsvLT	2048	2026-10-05	c91b3c95	17.533	36.739	36.9146	0.9952	0.9974	1.0287	1.0306
neuromancer	L2	trsvLT	2100	2026-10-05	c91b3c95	17.533	37.1414	36.9976	1.0039	1.0132	1.0382	1.0402
neuromancer	L2	trsvLT	4096	2026-10-05	c91b3c95	17.533	56.9644	56.9432	1.0004	0.9790	1.0116	1.0085
neuromancer	L2	spmv	50	2026-10-05	c91b3c95	17.533	14.2313	14.2483	0.9988	1.5545	1.0129	1.0097
neuromancer	L2	spmv	64	2026-10-05	c91b3c95	17.533	19.1318	19.9811	0.9575	1.5960	1.0552	1.0561
neuromancer	L2	spmv	100	2026-10-05	c91b3c95	17.533	43.0912	42.9605	1.0030	1.4741	1.0149	1.0112
neuromancer	L2	spmv	128	2026-10-05	c91b3c95	17.533	33.4537	33.4404	1.0004	2.8364	1.0048	1.0102
neuromancer	L2	spmv	256	2026-10-05	c91b3c95	17.533	34.5518	34.5571	0.9998	2.4389	1.0059	1.0043
neuromancer	L2	spmv	512	2026-10-05	c91b3c95	17.533	34.7491	34.5981	1.0044	2.2023	1.0408	1.0428
neuromancer	L2	spmv	1000	2026-10-05	c91b3c95	17.533	41.6282	42.4089	0.9816	1.6709	1.0762	1.0581
neuromancer	L2	spmv	1024	2026-10-05	c91b3c95	17.533	38.749	38.8489	0.9974	1.8379	1.1503	1.1331
neuromancer	L2	spmv	2048	2026-10-05	c91b3c95	17.533	44.3161	44.1003	1.0049	1.9295	1.0287	1.0344
neuromancer	L2	spmv	2100	2026-10-05	c91b3c95	17.533	44.6277	44.7448	0.9974	1.9014	1.0295	1.0140
neuromancer	L2	spmv	4096	2026-10-05	c91b3c95	17.533	63.4495	63.2781	1.0027	1.8807	1.0112	1.0127
neuromancer	L2	gbmvN	50	2026-10-05	c91b3c95	17.533	7.98384	7.99866	0.9981	1.8990	1.0061	1.0038
neuromancer	L2	gbmvN	64	2026-10-05	c91b3c95	17.533	10.0042	10.017	0.9987	1.9699	1.0091	1.0138
neuromancer	L2	gbmvN	100	2026-10-05	c91b3c95	17.533	17.7361	17.7706	0.9981	1.7835	1.0036	1.0042
neuromancer	L2	gbmvN	128	2026-10-05	c91b3c95	17.533	22.6581	22.6885	0.9987	1.7924	1.0054	1.0049
neuromancer	L2	gbmvN	256	2026-10-05	c91b3c95	17.533	14.4678	14.4737	0.9996	1.7787	1.0019	1.0015
neuromancer	L2	gbmvN	512	2026-10-05	c91b3c95	17.533	7.26035	7.25955	1.0001	0.7029	1.0007	1.0009
neuromancer	L2	gbmvN	1000	2026-10-05	c91b3c95	17.533	3.73542	1.32707	2.8148	1.8553	1.0023	1.0665
neuromancer	L2	gbmvN	1024	2026-10-05	c91b3c95	17.533	3.64208	1.29542	2.8115	1.8260	1.0027	1.0144
neuromancer	L2	gbmvN	2048	2026-10-05	c91b3c95	17.533	1.81751	0.532228	3.4149	2.1662	1.0174	1.0095
neuromancer	L2	gbmvN	2100	2026-10-05	c91b3c95	17.533	1.76664	0.516916	3.4177	2.1339	1.0187	1.3234
neuromancer	L2	gbmvN	4096	2026-10-05	c91b3c95	17.533	1.35383	0.308661	4.3861	2.3654	1.0102	1.3962
neuromancer	L2	sbmv	50	2026-10-05	c91b3c95	17.533	11.9314	11.9336	0.9998	1.2207	1.0065	1.0133
neuromancer	L2	sbmv	64	2026-10-05	c91b3c95	17.533	15.5838	15.5831	1.0000	1.2236	1.0029	1.0047
neuromancer	L2	sbmv	100	2026-10-05	c91b3c95	17.533	25.3586	25.3212	1.0015	1.2051	1.0207	1.0470
neuromancer	L2	sbmv	128	2026-10-05	c91b3c95	17.533	32.8	32.9708	0.9948	1.1970	1.0032	1.0140
neuromancer	L2	sbmv	256	2026-10-05	c91b3c95	17.533	20.6345	20.5096	1.0061	1.1950	1.0365	1.0399
neuromancer	L2	sbmv	512	2026-10-05	c91b3c95	17.533	10.5793	10.5822	0.9997	1.1697	1.0025	1.0675
neuromancer	L2	sbmv	1000	2026-10-05	c91b3c95	17.533	5.45477	5.45337	1.0003	1.1706	1.0010	1.0010
neuromancer	L2	sbmv	1024	2026-10-05	c91b3c95	17.533	5.31945	5.31708	1.0004	1.1715	1.0023	1.0013
neuromancer	L2	sbmv	2048	2026-10-05	c91b3c95	17.533	2.66292	2.66239	1.0002	1.1671	1.0020	1.0015
neuromancer	L2	sbmv	2100	2026-10-05	c91b3c95	17.533	2.58813	2.58704	1.0004	1.1667	1.0016	1.0011
neuromancer	L2	sbmv	4096	2026-10-05	c91b3c95	17.533	1.68685	1.68681	1.0000	1.1624	1.0009	1.0010
neuromancer	L3	gemm	8	2026-10-05	c91b3c95	18.74	0.0377271	0.0385117	0.9796	1.2194	1.0514	1.1344
neuromancer	L3	gemm	32	2026-10-05	c91b3c95	18.74	1.28914	1.29364	0.9965	1.0039	1.0086	1.0120
neuromancer	L3	gemm	50	2026-10-05	c91b3c95	18.74	1.60345	1.60095	1.0016	0.9223	1.0070	1.0056
neuromancer	L3	gemm	100	2026-10-05	c91b3c95	18.74	1.3983	0.789048	1.7721	0.4722	1.0110	1.7787
neuromancer	L3	gemm	128	2026-10-05	c91b3c95	18.74	1.23677	0.621618	1.9896	0.5036	1.0127	1.0080
neuromancer	L3	gemm	256	2026-10-05	c91b3c95	18.74	1.06723	0.436549	2.4447	0.5136	1.0030	1.5782
neuromancer	L3	gemm	512	2026-10-05	c91b3c95	18.74	8.00354	2.36328	3.3866	0.6718	1.0020	1.5321
neuromancer	L3	gemm	1000	2026-10-05	c91b3c95	18.74	62.793	16.8133	3.7347	0.6548	1.0057	1.3644
neuromancer	L3	gemm	1024	2026-10-05	c91b3c95	18.74	65.7013	18.5878	3.5346	0.6666	1.0073	1.4966
neuromancer	L3	gemm	2048	2026-10-05	c91b3c95	18.74	512.785	114.943	4.4612	0.8307	1.0033	1.2523
neuromancer	L3	gemm	2100	2026-10-05	c91b3c95	18.74	554.5	113.255	4.8960	0.8923	1.0011	1.2179
neuromancer	L3	gemm	4096	2026-10-05	c91b3c95	18.74	3632.64	896.994	4.0498	0.8520	1.0006	1.0996
neuromancer	L3	symm	8	2026-10-05	c91b3c95	18.74	0.0851261	0.0851992	0.9991	1.4100	1.0472	1.0459
neuromancer	L3	symm	32	2026-10-05	c91b3c95	18.74	1.75561	1.76914	0.9924	1.3761	1.0243	1.0247
neuromancer	L3	symm	50	2026-10-05	c91b3c95	18.74	2.09339	2.0876	1.0028	1.1656	1.0137	1.0134
neuromancer	L3	symm	100	2026-10-05	c91b3c95	18.74	1.56171	0.967128	1.6148	0.4825	1.0098	1.0159
neuromancer	L3	symm	128	2026-10-05	c91b3c95	18.74	1.33546	0.485041	2.7533	0.8402	1.0028	1.0143
neuromancer	L3	symm	256	2026-10-05	c91b3c95	18.74	1.10564	0.477735	2.3143	0.5304	1.0018	1.0166
neuromancer	L3	symm	512	2026-10-05	c91b3c95	18.74	8.39151	2.59829	3.2296	0.6263	1.0016	1.4197
neuromancer	L3	symm	1000	2026-10-05	c91b3c95	18.74	63.8189	15.6922	4.0669	0.7283	1.0117	1.1516
neuromancer	L3	symm	1024	2026-10-05	c91b3c95	18.74	68.0046	17.737	3.8340	0.6994	1.0237	1.0752
neuromancer	L3	symm	2048	2026-10-05	c91b3c95	18.74	520.995	115.556	4.5086	0.8351	1.0038	1.1023
neuromancer	L3	symm	2100	2026-10-05	c91b3c95	18.74	561.658	120.066	4.6779	0.8599	1.0027	1.0925
neuromancer	L3	symm	4096	2026-10-05	c91b3c95	18.74	3668.48	955.723	3.8384	0.7888	1.0037	1.0780
neuromancer	L3	syrk	8	2026-10-05	c91b3c95	18.74	0.0837232	0.0835553	1.0020	1.6866	1.0422	1.0378
neuromancer	L3	syrk	32	2026-10-05	c91b3c95	18.74	1.15832	1.15988	0.9987	1.4993	1.0330	1.0164
neuromancer	L3	syrk	50	2026-10-05	c91b3c95	18.74	1.28336	1.287	0.9972	0.5554	1.0157	1.0066
neuromancer	L3	syrk	100	2026-10-05	c91b3c95	18.74	0.871752	0.873808	0.9976	0.2736	1.0109	1.0099
neuromancer	L3	syrk	128	2026-10-05	c91b3c95	18.74	0.724134	0.462812	1.5646	0.3526	1.0305	1.0194
neuromancer	L3	syrk	256	2026-10-05	c91b3c95	18.74	0.588208	0.170551	3.4489	1.0717	1.0051	1.4192
neuromancer	L3	syrk	512	2026-10-05	c91b3c95	18.74	4.5094	0.97187	4.6399	1.0274	1.0031	1.6974
neuromancer	L3	syrk	1000	2026-10-05	c91b3c95	18.74	33.2193	6.56891	5.0570	0.9716	1.0012	1.0156
neuromancer	L3	syrk	1024	2026-10-05	c91b3c95	18.74	36.2006	7.17541	5.0451	0.9429	1.0009	1.0297
neuromancer	L3	syrk	2048	2026-10-05	c91b3c95	18.74	293.617	56.4448	5.2018	0.9095	1.0012	1.0065
neuromancer	L3	syrk	2100	2026-10-05	c91b3c95	18.74	309.686	57.4191	5.3934	0.9337	1.0047	1.0030
neuromancer	L3	syrk	4096	2026-10-05	c91b3c95	18.74	2392.77	450.698	5.3090	0.8841	1.0015	1.0047
neuromancer	L3	syr2k	8	2026-10-05	c91b3c95	18.74	0.0933055	0.0947276	0.9850	1.9278	1.0689	1.1153
neuromancer	L3	syr2k	32	2026-10-05	c91b3c95	18.74	2.2497	2.24407	1.0025	1.2436	1.0120	1.0084
neuromancer	L3	syr2k	50	2026-10-05	c91b3c95	18.74	2.57076	2.57241	0.9994	0.6255	1.0115	1.0141
neuromancer	L3	syr2k	100	2026-10-05	c91b3c95	18.74	1.76187	1.05158	1.6755	0.9841	1.0069	1.0259
neuromancer	L3	syr2k	128	2026-10-05	c91b3c95	18.74	1.48611	0.781912	1.9006	0.9876	1.0050	1.4946
neuromancer	L3	syr2k	256	2026-10-05	c91b3c95	18.74	1.18678	0.355999	3.3337	1.0024	1.0034	1.5857
neuromancer	L3	syr2k	512	2026-10-05	c91b3c95	18.74	9.03769	2.23005	4.0527	0.8930	1.0006	1.6216
neuromancer	L3	syr2k	1000	2026-10-05	c91b3c95	18.74	66.7611	14.2895	4.6720	0.9018	1.0032	1.0515
neuromancer	L3	syr2k	1024	2026-10-05	c91b3c95	18.74	74.0671	17.1117	4.3284	0.8273	1.0037	1.0030
neuromancer	L3	syr2k	2048	2026-10-05	c91b3c95	18.74	598.828	127.546	4.6950	0.8318	1.0021	1.0163
neuromancer	L3	syr2k	2100	2026-10-05	c91b3c95	18.74	618.512	132.247	4.6770	0.8154	1.0013	1.0032
neuromancer	L3	syr2k	4096	2026-10-05	c91b3c95	18.74	4766.42	888.672	5.3635	0.9031	1.0012	1.0171
neuromancer	L3	trmm	8	2026-10-05	c91b3c95	18.74	0.0767045	0.0763457	1.0047	1.4981	1.1587	1.0330
neuromancer	L3	trmm	32	2026-10-05	c91b3c95	18.74	1.4025	1.4026	0.9999	0.8422	1.0209	1.0176
neuromancer	L3	trmm	50	2026-10-05	c91b3c95	18.74	1.30724	1.304	1.0025	0.5383	1.0162	1.0245
neuromancer	L3	trmm	100	2026-10-05	c91b3c95	18.74	0.91132	0.912384	0.9988	0.3352	1.0076	1.0039
neuromancer	L3	trmm	128	2026-10-05	c91b3c95	18.74	0.74124	0.740508	1.0010	0.3469	1.0051	1.0068
neuromancer	L3	trmm	256	2026-10-05	c91b3c95	18.74	0.593464	0.593371	1.0002	0.2660	1.0067	1.0049
neuromancer	L3	trmm	512	2026-10-05	c91b3c95	18.74	4.53	4.53057	0.9999	0.1991	1.0022	1.0030
neuromancer	L3	trmm	1000	2026-10-05	c91b3c95	18.74	33.7077	33.708	1.0000	0.1778	1.0015	1.0010
neuromancer	L3	trmm	1024	2026-10-05	c91b3c95	18.74	35.4924	35.5027	0.9997	0.1826	1.0009	1.0007
neuromancer	L3	trmm	2048	2026-10-05	c91b3c95	18.74	284.748	121.156	2.3503	0.4143	1.0068	1.1807
neuromancer	L3	trmm	2100	2026-10-05	c91b3c95	18.74	311.071	118.154	2.6328	0.4532	1.0007	1.0416
neuromancer	L3	trmm	4096	2026-10-05	c91b3c95	18.74	2169.71	687.647	3.1553	0.5592	1.0045	1.0588
neuromancer	L3	trmmR	8	2026-10-05	c91b3c95	18.74	0.0778175	0.077362	1.0059	1.2823	1.0840	1.0617
neuromancer	L3	trmmR	32	2026-10-05	c91b3c95	18.74	1.26278	1.27475	0.9906	0.9835	1.0233	1.0131
neuromancer	L3	trmmR	50	2026-10-05	c91b3c95	18.74	1.31696	1.33049	0.9898	0.5270	1.0185	1.0213
neuromancer	L3	trmmR	100	2026-10-05	c91b3c95	18.74	0.943933	0.94389	1.0000	0.3247	1.0078	1.0046
neuromancer	L3	trmmR	128	2026-10-05	c91b3c95	18.74	0.717332	0.715648	1.0024	0.3589	1.0143	1.0214
neuromancer	L3	trmmR	256	2026-10-05	c91b3c95	18.74	0.572903	0.572743	1.0003	0.2964	1.0054	1.0031
neuromancer	L3	trmmR	512	2026-10-05	c91b3c95	18.74	4.51816	4.5199	0.9996	0.1915	1.0023	1.0008
neuromancer	L3	trmmR	1000	2026-10-05	c91b3c95	18.74	33.4335	33.4301	1.0001	0.1784	1.0008	1.0017
neuromancer	L3	trmmR	1024	2026-10-05	c91b3c95	18.74	35.7225	35.7263	0.9999	0.1836	1.0010	1.0011
neuromancer	L3	trmmR	2048	2026-10-05	c91b3c95	18.74	288.604	59.103	4.8831	0.8507	1.0021	1.0195
neuromancer	L3	trmmR	2100	2026-10-05	c91b3c95	18.74	313.765	63.7499	4.9218	0.8316	1.0049	1.0265
neuromancer	L3	trmmR	4096	2026-10-05	c91b3c95	18.74	2298.63	424.609	5.4135	0.9173	1.0046	1.0044
neuromancer	L3	trsm	8	2026-10-05	c91b3c95	18.74	0.138582	0.137758	1.0060	1.4376	1.1063	1.0915
neuromancer	L3	trsm	32	2026-10-05	c91b3c95	18.74	1.13952	1.14078	0.9989	1.1222	1.0187	1.0229
neuromancer	L3	trsm	50	2026-10-05	c91b3c95	18.74	1.18952	1.19082	0.9989	0.9310	1.0163	1.0151
neuromancer	L3	trsm	100	2026-10-05	c91b3c95	18.74	0.812839	0.812409	1.0005	0.3378	1.0061	1.0055
neuromancer	L3	trsm	128	2026-10-05	c91b3c95	18.74	0.692678	0.395313	1.7522	0.4968	1.0035	1.0134
neuromancer	L3	trsm	256	2026-10-05	c91b3c95	18.74	0.57903	0.159002	3.6417	0.7724	1.0055	1.7027
neuromancer	L3	trsm	512	2026-10-05	c91b3c95	18.74	4.46785	0.86908	5.1409	0.9408	1.0015	1.7650
neuromancer	L3	trsm	1000	2026-10-05	c91b3c95	18.74	33.3714	6.02901	5.5351	0.9413	1.0033	1.2039
neuromancer	L3	trsm	1024	2026-10-05	c91b3c95	18.74	35.2782	6.67502	5.2851	0.9557	1.0021	1.1375
neuromancer	L3	trsm	2048	2026-10-05	c91b3c95	18.74	285.738	49.4674	5.7763	1.1085	1.0060	1.0021
neuromancer	L3	trsm	2100	2026-10-05	c91b3c95	18.74	312.349	53.1015	5.8821	1.0156	1.0020	1.0632
neuromancer	L3	trsm	4096	2026-10-05	c91b3c95	18.74	2292.43	399.331	5.7407	1.0679	1.0042	1.0172
neuromancer	L3	trsmR	8	2026-10-05	c91b3c95	18.74	0.0704578	0.071154	0.9902	2.1606	1.1112	1.0324
neuromancer	L3	trsmR	32	2026-10-05	c91b3c95	18.74	1.07333	1.0741	0.9993	1.0380	1.0275	1.0152
neuromancer	L3	trsmR	50	2026-10-05	c91b3c95	18.74	0.986532	0.987272	0.9992	1.2122	1.0129	1.0187
neuromancer	L3	trsmR	100	2026-10-05	c91b3c95	18.74	0.707404	0.708293	0.9987	0.4080	1.0064	1.0098
neuromancer	L3	trsmR	128	2026-10-05	c91b3c95	18.74	0.620029	0.346875	1.7875	0.4924	1.0021	1.0470
neuromancer	L3	trsmR	256	2026-10-05	c91b3c95	18.74	0.541278	0.119642	4.5241	0.9272	1.0052	1.8145
neuromancer	L3	trsmR	512	2026-10-05	c91b3c95	18.74	4.80334	1.0502	4.5738	0.7912	1.0034	1.6764
neuromancer	L3	trsmR	1000	2026-10-05	c91b3c95	18.74	34.938	6.90423	5.0604	0.8021	1.0041	1.2388
neuromancer	L3	trsmR	1024	2026-10-05	c91b3c95	18.74	37.9022	7.79938	4.8596	0.8560	1.0011	1.1453
neuromancer	L3	trsmR	2048	2026-10-05	c91b3c95	18.74	295.387	54.387	5.4312	1.2181	1.0060	1.0053
neuromancer	L3	trsmR	2100	2026-10-05	c91b3c95	18.74	316.752	56.8922	5.5676	1.0515	1.0036	1.0063
neuromancer	L3	trsmR	4096	2026-10-05	c91b3c95	18.74	2323.06	414.584	5.6034	0.9486	1.0021	1.0039
neuromancer	LP	potrf	8	2026-10-05	c91b3c95	18.941	0.168507	0.168612	0.9994	0.9598	1.0125	1.0240
neuromancer	LP	potrf	32	2026-10-05	c91b3c95	18.941	0.935211	0.947292	0.9872	1.5616	1.0388	1.0234
neuromancer	LP	potrf	50	2026-10-05	c91b3c95	18.941	0.797527	0.795279	1.0028	1.8916	1.0091	1.0117
neuromancer	LP	potrf	100	2026-10-05	c91b3c95	18.941	0.385542	0.385325	1.0006	1.9001	1.0039	1.0052
neuromancer	LP	potrf	128	2026-10-05	c91b3c95	18.941	0.323509	0.322795	1.0022	1.3405	1.0216	1.0176
neuromancer	LP	potrf	256	2026-10-05	c91b3c95	18.941	0.22359	0.172885	1.2933	0.8907	1.0064	1.0309
neuromancer	LP	potrf	512	2026-10-05	c91b3c95	18.941	1.61724	0.873254	1.8520	0.7329	1.0073	1.2728
neuromancer	LP	potrf	1000	2026-10-05	c91b3c95	18.941	11.9738	3.25077	3.6834	0.7913	1.0083	1.5291
neuromancer	LP	potrf	1024	2026-10-05	c91b3c95	18.941	12.5718	4.13352	3.0414	0.7308	1.0036	1.5163
neuromancer	LP	potrf	2048	2026-10-05	c91b3c95	18.941	98.8254	27.2166	3.6311	0.6980	1.0026	1.1815
neuromancer	LP	potrf	2100	2026-10-05	c91b3c95	18.941	106.495	27.773	3.8345	0.6990	1.0012	1.0747
neuromancer	LP	potrf	4096	2026-10-05	c91b3c95	18.941	770.685	167.345	4.6054	0.9252	1.0009	1.0155
neuromancer	LP	potrfU	8	2026-10-05	c91b3c95	18.941	0.124575	0.124596	0.9998	1.3051	1.0164	1.0104
neuromancer	LP	potrfU	32	2026-10-05	c91b3c95	18.941	1.43389	1.43215	1.0012	1.0161	1.0096	1.0087
neuromancer	LP	potrfU	50	2026-10-05	c91b3c95	18.941	1.152	1.15032	1.0015	1.5140	1.0072	1.0133
neuromancer	LP	potrfU	100	2026-10-05	c91b3c95	18.941	0.549845	0.549959	0.9998	1.4373	1.0041	1.0047
neuromancer	LP	potrfU	128	2026-10-05	c91b3c95	18.941	0.402038	0.40206	0.9999	1.1551	1.0033	1.0028
neuromancer	LP	potrfU	256	2026-10-05	c91b3c95	18.941	0.24827	0.194321	1.2776	1.2110	1.0056	1.0280
neuromancer	LP	potrfU	512	2026-10-05	c91b3c95	18.941	1.72775	0.927031	1.8637	1.1359	1.0027	1.3206
neuromancer	LP	potrfU	1000	2026-10-05	c91b3c95	18.941	11.9576	3.60779	3.3144	0.8133	1.0022	1.4980
neuromancer	LP	potrfU	1024	2026-10-05	c91b3c95	18.941	12.7755	5.06051	2.5246	0.7978	1.0019	1.5435
neuromancer	LP	potrfU	2048	2026-10-05	c91b3c95	18.941	97.1743	25.1881	3.8579	0.8440	1.0054	1.0971
neuromancer	LP	potrfU	2100	2026-10-05	c91b3c95	18.941	105.511	27.3837	3.8531	0.7503	1.0025	1.0997
neuromancer	LP	potrfU	4096	2026-10-05	c91b3c95	18.941	765.339	155.828	4.9114	0.9685	1.0007	1.0121
neuromancer	LP	geqrf	8	2026-10-05	c91b3c95	18.941	0.415062	0.414445	1.0015	1.1374	1.0051	1.0065
neuromancer	LP	geqrf	32	2026-10-05	c91b3c95	18.941	4.17447	4.17315	1.0003	0.9187	1.0140	1.0066
neuromancer	LP	geqrf	50	2026-10-05	c91b3c95	18.941	3.58139	3.58717	0.9984	1.1640	1.0016	1.0019
neuromancer	LP	geqrf	100	2026-10-05	c91b3c95	18.941	1.79806	1.79959	0.9991	1.8068	1.0012	1.0020
neuromancer	LP	geqrf	128	2026-10-05	c91b3c95	18.941	1.36952	1.3705	0.9993	2.0889	1.0011	1.0020
neuromancer	LP	geqrf	256	2026-10-05	c91b3c95	18.941	0.954372	0.954977	0.9994	1.4827	1.0034	1.0050
neuromancer	LP	geqrf	512	2026-10-05	c91b3c95	18.941	6.84814	4.10218	1.6694	1.6772	1.0058	1.0229
neuromancer	LP	geqrf	1000	2026-10-05	c91b3c95	18.941	47.5618	33.8827	1.4037	0.4818	1.0016	1.0054
neuromancer	LP	geqrf	1024	2026-10-05	c91b3c95	18.941	51.0171	36.0859	1.4138	0.8465	1.0031	1.0041
neuromancer	LP	geqrf	2048	2026-10-05	c91b3c95	18.941	406.501	276.187	1.4718	0.6344	1.0016	1.0061
neuromancer	LP	geqrf	2100	2026-10-05	c91b3c95	18.941	431.07	294.92	1.4617	0.3906	1.0007	1.0036
neuromancer	LP	geqrf	4096	2026-10-05	c91b3c95	18.941	3305.43	2144.56	1.5413	0.5214	1.0035	1.0203
neuromancer	LP	getrf	8	2026-10-05	c91b3c95	18.941	0.235292	0.234812	1.0020	1.2251	1.0117	1.0105
neuromancer	LP	getrf	32	2026-10-05	c91b3c95	18.941	2.8142	2.81473	0.9998	0.9683	1.0102	1.0168
neuromancer	LP	getrf	50	2026-10-05	c91b3c95	18.941	2.25009	2.25266	0.9989	1.0769	1.0046	1.0054
neuromancer	LP	getrf	100	2026-10-05	c91b3c95	18.941	1.17905	1.17893	1.0001	1.4130	1.0029	1.0023
neuromancer	LP	getrf	128	2026-10-05	c91b3c95	18.941	0.925875	0.926239	0.9996	1.5215	1.0014	1.0019
neuromancer	LP	getrf	256	2026-10-05	c91b3c95	18.941	0.619607	0.552308	1.1219	0.7744	1.0026	1.0179
neuromancer	LP	getrf	512	2026-10-05	c91b3c95	18.941	3.96219	2.60558	1.5207	0.7350	1.0032	1.0331
neuromancer	LP	getrf	1000	2026-10-05	c91b3c95	18.941	24.5096	10.2802	2.3841	0.5664	1.0037	1.4012
neuromancer	LP	getrf	1024	2026-10-05	c91b3c95	18.941	27.5602	12.495	2.2057	0.7168	1.0009	1.0702
neuromancer	LP	getrf	2048	2026-10-05	c91b3c95	18.941	212.819	78.1129	2.7245	0.6242	1.0032	1.0862
neuromancer	LP	getrf	2100	2026-10-05	c91b3c95	18.941	222.955	80.8026	2.7593	0.5818	1.0015	1.1963
neuromancer	LP	getrf	4096	2026-10-05	c91b3c95	18.941	1606.97	396.816	4.0497	0.8583	1.0009	1.0470
neuromancer	LP	getrs	8	2026-10-05	c91b3c95	18.941	0.0397705	0.0398205	0.9987	1.9510	1.0175	1.0142
neuromancer	LP	getrs	32	2026-10-05	c91b3c95	18.941	0.467368	0.469355	0.9958	1.1913	1.0397	1.0269
neuromancer	LP	getrs	50	2026-10-05	c91b3c95	18.941	1.16718	1.15994	1.0062	0.9751	1.0530	1.0338
neuromancer	LP	getrs	100	2026-10-05	c91b3c95	18.941	5.387	5.42814	0.9924	0.9294	1.0250	1.0697
neuromancer	LP	getrs	128	2026-10-05	c91b3c95	18.941	6.04974	6.02081	1.0048	1.0841	1.1891	1.0989
neuromancer	LP	getrs	256	2026-10-05	c91b3c95	18.941	11.589	11.3571	1.0204	0.9481	1.0185	1.0207
neuromancer	LP	getrs	512	2026-10-05	c91b3c95	18.941	10.4281	9.38461	1.1112	1.0643	1.0268	1.0480
neuromancer	LP	getrs	1000	2026-10-05	c91b3c95	18.941	9.86171	8.47941	1.1630	1.1833	1.0195	1.0974
neuromancer	LP	getrs	1024	2026-10-05	c91b3c95	18.941	9.97738	6.35455	1.5701	1.5767	1.0411	1.2526
neuromancer	LP	getrs	2048	2026-10-05	c91b3c95	18.941	6.31134	5.19327	1.2153	1.2044	1.0264	1.1108
neuromancer	LP	potrsL	8	2026-10-05	c91b3c95	18.941	0.0905222	0.0908876	0.9960	2.0544	1.0167	1.0211
neuromancer	LP	potrsL	32	2026-10-05	c91b3c95	18.941	0.710418	0.705552	1.0069	1.1688	1.0232	1.0370
neuromancer	LP	potrsL	50	2026-10-05	c91b3c95	18.941	0.370565	0.369377	1.0032	1.1391	1.0180	1.0116
neuromancer	LP	potrsL	100	2026-10-05	c91b3c95	18.941	0.0955909	0.09585	0.9973	1.0779	1.0066	1.0069
neuromancer	LP	potrsL	128	2026-10-05	c91b3c95	18.941	0.0558049	0.0557996	1.0001	1.0827	1.0045	1.0084
neuromancer	LP	potrsL	256	2026-10-05	c91b3c95	18.941	0.014607	0.014699	0.9937	1.0757	1.0041	1.0098
neuromancer	LP	potrsL	512	2026-10-05	c91b3c95	18.941	0.0491154	0.0491428	0.9994	1.0143	1.0058	1.2076
neuromancer	LP	potrsL	1000	2026-10-05	c91b3c95	18.941	0.174762	0.174945	0.9990	1.2674	1.0103	1.0140
neuromancer	LP	potrsL	1024	2026-10-05	c91b3c95	18.941	0.217721	0.197456	1.1026	1.2801	1.0800	1.0385
neuromancer	LP	potrsL	2048	2026-10-05	c91b3c95	18.941	1.69288	1.79577	0.9427	1.0022	1.0424	1.0106
neuromancer	LP	potrsU	8	2026-10-05	c91b3c95	18.941	0.0670594	0.0668792	1.0027	2.8321	1.0097	1.0150
neuromancer	LP	potrsU	32	2026-10-05	c91b3c95	18.941	0.495072	0.48743	1.0157	1.6900	1.0485	1.0362
neuromancer	LP	potrsU	50	2026-10-05	c91b3c95	18.941	0.267174	0.267384	0.9992	1.4637	1.0468	1.0297
neuromancer	LP	potrsU	100	2026-10-05	c91b3c95	18.941	0.0773717	0.0777626	0.9950	1.2446	1.0468	1.0249
neuromancer	LP	potrsU	128	2026-10-05	c91b3c95	18.941	0.0458427	0.0460604	0.9953	1.2046	1.0383	1.0354
neuromancer	LP	potrsU	256	2026-10-05	c91b3c95	18.941	0.0125673	0.013415	0.9368	1.0211	1.0119	1.0120
neuromancer	LP	potrsU	512	2026-10-05	c91b3c95	18.941	0.045255	0.0459204	0.9855	1.0115	1.0116	1.0214
neuromancer	LP	potrsU	1000	2026-10-05	c91b3c95	18.941	0.173432	0.178305	0.9727	1.3814	1.0065	1.0220
neuromancer	LP	potrsU	1024	2026-10-05	c91b3c95	18.941	0.183735	0.187872	0.9780	1.4132	1.0126	1.0449
neuromancer	LP	potrsU	2048	2026-10-05	c91b3c95	18.941	1.49163	1.72028	0.8671	1.0023	1.0032	1.0132
neuromancer	LP	trtrs	8	2026-10-05	c91b3c95	18.941	0.018074	0.0181471	0.9960	4.8639	1.0491	1.0894
neuromancer	LP	trtrs	32	2026-10-05	c91b3c95	18.941	0.3323	0.33112	1.0036	1.1887	1.0247	1.0320
neuromancer	LP	trtrs	50	2026-10-05	c91b3c95	18.941	0.804603	0.775412	1.0376	1.1090	1.0468	1.0340
neuromancer	LP	trtrs	100	2026-10-05	c91b3c95	18.941	2.01303	2.00644	1.0033	1.0088	1.0085	1.0123
neuromancer	LP	trtrs	128	2026-10-05	c91b3c95	18.941	2.55942	2.54514	1.0056	1.0340	1.0239	1.0090
neuromancer	LP	trtrs	256	2026-10-05	c91b3c95	18.941	4.25686	4.2546	1.0005	1.0479	1.0092	1.0114
neuromancer	LP	trtrs	512	2026-10-05	c91b3c95	18.941	3.59911	3.59358	1.0015	1.0114	1.0069	1.0094
neuromancer	LP	trtrs	1000	2026-10-05	c91b3c95	18.941	2.96801	2.97084	0.9990	1.0373	1.0043	1.0080
neuromancer	LP	trtrs	1024	2026-10-05	c91b3c95	18.941	3.21423	3.22428	0.9969	0.9612	1.0325	1.0317
neuromancer	LP	trtrs	2048	2026-10-05	c91b3c95	18.941	2.38469	2.40871	0.9900	1.0037	1.0476	1.0335
neuromancer	LP	sytrf	8	2026-10-05	c91b3c95	18.941	0.211327	0.210976	1.0017	2.3249	1.0974	1.1003
neuromancer	LP	sytrf	32	2026-10-05	c91b3c95	18.941	3.73208	3.72462	1.0020	1.2615	1.0147	1.0056
neuromancer	LP	sytrf	50	2026-10-05	c91b3c95	18.941	2.70686	2.71508	0.9970	1.0865	1.0092	1.0056
neuromancer	LP	sytrf	100	2026-10-05	c91b3c95	18.941	1.19871	1.20645	0.9936	1.3064	1.0087	1.0050
neuromancer	LP	sytrf	128	2026-10-05	c91b3c95	18.941	0.906142	0.909373	0.9964	1.4695	1.0137	1.0096
neuromancer	LP	sytrf	256	2026-10-05	c91b3c95	18.941	0.505404	0.504129	1.0025	1.4849	1.0153	1.0119
neuromancer	LP	sytrf	512	2026-10-05	c91b3c95	18.941	3.24895	3.24998	0.9997	1.1653	1.0116	1.0035
neuromancer	LP	sytrf	1000	2026-10-05	c91b3c95	18.941	15.8133	16.0199	0.9871	0.6072	1.0067	1.0147
neuromancer	LP	sytrf	1024	2026-10-05	c91b3c95	18.941	20.4701	20.5	0.9985	0.7776	1.0033	1.0065
neuromancer	LP	sytrf	2048	2026-10-05	c91b3c95	18.941	144.065	93.1289	1.5469	0.7878	1.0106	1.0593
neuromancer	LP	sytrf	2100	2026-10-05	c91b3c95	18.941	129.952	82.8998	1.5676	0.6352	1.0134	1.0748
neuromancer	LP	sytrf	4096	2026-10-05	c91b3c95	18.941	1065.94	548.251	1.9443	0.7642	1.0086	1.0359
neuromancer	LP	sytrs	8	2026-10-05	c91b3c95	18.941	0.0965431	0.0948302	1.0181	3.4618	1.0228	1.0297
neuromancer	LP	sytrs	32	2026-10-05	c91b3c95	18.941	0.702879	0.704634	0.9975	2.5752	1.0607	1.0762
neuromancer	LP	sytrs	50	2026-10-05	c91b3c95	18.941	1.73375	1.74763	0.9921	2.0032	1.0218	1.0185
neuromancer	LP	sytrs	100	2026-10-05	c91b3c95	18.941	4.59223	4.64245	0.9892	1.8573	1.1031	1.1141
neuromancer	LP	sytrs	128	2026-10-05	c91b3c95	18.941	6.42982	6.55941	0.9802	1.8180	1.0775	1.0846
neuromancer	LP	sytrs	256	2026-10-05	c91b3c95	18.941	10.7343	10.738	0.9997	1.8504	1.0284	1.0405
neuromancer	LP	sytrs	512	2026-10-05	c91b3c95	18.941	9.15321	9.25365	0.9891	1.9047	1.0234	1.0224
neuromancer	LP	sytrs	1000	2026-10-05	c91b3c95	18.941	9.16186	9.18584	0.9974	1.5489	1.0203	1.0155
neuromancer	LP	sytrs	1024	2026-10-05	c91b3c95	18.941	9.09845	9.17419	0.9917	1.5250	1.0208	1.0338
neuromancer	LP	sytrs	2048	2026-10-05	c91b3c95	18.941	8.47306	8.14977	1.0397	1.3713	1.0308	1.0201
neuromancer	LP	potri	8	2026-10-05	c91b3c95	18.941	0.239344	0.240034	0.9971	3.0440	1.0249	1.0193
neuromancer	LP	potri	32	2026-10-05	c91b3c95	18.941	2.68648	2.68677	0.9999	2.7482	1.0085	1.0192
neuromancer	LP	potri	50	2026-10-05	c91b3c95	18.941	2.5595	2.56139	0.9993	2.1339	1.0068	1.0048
neuromancer	LP	potri	100	2026-10-05	c91b3c95	18.941	1.20501	1.20524	0.9998	2.1477	1.0051	1.0049
neuromancer	LP	potri	128	2026-10-05	c91b3c95	18.941	0.740793	0.740944	0.9998	2.5541	1.0154	1.0103
neuromancer	LP	potri	256	2026-10-05	c91b3c95	18.941	0.494453	0.478146	1.0341	0.8902	1.0075	1.0044
neuromancer	LP	potri	512	2026-10-05	c91b3c95	18.941	3.44527	3.13825	1.0978	0.4778	1.0012	1.0043
neuromancer	LP	potri	1000	2026-10-05	c91b3c95	18.941	23.9435	20.9044	1.1454	0.3095	1.0019	1.0206
neuromancer	LP	potri	1024	2026-10-05	c91b3c95	18.941	25.0333	21.6579	1.1559	0.3785	1.0010	1.0166
neuromancer	LP	potri	2048	2026-10-05	c91b3c95	18.941	193.524	159.877	1.2105	0.2908	1.0030	1.0249
neuromancer	LP	trtri	8	2026-10-05	c91b3c95	18.941	0.0887912	0.0888581	0.9992	1.8277	1.0112	1.0180
neuromancer	LP	trtri	32	2026-10-05	c91b3c95	18.941	1.57843	1.57719	1.0008	2.0294	1.0367	1.0242
neuromancer	LP	trtri	50	2026-10-05	c91b3c95	18.941	1.21933	1.22212	0.9977	2.2233	1.0197	1.0180
neuromancer	LP	trtri	100	2026-10-05	c91b3c95	18.941	0.574182	0.5745	0.9994	2.6754	1.0148	1.0069
neuromancer	LP	trtri	128	2026-10-05	c91b3c95	18.941	0.386079	0.3869	0.9979	2.2522	1.0105	1.0115
neuromancer	LP	trtri	256	2026-10-05	c91b3c95	18.941	0.244113	0.244212	0.9996	0.9819	1.0745	1.0664
neuromancer	LP	trtri	512	2026-10-05	c91b3c95	18.941	1.69112	1.69032	1.0005	0.4469	1.0016	1.0018
neuromancer	LP	trtri	1000	2026-10-05	c91b3c95	18.941	12.2474	12.2538	0.9995	0.3146	1.0016	1.0030
neuromancer	LP	trtri	1024	2026-10-05	c91b3c95	18.941	12.5125	12.573	0.9952	0.3272	1.0083	1.0157
neuromancer	LP	trtri	2048	2026-10-05	c91b3c95	18.941	97.7333	97.7925	0.9994	0.2495	1.0051	1.0054
neuromancer	LP	getri	8	2026-10-05	c91b3c95	18.941	0.194278	0.194991	0.9963	1.4095	1.0281	1.0446
neuromancer	LP	getri	32	2026-10-05	c91b3c95	18.941	3.10575	3.11126	0.9982	1.7139	1.0090	1.0097
neuromancer	LP	getri	50	2026-10-05	c91b3c95	18.941	2.98141	2.98734	0.9980	1.6617	1.0128	1.0134
neuromancer	LP	getri	100	2026-10-05	c91b3c95	18.941	1.54598	1.5481	0.9986	1.2936	1.0062	1.0035
neuromancer	LP	getri	128	2026-10-05	c91b3c95	18.941	1.1553	1.15596	0.9994	0.9978	1.0037	1.0042
neuromancer	LP	getri	256	2026-10-05	c91b3c95	18.941	0.91484	0.771398	1.1860	0.5864	1.0012	1.0059
neuromancer	LP	getri	512	2026-10-05	c91b3c95	18.941	6.61352	3.7015	1.7867	0.5055	1.0014	1.0352
neuromancer	LP	getri	1000	2026-10-05	c91b3c95	18.941	46.835	25.078	1.8676	0.3957	1.0008	1.0862
neuromancer	LP	getri	1024	2026-10-05	c91b3c95	18.941	49.918	26.3308	1.8958	0.4169	1.0012	1.1315
neuromancer	LP	getri	2048	2026-10-05	c91b3c95	18.941	402.615	155.779	2.5845	0.5053	1.0015	1.0758
neuromancer	LP	sytri	8	2026-10-05	c91b3c95	18.941	0.334219	0.334512	0.9991	1.2091	1.0133	1.0272
neuromancer	LP	sytri	32	2026-10-05	c91b3c95	18.941	3.43274	3.41094	1.0064	1.1446	1.0153	1.0099
neuromancer	LP	sytri	50	2026-10-05	c91b3c95	18.941	2.38771	2.39723	0.9960	1.1225	1.0108	1.0070
neuromancer	LP	sytri	100	2026-10-05	c91b3c95	18.941	1.25629	1.2574	0.9991	1.1090	1.0062	1.0047
neuromancer	LP	sytri	128	2026-10-05	c91b3c95	18.941	1.05371	1.05517	0.9986	1.0812	1.0077	1.0053
neuromancer	LP	sytri	256	2026-10-05	c91b3c95	18.941	0.761625	0.774813	0.9830	0.7921	1.0106	1.0098
neuromancer	LP	sytri	512	2026-10-05	c91b3c95	18.941	5.59684	4.4231	1.2654	0.5938	1.0028	1.0410
neuromancer	LP	sytri	1000	2026-10-05	c91b3c95	18.941	38.9077	19.8179	1.9633	0.4496	1.0097	1.0121
neuromancer	LP	sytri	1024	2026-10-05	c91b3c95	18.941	43.4625	24.6637	1.7622	0.5042	1.0084	1.0139
neuromancer	LP	sytri	2048	2026-10-05	c91b3c95	18.941	345.893	182.677	1.8935	0.4560	1.0062	1.0742
neuromancer	LP	gelsy	8	2026-10-05	c91b3c95	18.941	1.14301	1.14198	1.0009	2.3383	1.0035	1.0037
neuromancer	LP	gelsy	32	2026-10-05	c91b3c95	18.941	9.64221	9.64039	1.0002	1.3311	1.0035	1.0070
neuromancer	LP	gelsy	50	2026-10-05	c91b3c95	18.941	7.22158	7.22524	0.9995	1.2055	1.0017	1.0016
neuromancer	LP	gelsy	100	2026-10-05	c91b3c95	18.941	3.72721	3.72955	0.9994	1.3246	1.0016	1.0017
neuromancer	LP	gelsy	128	2026-10-05	c91b3c95	18.941	2.91406	2.91466	0.9998	1.7933	1.0012	1.0013
neuromancer	LP	gelsy	256	2026-10-05	c91b3c95	18.941	1.86545	1.86572	0.9999	1.3476	1.0028	1.0017
neuromancer	LP	gelsy	512	2026-10-05	c91b3c95	18.941	14.9903	13.8645	1.0812	1.1581	1.0037	1.0127
neuromancer	LP	gelsy	1000	2026-10-05	c91b3c95	18.941	91.2312	79.9098	1.1417	0.6822	1.0044	1.0218
neuromancer	LP	gelsy	1024	2026-10-05	c91b3c95	18.941	102.614	90.3788	1.1354	0.7670	1.0058	1.0178
neuromancer	LP	gelsd	8	2026-10-05	c91b3c95	18.941	3.30409	3.30854	0.9987	2.3150	1.0021	1.0063
neuromancer	LP	gelsd	32	2026-10-05	c91b3c95	18.941	38.0167	38.1645	0.9961	2.3013	1.0014	1.0020
neuromancer	LP	gelsd	50	2026-10-05	c91b3c95	18.941	26.6167	26.6775	0.9977	2.4390	1.0036	1.0020
neuromancer	LP	gelsd	100	2026-10-05	c91b3c95	18.941	12.7059	12.715	0.9993	2.5025	1.0018	1.0035
neuromancer	LP	gelsd	128	2026-10-05	c91b3c95	18.941	9.50658	9.51069	0.9996	2.4315	1.0060	1.0065
neuromancer	LP	gelsd	256	2026-10-05	c91b3c95	18.941	5.39891	5.43459	0.9934	2.0317	1.0037	1.0195
neuromancer	LP	gelsd	512	2026-10-05	c91b3c95	18.941	35.5469	21.712	1.6372	2.7444	1.0037	1.1594
neuromancer	LP	gelsd	1000	2026-10-05	c91b3c95	18.941	198.214	101.494	1.9530	1.6974	1.0037	1.0417
neuromancer	LP	gelsd	1024	2026-10-05	c91b3c95	18.941	220.797	114.801	1.9233	2.1127	1.0034	1.0108
neuromancer	LP	geev	8	2026-10-05	c91b3c95	18.941	5.67235	5.68727	0.9974	1.4143	1.0037	1.0104
neuromancer	LP	geev	32	2026-10-05	c91b3c95	18.941	92.696	92.6875	1.0001	1.1960	1.0039	1.0035
neuromancer	LP	geev	50	2026-10-05	c91b3c95	18.941	80.5933	80.5516	1.0005	1.1010	1.0040	1.0043
neuromancer	LP	geev	100	2026-10-05	c91b3c95	18.941	56.57	56.535	1.0006	1.4426	1.0025	1.0024
neuromancer	LP	geev	128	2026-10-05	c91b3c95	18.941	50.6591	50.6012	1.0011	1.1838	1.0033	1.0046
neuromancer	LP	geev	256	2026-10-05	c91b3c95	18.941	37.6009	37.8061	0.9946	0.9090	1.0148	1.0095
neuromancer	LP	geev	512	2026-10-05	c91b3c95	18.941	273.547	258.208	1.0594	1.6675	1.0176	1.0440
neuromancer	LP	geev	1000	2026-10-05	c91b3c95	18.941	671.54	530.976	1.2647	1.0306	1.0201	1.0273
neuromancer	LP	geev	1024	2026-10-05	c91b3c95	18.941	1052.1	892.443	1.1789	1.5252	1.0271	1.0646
neuromancer	LP	gbtrf	8	2026-10-05	c91b3c95	18.941	0.0954522	0.095542	0.9991	1.9292	1.0345	1.0182
neuromancer	LP	gbtrf	32	2026-10-05	c91b3c95	18.941	0.480648	0.480641	1.0000	1.4353	1.0321	1.0232
neuromancer	LP	gbtrf	50	2026-10-05	c91b3c95	18.941	0.32485	0.325288	0.9987	1.3398	1.0079	1.0080
neuromancer	LP	gbtrf	100	2026-10-05	c91b3c95	18.941	0.147479	0.147339	1.0010	1.1346	1.0103	1.0194
neuromancer	LP	gbtrf	128	2026-10-05	c91b3c95	18.941	0.112512	0.112426	1.0008	1.1045	1.0097	1.0076
neuromancer	LP	gbtrf	256	2026-10-05	c91b3c95	18.941	0.0698043	0.0697298	1.0011	1.4034	1.0082	1.0034
neuromancer	LP	gbtrf	512	2026-10-05	c91b3c95	18.941	0.324823	0.324913	0.9997	1.7000	1.0080	1.0083
neuromancer	LP	gbtrf	1000	2026-10-05	c91b3c95	18.941	1.74539	1.74534	1.0000	0.6935	1.0020	1.0014
neuromancer	LP	gbtrf	1024	2026-10-05	c91b3c95	18.941	1.76413	1.76424	0.9999	0.7074	1.0018	1.0011
neuromancer	LP	gbtrf	2048	2026-10-05	c91b3c95	18.941	11.7678	11.7651	1.0002	0.4210	1.0016	1.0009
neuromancer	LP	geqp3	8	2026-10-05	c91b3c95	18.941	0.68953	0.688588	1.0014	1.6218	1.0494	1.0477
neuromancer	LP	geqp3	32	2026-10-05	c91b3c95	18.941	7.35271	7.364	0.9985	1.1022	1.0148	1.0060
neuromancer	LP	geqp3	50	2026-10-05	c91b3c95	18.941	6.04584	6.0498	0.9993	1.0670	1.0021	1.0025
neuromancer	LP	geqp3	100	2026-10-05	c91b3c95	18.941	3.31797	3.32114	0.9990	1.3037	1.0027	1.0047
neuromancer	LP	geqp3	128	2026-10-05	c91b3c95	18.941	2.62779	2.62778	1.0000	1.3881	1.0023	1.0020
neuromancer	LP	geqp3	256	2026-10-05	c91b3c95	18.941	1.74085	1.74111	0.9999	1.1948	1.0035	1.0035
neuromancer	LP	geqp3	512	2026-10-05	c91b3c95	18.941	14.483	13.3993	1.0809	1.1179	1.0054	1.0164
neuromancer	LP	geqp3	1000	2026-10-05	c91b3c95	18.941	89.3969	77.9173	1.1473	0.5978	1.0053	1.0087
neuromancer	LP	geqp3	1024	2026-10-05	c91b3c95	18.941	100.908	88.004	1.1466	0.6964	1.0058	1.0122
neuromancer	LP	geqp3	2048	2026-10-05	c91b3c95	18.941	839.075	742.419	1.1302	0.4457	1.0023	1.0067
neuromancer	LP	gels	8	2026-10-05	c91b3c95	18.941	0.541693	0.541434	1.0005	2.7653	1.0024	1.0022
neuromancer	LP	gels	32	2026-10-05	c91b3c95	18.941	5.03601	5.02965	1.0013	1.3359	1.0065	1.0104
neuromancer	LP	gels	50	2026-10-05	c91b3c95	18.941	4.152	4.15916	0.9983	1.3573	1.0024	1.0037
neuromancer	LP	gels	100	2026-10-05	c91b3c95	18.941	2.03999	2.04156	0.9992	1.8391	1.0011	1.0006
neuromancer	LP	gels	128	2026-10-05	c91b3c95	18.941	1.53511	1.53638	0.9992	2.0775	1.0014	1.0011
neuromancer	LP	gels	256	2026-10-05	c91b3c95	18.941	1.02211	1.02244	0.9997	1.8248	1.0009	1.0013
neuromancer	LP	gels	512	2026-10-05	c91b3c95	18.941	7.08033	4.3691	1.6205	1.8680	1.0069	1.0161
neuromancer	LP	gels	1000	2026-10-05	c91b3c95	18.941	48.7029	35.0729	1.3886	0.5914	1.0006	1.0042
neuromancer	LP	gels	1024	2026-10-05	c91b3c95	18.941	52.272	37.3141	1.4009	0.9379	1.0008	1.0083
neuromancer	LP	pstrf	8	2026-10-05	c91b3c95	18.941	0.296445	0.297291	0.9972	1.1743	1.0093	1.0083
neuromancer	LP	pstrf	32	2026-10-05	c91b3c95	18.941	2.65152	2.64864	1.0011	1.1998	1.0062	1.0080
neuromancer	LP	pstrf	50	2026-10-05	c91b3c95	18.941	1.87613	1.87681	0.9996	1.2091	1.0073	1.0070
neuromancer	LP	pstrf	100	2026-10-05	c91b3c95	18.941	0.902805	0.903579	0.9991	1.1720	1.0087	1.0084
neuromancer	LP	pstrf	128	2026-10-05	c91b3c95	18.941	0.747922	0.748041	0.9998	1.2255	1.0023	1.0039
neuromancer	LP	pstrf	256	2026-10-05	c91b3c95	18.941	0.637419	0.629333	1.0128	1.4524	1.0065	1.0257
neuromancer	LP	pstrf	512	2026-10-05	c91b3c95	18.941	4.61852	4.13516	1.1169	1.5019	1.0020	1.0136
neuromancer	LP	pstrf	1000	2026-10-05	c91b3c95	18.941	16.1142	8.00535	2.0129	1.0443	1.0034	1.0269
neuromancer	LP	pstrf	1024	2026-10-05	c91b3c95	18.941	28.6805	17.3513	1.6529	1.5544	1.0024	1.0953
neuromancer	LP	pstrf	2048	2026-10-05	c91b3c95	18.941	169.398	84.1086	2.0140	1.4444	1.0026	1.0506
neuromancer	LP	pstrf	2100	2026-10-05	c91b3c95	18.941	138.698	44.8302	3.0938	1.0952	1.0062	1.0125
neuromancer	LP	pstrf	4096	2026-10-05	c91b3c95	18.941	1155.38	437.535	2.6406	1.4923	1.0038	1.0265
neuromancer	LP	pstrfU	8	2026-10-05	c91b3c95	18.941	0.338752	0.336957	1.0053	1.0392	1.0105	1.0217
neuromancer	LP	pstrfU	32	2026-10-05	c91b3c95	18.941	2.96096	2.96116	0.9999	1.0327	1.0144	1.0086
neuromancer	LP	pstrfU	50	2026-10-05	c91b3c95	18.941	2.15652	2.15165	1.0023	0.9635	1.0094	1.0069
neuromancer	LP	pstrfU	100	2026-10-05	c91b3c95	18.941	1.02083	1.01999	1.0008	1.1060	1.0059	1.0087
neuromancer	LP	pstrfU	128	2026-10-05	c91b3c95	18.941	0.969732	0.970766	0.9989	1.1449	1.0043	1.0063
neuromancer	LP	pstrfU	256	2026-10-05	c91b3c95	18.941	1.20481	1.22442	0.9840	1.0846	1.0050	1.0082
neuromancer	LP	pstrfU	512	2026-10-05	c91b3c95	18.941	8.39927	7.97241	1.0535	1.2197	1.0015	1.0039
neuromancer	LP	pstrfU	1000	2026-10-05	c91b3c95	18.941	16.0087	9.06587	1.7658	0.9191	1.0017	1.0332
neuromancer	LP	pstrfU	1024	2026-10-05	c91b3c95	18.941	42.26	38.7661	1.0901	1.0643	1.0033	1.0051
neuromancer	LP	pstrfU	2048	2026-10-05	c91b3c95	18.941	237.033	170.42	1.3909	1.1222	1.0019	1.0102
neuromancer	LP	pstrfU	2100	2026-10-05	c91b3c95	18.941	140.504	59.4861	2.3620	0.8693	1.0044	1.0147
neuromancer	LP	pstrfU	4096	2026-10-05	c91b3c95	18.941	1512.79	870.804	1.7372	1.2194	1.0018	1.0183
neuromancer	LP	gesvd	8	2026-10-05	c91b3c95	18.941	5.77058	5.77619	0.9990	1.4082	1.0039	1.0056
neuromancer	LP	gesvd	32	2026-10-05	c91b3c95	18.941	82.9389	83.1263	0.9977	1.1174	1.0048	1.0027
neuromancer	LP	gesvd	50	2026-10-05	c91b3c95	18.941	64.4728	64.5878	0.9982	1.1862	1.0045	1.0046
neuromancer	LP	gesvd	100	2026-10-05	c91b3c95	18.941	30.5855	30.6236	0.9988	1.0770	1.0013	1.0019
neuromancer	LP	gesvd	128	2026-10-05	c91b3c95	18.941	22.9422	22.957	0.9994	0.9995	1.0014	1.0006
neuromancer	LP	gesvd	256	2026-10-05	c91b3c95	18.941	12.7382	10.9817	1.1599	1.0306	1.0026	1.0352
neuromancer	LP	gesvd	512	2026-10-05	c91b3c95	18.941	78.9468	50.8701	1.5519	1.2763	1.0072	1.0389
neuromancer	LP	gesvd	1000	2026-10-05	c91b3c95	18.941	460.038	199.929	2.3010	1.2054	1.0056	1.0597
neuromancer	LP	gesvd	1024	2026-10-05	c91b3c95	18.941	510.442	237.337	2.1507	1.5008	1.0031	1.1022
neuromancer	LP	gesvd	2048	2026-10-05	c91b3c95	18.941	3832.16	1265.36	3.0285	1.4570	1.0092	1.0389
neuromancer	LP	syev	8	2026-10-05	c91b3c95	18.941	3.50322	3.51349	0.9971	1.4599	1.0289	1.0275
neuromancer	LP	syev	32	2026-10-05	c91b3c95	18.941	42.0168	42.0358	0.9995	1.5280	1.0039	1.0053
neuromancer	LP	syev	50	2026-10-05	c91b3c95	18.941	31.3758	31.405	0.9991	1.5855	1.0027	1.0028
neuromancer	LP	syev	100	2026-10-05	c91b3c95	18.941	15.1404	15.1422	0.9999	1.4501	1.0032	1.0030
neuromancer	LP	syev	128	2026-10-05	c91b3c95	18.941	12.3858	12.3917	0.9995	1.3531	1.0028	1.0026
neuromancer	LP	syev	256	2026-10-05	c91b3c95	18.941	6.92369	6.72994	1.0288	1.0624	1.0038	1.0187
neuromancer	LP	syev	512	2026-10-05	c91b3c95	18.941	39.6809	27.9989	1.4172	1.1033	1.0056	1.0210
neuromancer	LP	syev	1000	2026-10-05	c91b3c95	18.941	208.451	102.884	2.0261	0.9710	1.0022	1.0863
neuromancer	LP	syev	1024	2026-10-05	c91b3c95	18.941	244.631	129.235	1.8929	1.0570	1.0067	1.0576
neuromancer	LP	syev	2048	2026-10-05	c91b3c95	18.941	1709.03	661.382	2.5840	1.1293	1.0139	1.0332
neuromancer	LP	syevN	8	2026-10-05	c91b3c95	18.941	2.2025	2.20649	0.9982	1.2963	1.0028	1.0039
neuromancer	LP	syevN	32	2026-10-05	c91b3c95	18.941	24.85	24.8686	0.9993	1.2010	1.0021	1.0014
neuromancer	LP	syevN	50	2026-10-05	c91b3c95	18.941	17.794	17.8193	0.9986	1.2562	1.0015	1.0011
neuromancer	LP	syevN	100	2026-10-05	c91b3c95	18.941	8.21217	8.21629	0.9995	1.2771	1.0017	1.0012
neuromancer	LP	syevN	128	2026-10-05	c91b3c95	18.941	6.02409	6.02596	0.9997	1.2469	1.0028	1.0022
neuromancer	LP	syevN	256	2026-10-05	c91b3c95	18.941	2.94419	2.92912	1.0051	1.1238	1.0018	1.0043
neuromancer	LP	syevN	512	2026-10-05	c91b3c95	18.941	15.8757	12.881	1.2325	0.9768	1.0046	1.0566
neuromancer	LP	syevN	1000	2026-10-05	c91b3c95	18.941	90.2514	58.4986	1.5428	0.8474	1.0040	1.0505
neuromancer	LP	syevN	1024	2026-10-05	c91b3c95	18.941	98.6522	64.8915	1.5203	0.8105	1.0032	1.0267
neuromancer	LP	syevN	2048	2026-10-05	c91b3c95	18.941	664.817	321.513	2.0678	0.8048	1.0024	1.0557
neuromancer	LP	gtsv	256	2026-10-05	c91b3c95	18.941	0.00497099	0.00497	1.0002	1.3297	1.0059	1.0022
neuromancer	LP	gtsv	1024	2026-10-05	c91b3c95	18.941	0.019817	0.019817	1.0000	1.3130	1.0010	1.0015
neuromancer	LP	gtsv	4096	2026-10-05	c91b3c95	18.941	0.07952	0.079529	0.9999	1.3022	1.0008	1.0003
neuromancer	LP	gtsv	16384	2026-10-05	c91b3c95	18.941	0.318486	0.318516	0.9999	1.3073	1.0090	1.0092
neuromancer	LP	gtsv	65536	2026-10-05	c91b3c95	18.941	1.37801	1.3771	1.0007	1.2120	1.0007	1.0009
neuromancer	LP	gtsv	262144	2026-10-05	c91b3c95	18.941	5.5231	5.52408	0.9998	1.2098	1.0008	1.0006
neuromancer	LP	gttrf	256	2026-10-05	c91b3c95	18.941	0.0031871	0.003096	1.0294	1.4503	1.1965	1.1319
neuromancer	LP	gttrf	1024	2026-10-05	c91b3c95	18.941	0.0105722	0.0105311	1.0039	1.6003	1.0154	1.0117
neuromancer	LP	gttrf	4096	2026-10-05	c91b3c95	18.941	0.0403093	0.0406302	0.9921	1.6173	1.0202	1.0204
neuromancer	LP	gttrf	16384	2026-10-05	c91b3c95	18.941	0.159702	0.159642	1.0004	1.6297	1.0035	1.0027
neuromancer	LP	gttrf	65536	2026-10-05	c91b3c95	18.941	0.637067	0.637063	1.0000	1.6399	1.0011	1.0019
neuromancer	LP	gttrf	262144	2026-10-05	c91b3c95	18.941	2.56015	2.55614	1.0016	1.6058	1.0064	1.0028
neuromancer	LP	gttrs	256	2026-10-05	c91b3c95	18.941	0.004829	0.00482099	1.0017	1.0037	1.0000	1.0021
neuromancer	LP	gttrs	1024	2026-10-05	c91b3c95	18.941	0.019176	0.019178	0.9999	1.0009	1.0005	1.0010
neuromancer	LP	gttrs	4096	2026-10-05	c91b3c95	18.941	0.076594	0.076604	0.9999	1.0013	1.0004	1.0001
neuromancer	LP	gttrs	16384	2026-10-05	c91b3c95	18.941	0.305887	0.305936	0.9998	1.0010	1.0004	1.0003
neuromancer	LP	gttrs	65536	2026-10-05	c91b3c95	18.941	1.22738	1.22781	0.9997	0.9999	1.0005	1.0004
neuromancer	LP	gttrs	262144	2026-10-05	c91b3c95	18.941	4.95158	4.95108	1.0001	0.9993	1.0073	1.0007
neuromancer	LP	pttrf	256	2026-10-05	c91b3c95	18.941	0.002484	0.00248411	1.0000	1.0929	1.0040	1.0004
neuromancer	LP	pttrf	1024	2026-10-05	c91b3c95	18.941	0.009818	0.009818	1.0000	1.1300	1.0001	1.0009
neuromancer	LP	pttrf	4096	2026-10-05	c91b3c95	18.941	0.0392251	0.0391873	1.0010	1.1206	1.0059	1.0021
neuromancer	LP	pttrf	16384	2026-10-05	c91b3c95	18.941	0.157098	0.157057	1.0003	1.1184	1.0003	1.0004
neuromancer	LP	pttrf	65536	2026-10-05	c91b3c95	18.941	0.631528	0.631519	1.0000	1.1171	1.0005	1.0015
neuromancer	LP	pttrf	262144	2026-10-05	c91b3c95	18.941	2.52798	2.52779	1.0001	1.1167	1.0018	1.0007
neuromancer	LP	pttrs	256	2026-10-05	c91b3c95	18.941	0.465166	0.465417	0.9995	1.0052	1.0040	1.0086
neuromancer	LP	pttrs	1024	2026-10-05	c91b3c95	18.941	0.118164	0.118205	0.9997	0.9995	1.0018	1.0027
neuromancer	LP	pttrs	4096	2026-10-05	c91b3c95	18.941	0.025127	0.0250481	1.0031	1.0014	1.0069	1.0039
neuromancer	LP	pttrs	16384	2026-10-05	c91b3c95	18.941	0.100601	0.10055	1.0005	1.0007	1.0008	1.0023
neuromancer	LP	pttrs	65536	2026-10-05	c91b3c95	18.941	0.402386	0.402374	1.0000	0.9996	1.0006	1.0008
neuromancer	LP	pttrs	262144	2026-10-05	c91b3c95	18.941	1.61694	1.61656	1.0002	0.9982	1.0008	1.0005
neuromancer	LP	ptsv	256	2026-10-05	c91b3c95	18.941	0.003968	0.004108	0.9659	1.0609	1.0617	1.0549
neuromancer	LP	ptsv	1024	2026-10-05	c91b3c95	18.941	0.0161021	0.0160933	1.0005	1.0646	1.0099	1.0137
neuromancer	LP	ptsv	4096	2026-10-05	c91b3c95	18.941	0.0643243	0.0644332	0.9983	1.0695	1.0025	1.0011
neuromancer	LP	ptsv	16384	2026-10-05	c91b3c95	18.941	0.257485	0.257445	1.0002	1.0724	1.0003	1.0007
neuromancer	LP	ptsv	65536	2026-10-05	c91b3c95	18.941	1.03463	1.03428	1.0003	1.0705	1.0003	1.0004
neuromancer	LP	ptsv	262144	2026-10-05	c91b3c95	18.941	4.13865	4.13855	1.0000	1.0743	1.0040	1.0007
neuromancer	LP	pbtrfL	16	2026-10-05	c91b3c95	18.941	0.464655	0.464597	1.0001	1.3644	1.0023	1.0039
neuromancer	LP	pbtrfL	32	2026-10-05	c91b3c95	18.941	0.806398	0.805723	1.0008	1.6669	1.0170	1.0121
neuromancer	LP	pbtrfL	64	2026-10-05	c91b3c95	18.941	1.56809	1.5688	0.9995	2.0039	1.0030	1.0028
neuromancer	LP	pbtrfL	96	2026-10-05	c91b3c95	18.941	2.48004	2.48082	0.9997	1.1674	1.0033	1.0014
neuromancer	LP	pbtrfL	128	2026-10-05	c91b3c95	18.941	3.62148	3.62177	0.9999	0.8138	1.0016	1.0010
neuromancer	LP	pbtrfL	192	2026-10-05	c91b3c95	18.941	6.71318	6.71345	1.0000	0.5401	1.0009	1.0009
neuromancer	LP	pbtrfL	256	2026-10-05	c91b3c95	18.941	10.865	9.26244	1.1730	0.4887	1.0006	1.0019
neuromancer	LP	pbtrfL	384	2026-10-05	c91b3c95	18.941	21.9073	12.2059	1.7948	0.5315	1.0009	1.2662
neuromancer	LP	pbtrfU	16	2026-10-05	c91b3c95	18.941	0.718271	0.717709	1.0008	1.3023	1.0715	1.0043
neuromancer	LP	pbtrfU	32	2026-10-05	c91b3c95	18.941	0.977255	0.977611	0.9996	2.2516	1.0153	1.0138
neuromancer	LP	pbtrfU	64	2026-10-05	c91b3c95	18.941	1.86177	1.86188	0.9999	3.5040	1.0329	1.0012
neuromancer	LP	pbtrfU	96	2026-10-05	c91b3c95	18.941	2.90267	2.90238	1.0001	1.0687	1.0022	1.0027
neuromancer	LP	pbtrfU	128	2026-10-05	c91b3c95	18.941	5.3872	5.38585	1.0003	0.9277	1.0029	1.0023
neuromancer	LP	pbtrfU	192	2026-10-05	c91b3c95	18.941	9.25001	9.24915	1.0001	0.6726	1.0022	1.0021
neuromancer	LP	pbtrfU	256	2026-10-05	c91b3c95	18.941	12.1054	10.8469	1.1160	0.6964	1.0023	1.0041
neuromancer	LP	pbtrfU	384	2026-10-05	c91b3c95	18.941	23.5015	13.6972	1.7158	0.7366	1.0011	1.0453
neuromancer	LP	pptrfL	8	2026-10-05	c91b3c95	18.941	0.152756	0.156793	0.9743	1.1547	1.0808	1.1005
neuromancer	LP	pptrfL	32	2026-10-05	c91b3c95	18.941	1.34919	1.34636	1.0021	1.5026	1.0353	1.0107
neuromancer	LP	pptrfL	50	2026-10-05	c91b3c95	18.941	1.04612	1.04559	1.0005	1.6608	1.0045	1.0067
neuromancer	LP	pptrfL	100	2026-10-05	c91b3c95	18.941	0.487238	0.48786	0.9987	2.5211	1.0064	1.0048
neuromancer	LP	pptrfL	128	2026-10-05	c91b3c95	18.941	0.352947	0.35278	1.0005	2.8133	1.0019	1.0074
neuromancer	LP	pptrfL	256	2026-10-05	c91b3c95	18.941	0.233907	0.19277	1.2134	1.9488	1.0034	1.0114
neuromancer	LP	pptrfL	512	2026-10-05	c91b3c95	18.941	1.65581	0.944365	1.7534	1.7426	1.0040	1.1364
neuromancer	LP	pptrfL	1000	2026-10-05	c91b3c95	18.941	12.5814	5.48304	2.2946	1.6527	1.0218	1.2696
neuromancer	LP	pptrfL	1024	2026-10-05	c91b3c95	18.941	12.7643	5.44461	2.3444	1.7796	1.0224	1.4155
neuromancer	LP	pptrfL	2048	2026-10-05	c91b3c95	18.941	99.933	31.2193	3.2010	2.3090	1.0017	1.1260
neuromancer	LP	pptrfU	8	2026-10-05	c91b3c95	18.941	0.134802	0.129928	1.0375	2.6486	1.0704	1.0329
neuromancer	LP	pptrfU	32	2026-10-05	c91b3c95	18.941	1.89219	1.89009	1.0011	2.3094	1.0162	1.0141
neuromancer	LP	pptrfU	50	2026-10-05	c91b3c95	18.941	1.41538	1.41817	0.9980	2.3132	1.0067	1.0053
neuromancer	LP	pptrfU	100	2026-10-05	c91b3c95	18.941	0.65563	0.655109	1.0008	2.6107	1.0038	1.0073
neuromancer	LP	pptrfU	128	2026-10-05	c91b3c95	18.941	0.47259	0.472572	1.0000	2.8641	1.0059	1.0073
neuromancer	LP	pptrfU	256	2026-10-05	c91b3c95	18.941	0.274888	0.239188	1.1493	3.2654	1.0121	1.0183
neuromancer	LP	pptrfU	512	2026-10-05	c91b3c95	18.941	1.82454	1.1394	1.6013	4.3602	1.0075	1.1870
neuromancer	LP	pptrfU	1000	2026-10-05	c91b3c95	18.941	13.0069	5.84001	2.2272	5.9845	1.0270	1.0291
neuromancer	LP	pptrfU	1024	2026-10-05	c91b3c95	18.941	13.6181	5.97756	2.2782	6.2177	1.0095	1.3810
neuromancer	LP	pptrfU	2048	2026-10-05	c91b3c95	18.941	101.042	34.6098	2.9195	8.6593	1.0033	1.1189
neuromancer	CL1	zaxpy	1000	2026-10-05	c91b3c95	17.738	2.09941	2.09825	1.0006	1.1436	1.0015	1.0021
neuromancer	CL1	zaxpy	3000	2026-10-05	c91b3c95	17.738	3.37544	3.3638	1.0035	0.8032	1.3580	1.4043
neuromancer	CL1	zaxpy	10000	2026-10-05	c91b3c95	17.738	3.76662	3.72089	1.0123	0.6977	1.4366	1.4203
neuromancer	CL1	zaxpy	30000	2026-10-05	c91b3c95	17.738	4.37805	4.37803	1.0000	0.1624	1.0119	1.0153
neuromancer	CL1	zaxpy	100000	2026-10-05	c91b3c95	17.738	4.98461	4.98548	0.9998	0.1236	1.0038	1.0045
neuromancer	CL1	zaxpy	300000	2026-10-05	c91b3c95	17.738	5.73634	5.80135	0.9888	0.1871	1.0459	1.0220
neuromancer	CL1	zaxpy	1000000	2026-10-05	c91b3c95	17.738	23.2914	21.8503	1.0660	0.6806	1.2186	1.1993
neuromancer	CL1	zdotc	1000	2026-10-05	c91b3c95	17.738	2.1096	2.1094	1.0001	1.0993	1.0036	1.0040
neuromancer	CL1	zdotc	3000	2026-10-05	c91b3c95	17.738	2.82024	2.82301	0.9990	1.0654	1.0142	1.0139
neuromancer	CL1	zdotc	10000	2026-10-05	c91b3c95	17.738	2.67819	2.68925	0.9959	0.6375	1.0235	1.0327
neuromancer	CL1	zdotc	30000	2026-10-05	c91b3c95	17.738	3.07992	3.07831	1.0005	0.2458	1.0234	1.0104
neuromancer	CL1	zdotc	100000	2026-10-05	c91b3c95	17.738	4.95986	4.95975	1.0000	0.1329	1.0050	1.0037
neuromancer	CL1	zdotc	300000	2026-10-05	c91b3c95	17.738	5.50054	5.51214	0.9979	0.1928	1.0623	1.0741
neuromancer	CL1	zdotc	1000000	2026-10-05	c91b3c95	17.738	19.2185	19.4708	0.9870	0.6346	1.2408	1.1928
neuromancer	CL1	zscal	1000	2026-10-05	c91b3c95	17.738	1.02057	1.02116	0.9994	1.9833	1.0035	1.0030
neuromancer	CL1	zscal	3000	2026-10-05	c91b3c95	17.738	1.06575	1.06445	1.0012	1.9004	1.0079	1.0025
neuromancer	CL1	zscal	10000	2026-10-05	c91b3c95	17.738	1.5411	1.54127	0.9999	1.3201	1.0113	1.0012
neuromancer	CL1	zscal	30000	2026-10-05	c91b3c95	17.738	1.52697	1.52696	1.0000	1.3283	1.0032	1.0038
neuromancer	CL1	zscal	100000	2026-10-05	c91b3c95	17.738	2.26301	2.26589	0.9987	1.0043	1.0048	1.0030
neuromancer	CL1	zscal	300000	2026-10-05	c91b3c95	17.738	3.08886	3.10878	0.9936	0.9598	1.0465	1.0200
neuromancer	CL1	zscal	1000000	2026-10-05	c91b3c95	17.738	14.1248	14.4504	0.9775	0.9128	1.1775	1.0959
neuromancer	CL1	zscalc	1000	2026-10-05	c91b3c95	17.738	2.04517	2.04096	1.0021	0.9924	1.0019	1.0062
neuromancer	CL1	zscalc	3000	2026-10-05	c91b3c95	17.738	2.0239	2.02395	1.0000	0.9991	1.0004	1.0005
neuromancer	CL1	zscalc	10000	2026-10-05	c91b3c95	17.738	2.02392	2.0241	0.9999	1.0052	1.0006	1.0003
neuromancer	CL1	zscalc	30000	2026-10-05	c91b3c95	17.738	2.02574	2.0284	0.9987	0.9992	1.0036	1.0023
neuromancer	CL1	zscalc	100000	2026-10-05	c91b3c95	17.738	2.30035	2.29788	1.0011	0.9897	1.0038	1.0030
neuromancer	CL1	zscalc	300000	2026-10-05	c91b3c95	17.738	3.04973	3.08306	0.9892	0.9656	1.0498	1.0581
neuromancer	CL1	zscalc	1000000	2026-10-05	c91b3c95	17.738	14.3481	14.5407	0.9868	0.9789	1.1417	1.0747
neuromancer	CL1	dznrm2	1000	2026-10-05	c91b3c95	17.738	1.0594	1.05863	1.0007	5.2488	1.0051	1.0050
neuromancer	CL1	dznrm2	3000	2026-10-05	c91b3c95	17.738	1.02663	1.0277	0.9990	4.1013	1.0017	1.0021
neuromancer	CL1	dznrm2	10000	2026-10-05	c91b3c95	17.738	1.43439	1.43367	1.0005	1.3198	1.0023	1.0032
neuromancer	CL1	dznrm2	30000	2026-10-05	c91b3c95	17.738	1.14438	1.143	1.0012	0.9877	1.0041	1.0060
neuromancer	CL1	dznrm2	100000	2026-10-05	c91b3c95	17.738	2.15631	2.15565	1.0003	0.4226	1.0065	1.0039
neuromancer	CL1	dznrm2	300000	2026-10-05	c91b3c95	17.738	3.01534	3.00223	1.0044	0.3506	1.0169	1.0292
neuromancer	CL1	dznrm2	1000000	2026-10-05	c91b3c95	17.738	12.0454	12.0468	0.9999	0.3618	1.1570	1.2404
neuromancer	CL1	dzasum	1000	2026-10-05	c91b3c95	17.738	1.05437	1.05433	1.0000	1.1076	1.0006	1.0010
neuromancer	CL1	dzasum	3000	2026-10-05	c91b3c95	17.738	1.03778	1.03745	1.0003	1.0363	1.0011	1.0008
neuromancer	CL1	dzasum	10000	2026-10-05	c91b3c95	17.738	1.4323	1.43178	1.0004	1.0552	1.0024	1.0022
neuromancer	CL1	dzasum	30000	2026-10-05	c91b3c95	17.738	1.14618	1.14558	1.0005	0.5734	1.0056	1.0086
neuromancer	CL1	dzasum	100000	2026-10-05	c91b3c95	17.738	2.15461	2.15619	0.9993	0.1713	1.0057	1.0054
neuromancer	CL1	dzasum	300000	2026-10-05	c91b3c95	17.738	3.0206	3.01701	1.0012	0.1450	1.0061	1.0047
neuromancer	CL1	dzasum	1000000	2026-10-05	c91b3c95	17.738	12.2409	11.9732	1.0224	0.2639	1.1586	1.1546
neuromancer	CL1	zdotu	1000	2026-10-05	c91b3c95	17.738	2.13829	2.14611	0.9964	1.0849	1.0059	1.0058
neuromancer	CL1	zdotu	3000	2026-10-05	c91b3c95	17.738	2.83396	2.83251	1.0005	1.0678	1.0114	1.0110
neuromancer	CL1	zdotu	10000	2026-10-05	c91b3c95	17.738	2.7345	2.73303	1.0005	0.6350	1.0045	1.0046
neuromancer	CL1	zdotu	30000	2026-10-05	c91b3c95	17.738	3.03593	3.06971	0.9890	0.2460	1.0431	1.0302
neuromancer	CL1	zdotu	100000	2026-10-05	c91b3c95	17.738	4.95571	4.96056	0.9990	0.1354	1.0029	1.0177
neuromancer	CL1	zdotu	300000	2026-10-05	c91b3c95	17.738	5.55725	5.518	1.0071	0.1928	1.0814	1.0466
neuromancer	CL1	zdotu	1000000	2026-10-05	c91b3c95	17.738	22.714	22.6066	1.0047	0.5648	1.0216	1.1189
neuromancer	CL1	izamax	1000	2026-10-05	c91b3c95	17.738	4.23409	4.22717	1.0016	1.4636	1.0071	1.0067
neuromancer	CL1	izamax	3000	2026-10-05	c91b3c95	17.738	3.64742	3.63894	1.0023	1.7012	1.0042	1.0046
neuromancer	CL1	izamax	10000	2026-10-05	c91b3c95	17.738	3.42905	3.42784	1.0004	1.7583	1.0023	1.0019
neuromancer	CL1	izamax	30000	2026-10-05	c91b3c95	17.738	3.37047	3.37155	0.9997	1.7402	1.0011	1.0017
neuromancer	CL1	izamax	100000	2026-10-05	c91b3c95	17.738	3.43129	3.43188	0.9998	1.7333	1.0015	1.0027
neuromancer	CL1	izamax	300000	2026-10-05	c91b3c95	17.738	3.96603	3.97415	0.9980	1.8655	1.0087	1.0119
neuromancer	CL1	izamax	1000000	2026-10-05	c91b3c95	17.738	16.3886	16.46	0.9957	1.8968	1.0829	1.0315
neuromancer	CL2	zgemvN	50	2026-10-05	c91b3c95	18.124	16.3327	16.3519	0.9988	0.9797	1.0033	1.0034
neuromancer	CL2	zgemvN	64	2026-10-05	c91b3c95	18.124	23.8085	23.8824	0.9969	1.0481	1.0171	1.0294
neuromancer	CL2	zgemvN	100	2026-10-05	c91b3c95	18.124	56.1464	56.1412	1.0001	0.5554	1.0022	1.0133
neuromancer	CL2	zgemvN	128	2026-10-05	c91b3c95	18.124	88.8331	88.8259	1.0001	0.5169	1.0039	1.0014
neuromancer	CL2	zgemvN	256	2026-10-05	c91b3c95	18.124	110.652	112.096	0.9871	0.3047	1.0312	1.0415
neuromancer	CL2	zgemvN	512	2026-10-05	c91b3c95	18.124	131.563	130.923	1.0049	0.2044	1.0950	1.1692
neuromancer	CL2	zgemvN	1000	2026-10-05	c91b3c95	18.124	156.068	156.008	1.0004	0.2837	1.0125	1.0228
neuromancer	CL2	zgemvN	1024	2026-10-05	c91b3c95	18.124	156.627	156.573	1.0003	0.3017	1.0534	1.0418
neuromancer	CL2	zgemvN	2048	2026-10-05	c91b3c95	18.124	198.457	199.04	0.9971	0.4925	1.0388	1.0266
neuromancer	CL2	zgemvN	2100	2026-10-05	c91b3c95	18.124	158.804	159.413	0.9962	0.6285	1.0258	1.0196
neuromancer	CL2	zgemvN	4096	2026-10-05	c91b3c95	18.124	254.682	254.804	0.9995	0.5375	1.0049	1.0066
neuromancer	CL2	zgemvT	50	2026-10-05	c91b3c95	18.124	16.7204	16.7673	0.9972	0.9427	1.0080	1.0108
neuromancer	CL2	zgemvT	64	2026-10-05	c91b3c95	18.124	25.2804	25.2788	1.0001	0.9162	1.0022	1.0032
neuromancer	CL2	zgemvT	100	2026-10-05	c91b3c95	18.124	56.0689	57.0161	0.9834	0.5117	1.0212	1.0197
neuromancer	CL2	zgemvT	128	2026-10-05	c91b3c95	18.124	90.5062	90.5118	0.9999	0.4116	1.0023	1.0018
neuromancer	CL2	zgemvT	256	2026-10-05	c91b3c95	18.124	112.244	113.073	0.9927	0.2443	1.0452	1.0484
neuromancer	CL2	zgemvT	512	2026-10-05	c91b3c95	18.124	149.782	143.532	1.0435	0.1543	1.1918	1.1048
neuromancer	CL2	zgemvT	1000	2026-10-05	c91b3c95	18.124	148.387	149.067	0.9954	0.2064	1.0171	1.0240
neuromancer	CL2	zgemvT	1024	2026-10-05	c91b3c95	18.124	152.926	151.862	1.0070	0.2152	1.0320	1.0167
neuromancer	CL2	zgemvT	2048	2026-10-05	c91b3c95	18.124	180.292	180.107	1.0010	0.5414	1.0128	1.0084
neuromancer	CL2	zgemvT	2100	2026-10-05	c91b3c95	18.124	162.37	162.352	1.0001	0.6060	1.0122	1.0068
neuromancer	CL2	zgemvT	4096	2026-10-05	c91b3c95	18.124	276.939	276.314	1.0023	0.5187	1.0243	1.0124
neuromancer	CL2	zgemvC	50	2026-10-05	c91b3c95	18.124	16.7533	16.7552	0.9999	1.0061	1.0091	1.0079
neuromancer	CL2	zgemvC	64	2026-10-05	c91b3c95	18.124	25.2568	25.2536	1.0001	0.9232	1.0023	1.0024
neuromancer	CL2	zgemvC	100	2026-10-05	c91b3c95	18.124	56.0494	56.0011	1.0009	0.5408	1.0198	1.0180
neuromancer	CL2	zgemvC	128	2026-10-05	c91b3c95	18.124	90.3746	90.5368	0.9982	0.4131	1.0026	1.0068
neuromancer	CL2	zgemvC	256	2026-10-05	c91b3c95	18.124	112.799	112.72	1.0007	0.2446	1.0270	1.0670
neuromancer	CL2	zgemvC	512	2026-10-05	c91b3c95	18.124	144.071	130.002	1.1082	0.1706	1.2104	1.1851
neuromancer	CL2	zgemvC	1000	2026-10-05	c91b3c95	18.124	148.869	148.02	1.0057	0.2105	1.0195	1.0121
neuromancer	CL2	zgemvC	1024	2026-10-05	c91b3c95	18.124	152.177	151.407	1.0051	0.2179	1.0234	1.0266
neuromancer	CL2	zgemvC	2048	2026-10-05	c91b3c95	18.124	182.071	181.989	1.0005	0.5334	1.0154	1.0096
neuromancer	CL2	zgemvC	2100	2026-10-05	c91b3c95	18.124	163.11	163.193	0.9995	0.6007	1.0087	1.0054
neuromancer	CL2	zgemvC	4096	2026-10-05	c91b3c95	18.124	277.135	277.206	0.9997	0.5131	1.0090	1.0130
neuromancer	CL2	zgeru	50	2026-10-05	c91b3c95	18.124	27.1264	27.0921	1.0013	1.0343	1.0138	1.0152
neuromancer	CL2	zgeru	64	2026-10-05	c91b3c95	18.124	41.9478	41.7467	1.0048	0.9774	1.0311	1.0373
neuromancer	CL2	zgeru	100	2026-10-05	c91b3c95	18.124	97.5313	77.5602	1.2575	0.4142	1.1654	1.2710
neuromancer	CL2	zgeru	128	2026-10-05	c91b3c95	18.124	118.953	119.388	0.9964	0.3211	1.0049	1.0072
neuromancer	CL2	zgeru	256	2026-10-05	c91b3c95	18.124	145.352	145.522	0.9988	0.2024	1.0475	1.0433
neuromancer	CL2	zgeru	512	2026-10-05	c91b3c95	18.124	142.218	142.116	1.0007	0.1734	1.0237	1.0105
neuromancer	CL2	zgeru	1000	2026-10-05	c91b3c95	18.124	191.059	191.071	0.9999	0.1624	1.0247	1.0376
neuromancer	CL2	zgeru	1024	2026-10-05	c91b3c95	18.124	189.199	189.185	1.0001	0.1719	1.0466	1.0256
neuromancer	CL2	zgeru	2048	2026-10-05	c91b3c95	18.124	301.227	301.09	1.0005	0.5449	1.0044	1.0061
neuromancer	CL2	zgeru	2100	2026-10-05	c91b3c95	18.124	304.198	304.101	1.0003	0.5402	1.0056	1.0034
neuromancer	CL2	zgeru	4096	2026-10-05	c91b3c95	18.124	379.661	379.841	0.9995	0.6486	1.0069	1.0074
neuromancer	CL2	zhemv	50	2026-10-05	c91b3c95	18.124	32.4264	32.4279	1.0000	1.2565	1.0087	1.0070
neuromancer	CL2	zhemv	64	2026-10-05	c91b3c95	18.124	45.7429	45.7238	1.0004	1.4245	1.0044	1.0058
neuromancer	CL2	zhemv	100	2026-10-05	c91b3c95	18.124	89.299	89.1711	1.0014	1.7421	1.0106	1.0072
neuromancer	CL2	zhemv	128	2026-10-05	c91b3c95	18.124	131.775	131.943	0.9987	1.9177	1.0038	1.0082
neuromancer	CL2	zhemv	256	2026-10-05	c91b3c95	18.124	132.014	131.51	1.0038	2.3316	1.0122	1.0159
neuromancer	CL2	zhemv	512	2026-10-05	c91b3c95	18.124	123.082	123.104	0.9998	0.4742	1.0091	1.0072
neuromancer	CL2	zhemv	1000	2026-10-05	c91b3c95	18.124	121.542	121.76	0.9982	0.4537	1.0429	1.0558
neuromancer	CL2	zhemv	1024	2026-10-05	c91b3c95	18.124	126.846	124.844	1.0160	0.4365	1.0359	1.0384
neuromancer	CL2	zhemv	2048	2026-10-05	c91b3c95	18.124	135.246	134.738	1.0038	0.4312	1.0371	1.0446
neuromancer	CL2	zhemv	2100	2026-10-05	c91b3c95	18.124	130.483	130.257	1.0017	0.4499	1.0102	1.0162
neuromancer	CL2	zhemv	4096	2026-10-05	c91b3c95	18.124	161.047	160.967	1.0005	0.4821	1.0053	1.0076
neuromancer	CL2	ztrmv	50	2026-10-05	c91b3c95	18.124	17.8168	17.7716	1.0025	1.3967	1.0397	1.0916
neuromancer	CL2	ztrmv	64	2026-10-05	c91b3c95	18.124	25.3651	25.2352	1.0051	1.4064	1.1042	1.0540
neuromancer	CL2	ztrmv	100	2026-10-05	c91b3c95	18.124	43.3622	47.3737	0.9153	1.2252	1.2438	1.2377
neuromancer	CL2	ztrmv	128	2026-10-05	c91b3c95	18.124	62.1684	62.5259	0.9943	0.7722	1.0279	1.0313
neuromancer	CL2	ztrmv	256	2026-10-05	c91b3c95	18.124	70.181	68.9088	1.0185	0.4009	1.1317	1.0626
neuromancer	CL2	ztrmv	512	2026-10-05	c91b3c95	18.124	85.5334	86.1063	0.9933	0.2098	1.0405	1.0961
neuromancer	CL2	ztrmv	1000	2026-10-05	c91b3c95	18.124	81.7462	81.7484	1.0000	0.1994	1.0238	1.0479
neuromancer	CL2	ztrmv	1024	2026-10-05	c91b3c95	18.124	82.5763	81.4797	1.0135	0.1932	1.0298	1.0384
neuromancer	CL2	ztrmv	2048	2026-10-05	c91b3c95	18.124	99.3872	99.2166	1.0017	0.3823	1.0146	1.0108
neuromancer	CL2	ztrmv	2100	2026-10-05	c91b3c95	18.124	98.5152	98.9259	0.9958	0.4022	1.0415	1.0278
neuromancer	CL2	ztrmv	4096	2026-10-05	c91b3c95	18.124	125.142	125.068	1.0006	0.5662	1.0333	1.0166
neuromancer	CL2	ztrsv	50	2026-10-05	c91b3c95	18.124	30.0531	30.0517	1.0000	1.1612	1.0064	1.0170
neuromancer	CL2	ztrsv	64	2026-10-05	c91b3c95	18.124	41.023	41.1066	0.9980	1.1833	1.0059	1.0209
neuromancer	CL2	ztrsv	100	2026-10-05	c91b3c95	18.124	73.3492	75.2447	0.9748	1.1296	1.1128	1.0642
neuromancer	CL2	ztrsv	128	2026-10-05	c91b3c95	18.124	101.151	101.211	0.9994	1.1986	1.0025	1.0039
neuromancer	CL2	ztrsv	256	2026-10-05	c91b3c95	18.124	90.6709	91.1983	0.9942	1.1324	1.0251	1.0265
neuromancer	CL2	ztrsv	512	2026-10-05	c91b3c95	18.124	89.6639	90.2128	0.9939	1.0437	1.0168	1.0190
neuromancer	CL2	ztrsv	1000	2026-10-05	c91b3c95	18.124	96.236	97.11	0.9910	0.8941	1.0239	1.0392
neuromancer	CL2	ztrsv	1024	2026-10-05	c91b3c95	18.124	97.7366	96.894	1.0087	0.9215	1.0468	1.0674
neuromancer	CL2	ztrsv	2048	2026-10-05	c91b3c95	18.124	102.627	102.671	0.9996	1.1633	1.0221	1.0160
neuromancer	CL2	ztrsv	2100	2026-10-05	c91b3c95	18.124	100.507	100.76	0.9975	1.1767	1.0279	1.0157
neuromancer	CL2	ztrsv	4096	2026-10-05	c91b3c95	18.124	129.438	129.462	0.9998	1.0723	1.0316	1.0491
neuromancer	CL2	zhpmv	50	2026-10-05	c91b3c95	18.124	35.8361	35.8677	0.9991	0.9197	1.0342	1.0258
neuromancer	CL2	zhpmv	64	2026-10-05	c91b3c95	18.124	50.9917	51.0614	0.9986	0.7149	1.0180	1.0227
neuromancer	CL2	zhpmv	100	2026-10-05	c91b3c95	18.124	98.9802	98.6433	1.0034	0.5190	1.0148	1.0213
neuromancer	CL2	zhpmv	128	2026-10-05	c91b3c95	18.124	145.759	145.728	1.0002	0.5169	1.0106	1.0343
neuromancer	CL2	zhpmv	256	2026-10-05	c91b3c95	18.124	144.207	143.885	1.0022	0.3567	1.0124	1.0112
neuromancer	CL2	zhpmv	512	2026-10-05	c91b3c95	18.124	125.949	125.898	1.0004	0.2611	1.0074	1.0211
neuromancer	CL2	zhpmv	1000	2026-10-05	c91b3c95	18.124	118.843	118.868	0.9998	0.2533	1.0146	1.0177
neuromancer	CL2	zhpmv	1024	2026-10-05	c91b3c95	18.124	118.876	118.839	1.0003	0.2691	1.0120	1.0120
neuromancer	CL2	zhpmv	2048	2026-10-05	c91b3c95	18.124	183.664	183.359	1.0017	0.2652	1.0172	1.0064
neuromancer	CL2	zhpmv	2100	2026-10-05	c91b3c95	18.124	182.762	183.747	0.9946	0.2701	1.0111	1.0100
neuromancer	CL2	zhpmv	4096	2026-10-05	c91b3c95	18.124	252.037	252.242	0.9992	0.2936	1.0102	1.0028
neuromancer	CL2	zgbmvN	50	2026-10-05	c91b3c95	18.124	22.8868	22.8717	1.0007	1.2588	1.0217	1.0065
neuromancer	CL2	zgbmvN	64	2026-10-05	c91b3c95	18.124	30.1198	30.158	0.9987	1.1918	1.1180	1.0427
neuromancer	CL2	zgbmvN	100	2026-10-05	c91b3c95	18.124	48.5766	48.1855	1.0081	1.1321	1.1393	1.1224
neuromancer	CL2	zgbmvN	128	2026-10-05	c91b3c95	18.124	62.4128	61.0656	1.0221	1.1303	1.1042	1.0904
neuromancer	CL2	zgbmvN	256	2026-10-05	c91b3c95	18.124	39.969	39.913	1.0014	1.0597	1.0092	1.0281
neuromancer	CL2	zgbmvN	512	2026-10-05	c91b3c95	18.124	20.1461	20.1692	0.9989	0.4228	1.0062	1.0056
neuromancer	CL2	zgbmvN	1000	2026-10-05	c91b3c95	18.124	10.3738	10.3903	0.9984	0.4050	1.0036	1.0060
neuromancer	CL2	zgbmvN	1024	2026-10-05	c91b3c95	18.124	10.1101	10.1288	0.9982	0.4058	1.0098	1.0059
neuromancer	CL2	zgbmvN	2048	2026-10-05	c91b3c95	18.124	5.17386	5.17478	0.9998	0.3976	1.0026	1.0050
neuromancer	CL2	zgbmvN	2100	2026-10-05	c91b3c95	18.124	5.03647	5.03354	1.0006	0.3971	1.0021	1.0027
neuromancer	CL2	zgbmvN	4096	2026-10-05	c91b3c95	18.124	3.30717	3.30405	1.0009	0.4066	1.0028	1.0026
neuromancer	CL2	zhbmv	50	2026-10-05	c91b3c95	18.124	31.4038	31.4572	0.9983	1.0969	1.0049	1.0042
neuromancer	CL2	zhbmv	64	2026-10-05	c91b3c95	18.124	41.6131	40.878	1.0180	1.0813	1.0250	1.0214
neuromancer	CL2	zhbmv	100	2026-10-05	c91b3c95	18.124	64.8405	64.9309	0.9986	1.0622	1.0100	1.0268
neuromancer	CL2	zhbmv	128	2026-10-05	c91b3c95	18.124	84.1391	84.2656	0.9985	1.0698	1.0162	1.0409
neuromancer	CL2	zhbmv	256	2026-10-05	c91b3c95	18.124	52.1345	52.0579	1.0015	1.0453	1.0403	1.0316
neuromancer	CL2	zhbmv	512	2026-10-05	c91b3c95	18.124	26.2023	26.2263	0.9991	1.0401	1.0031	1.0026
neuromancer	CL2	zhbmv	1000	2026-10-05	c91b3c95	18.124	13.4615	13.46	1.0001	1.0398	1.0017	1.0036
neuromancer	CL2	zhbmv	1024	2026-10-05	c91b3c95	18.124	13.123	13.1329	0.9992	1.0382	1.0025	1.0022
neuromancer	CL2	zhbmv	2048	2026-10-05	c91b3c95	18.124	6.56179	6.55379	1.0012	1.0381	1.0044	1.0061
neuromancer	CL2	zhbmv	2100	2026-10-05	c91b3c95	18.124	6.38203	6.38133	1.0001	1.0354	1.0018	1.0024
neuromancer	CL2	zhbmv	4096	2026-10-05	c91b3c95	18.124	4.16978	4.16919	1.0001	1.0345	1.0052	1.0051
neuromancer	CL3	zgemm	8	2026-10-05	c91b3c95	18.33	0.0993701	0.0988034	1.0057	2.4954	1.2944	1.3164
neuromancer	CL3	zgemm	32	2026-10-05	c91b3c95	18.33	5.86385	5.8704	0.9989	0.5983	1.0534	1.0346
neuromancer	CL3	zgemm	50	2026-10-05	c91b3c95	18.33	6.03937	5.99176	1.0079	0.3739	1.0567	1.0329
neuromancer	CL3	zgemm	100	2026-10-05	c91b3c95	18.33	4.71168	4.71637	0.9990	0.2549	1.0112	1.0107
neuromancer	CL3	zgemm	128	2026-10-05	c91b3c95	18.33	4.11489	4.11442	1.0001	0.2514	1.0015	1.0012
neuromancer	CL3	zgemm	256	2026-10-05	c91b3c95	18.33	3.38221	3.38159	1.0002	0.2575	1.0016	1.0012
neuromancer	CL3	zgemm	512	2026-10-05	c91b3c95	18.33	28.246	28.2447	1.0000	0.2298	1.0177	1.0031
neuromancer	CL3	zgemm	1000	2026-10-05	c91b3c95	18.33	201.765	201.633	1.0007	0.2256	1.0045	1.0040
neuromancer	CL3	zgemm	1024	2026-10-05	c91b3c95	18.33	218.503	218.48	1.0001	0.2272	1.0110	1.0088
neuromancer	CL3	zgemm	2048	2026-10-05	c91b3c95	18.33	1715.24	1715.98	0.9996	0.2238	1.0017	1.0008
neuromancer	CL3	zhemm	8	2026-10-05	c91b3c95	18.33	0.179516	0.177185	1.0132	1.4559	1.0582	1.0666
neuromancer	CL3	zhemm	32	2026-10-05	c91b3c95	18.33	7.53146	7.65946	0.9833	0.7935	1.1386	1.1006
neuromancer	CL3	zhemm	50	2026-10-05	c91b3c95	18.33	7.18501	7.17807	1.0010	0.4241	1.0273	1.0194
neuromancer	CL3	zhemm	100	2026-10-05	c91b3c95	18.33	4.94278	4.95577	0.9974	0.3219	1.0069	1.0079
neuromancer	CL3	zhemm	128	2026-10-05	c91b3c95	18.33	4.24836	4.24962	0.9997	0.3036	1.0029	1.0025
neuromancer	CL3	zhemm	256	2026-10-05	c91b3c95	18.33	3.46462	3.46439	1.0001	0.2556	1.0015	1.0009
neuromancer	CL3	zhemm	512	2026-10-05	c91b3c95	18.33	29.432	29.433	1.0000	0.2247	1.0032	1.0037
neuromancer	CL3	zhemm	1000	2026-10-05	c91b3c95	18.33	203.663	203.73	0.9997	0.2211	1.0013	1.0009
neuromancer	CL3	zhemm	1024	2026-10-05	c91b3c95	18.33	220.408	220.436	0.9999	0.2221	1.0016	1.0015
neuromancer	CL3	zhemm	2048	2026-10-05	c91b3c95	18.33	1733.97	1734.13	0.9999	0.2221	1.0009	1.0010
neuromancer	CL3	zsymm	8	2026-10-05	c91b3c95	18.33	0.157695	0.157968	0.9983	1.5796	1.0350	1.0255
neuromancer	CL3	zsymm	32	2026-10-05	c91b3c95	18.33	7.45546	7.52152	0.9912	0.7860	1.0220	1.0215
neuromancer	CL3	zsymm	50	2026-10-05	c91b3c95	18.33	6.9114	6.90454	1.0010	0.4312	1.0046	1.0048
neuromancer	CL3	zsymm	100	2026-10-05	c91b3c95	18.33	4.89267	4.89231	1.0001	0.3060	1.0033	1.0034
neuromancer	CL3	zsymm	128	2026-10-05	c91b3c95	18.33	4.23206	4.22961	1.0006	0.2899	1.0160	1.0185
neuromancer	CL3	zsymm	256	2026-10-05	c91b3c95	18.33	3.511	3.51066	1.0001	0.2467	1.0018	1.0016
neuromancer	CL3	zsymm	512	2026-10-05	c91b3c95	18.33	29.3614	29.3589	1.0001	0.2172	1.0030	1.0047
neuromancer	CL3	zsymm	1000	2026-10-05	c91b3c95	18.33	203.716	203.053	1.0033	0.2252	1.0263	1.0267
neuromancer	CL3	zsymm	1024	2026-10-05	c91b3c95	18.33	221.989	221.996	1.0000	0.2230	1.0271	1.0239
neuromancer	CL3	zsymm	2048	2026-10-05	c91b3c95	18.33	1738.35	1737.76	1.0003	0.2207	1.0033	1.0028
neuromancer	CL3	zsyrk	8	2026-10-05	c91b3c95	18.33	0.110956	0.111118	0.9985	2.2731	1.0110	1.0148
neuromancer	CL3	zsyrk	32	2026-10-05	c91b3c95	18.33	4.66024	4.63465	1.0055	0.4957	1.0490	1.0158
neuromancer	CL3	zsyrk	50	2026-10-05	c91b3c95	18.33	4.7139	4.66541	1.0104	0.2892	1.0336	1.0330
neuromancer	CL3	zsyrk	100	2026-10-05	c91b3c95	18.33	3.60401	3.60798	0.9989	0.2235	1.0060	1.0058
neuromancer	CL3	zsyrk	128	2026-10-05	c91b3c95	18.33	2.85699	2.85567	1.0005	0.3009	1.0187	1.0111
neuromancer	CL3	zsyrk	256	2026-10-05	c91b3c95	18.33	2.03679	2.04884	0.9941	0.2279	1.0159	1.0144
neuromancer	CL3	zsyrk	512	2026-10-05	c91b3c95	18.33	15.9413	15.9319	1.0006	0.2233	1.0042	1.0025
neuromancer	CL3	zsyrk	1000	2026-10-05	c91b3c95	18.33	114.61	114.725	0.9990	0.2082	1.0033	1.0031
neuromancer	CL3	zsyrk	1024	2026-10-05	c91b3c95	18.33	123.764	123.79	0.9998	0.2151	1.0047	1.0076
neuromancer	CL3	zsyrk	2048	2026-10-05	c91b3c95	18.33	941.135	942.58	0.9985	0.2086	1.0042	1.0005
neuromancer	CL3	zherk	8	2026-10-05	c91b3c95	18.33	0.11355	0.113508	1.0004	2.2153	1.0405	1.0077
neuromancer	CL3	zherk	32	2026-10-05	c91b3c95	18.33	4.65143	4.67267	0.9955	1.1479	1.0133	1.0231
neuromancer	CL3	zherk	50	2026-10-05	c91b3c95	18.33	4.72057	4.70854	1.0026	0.9091	1.0317	1.0286
neuromancer	CL3	zherk	100	2026-10-05	c91b3c95	18.33	3.60201	3.60942	0.9979	0.3134	1.0030	1.0040
neuromancer	CL3	zherk	128	2026-10-05	c91b3c95	18.33	2.85112	2.85608	0.9983	0.3218	1.0082	1.0039
neuromancer	CL3	zherk	256	2026-10-05	c91b3c95	18.33	2.05943	2.06155	0.9990	0.2348	1.0031	1.0045
neuromancer	CL3	zherk	512	2026-10-05	c91b3c95	18.33	15.9902	16.0074	0.9989	0.2434	1.0035	1.0021
neuromancer	CL3	zherk	1000	2026-10-05	c91b3c95	18.33	114.635	114.597	1.0003	0.2110	1.0022	1.0050
neuromancer	CL3	zherk	1024	2026-10-05	c91b3c95	18.33	123.598	123.811	0.9983	0.2200	1.0082	1.0035
neuromancer	CL3	zherk	2048	2026-10-05	c91b3c95	18.33	942.157	941.865	1.0003	0.2110	1.0014	1.0011
neuromancer	CL3	zher2k	8	2026-10-05	c91b3c95	18.33	0.208267	0.207967	1.0014	1.7210	1.0139	1.0142
neuromancer	CL3	zher2k	32	2026-10-05	c91b3c95	18.33	9.47907	9.52634	0.9950	0.4264	1.0225	1.0169
neuromancer	CL3	zher2k	50	2026-10-05	c91b3c95	18.33	9.578	9.58676	0.9991	0.3418	1.0103	1.0050
neuromancer	CL3	zher2k	100	2026-10-05	c91b3c95	18.33	7.21795	7.20904	1.0012	0.2760	1.0027	1.0036
neuromancer	CL3	zher2k	128	2026-10-05	c91b3c95	18.33	5.68856	5.70925	0.9964	0.2749	1.0045	1.0058
neuromancer	CL3	zher2k	256	2026-10-05	c91b3c95	18.33	4.09866	4.08638	1.0030	0.2371	1.0186	1.0200
neuromancer	CL3	zher2k	512	2026-10-05	c91b3c95	18.33	31.6921	31.7013	0.9997	0.2276	1.0035	1.0022
neuromancer	CL3	zher2k	1000	2026-10-05	c91b3c95	18.33	228.314	228.236	1.0003	0.2121	1.0047	1.0042
neuromancer	CL3	zher2k	1024	2026-10-05	c91b3c95	18.33	247.198	247.291	0.9996	0.2204	1.0015	1.0027
neuromancer	CL3	zher2k	2048	2026-10-05	c91b3c95	18.33	1880.81	1881.66	0.9995	0.2133	1.0021	1.0010
neuromancer	CL3	zsyr2k	8	2026-10-05	c91b3c95	18.33	0.205775	0.205627	1.0007	1.7337	1.0148	1.0452
neuromancer	CL3	zsyr2k	32	2026-10-05	c91b3c95	18.33	9.43293	9.41904	1.0015	0.4063	1.0463	1.0240
neuromancer	CL3	zsyr2k	50	2026-10-05	c91b3c95	18.33	9.55804	9.5568	1.0001	0.3423	1.0054	1.0072
neuromancer	CL3	zsyr2k	100	2026-10-05	c91b3c95	18.33	7.21698	7.21645	1.0001	0.2758	1.0037	1.0020
neuromancer	CL3	zsyr2k	128	2026-10-05	c91b3c95	18.33	5.69423	5.69452	0.9999	0.2751	1.0062	1.0058
neuromancer	CL3	zsyr2k	256	2026-10-05	c91b3c95	18.33	4.0977	4.09906	0.9997	0.2257	1.0024	1.0032
neuromancer	CL3	zsyr2k	512	2026-10-05	c91b3c95	18.33	31.6509	31.6481	1.0001	0.2160	1.0016	1.0024
neuromancer	CL3	zsyr2k	1000	2026-10-05	c91b3c95	18.33	228.339	228.577	0.9990	0.2082	1.0024	1.0026
neuromancer	CL3	zsyr2k	1024	2026-10-05	c91b3c95	18.33	246.689	246.891	0.9992	0.2195	1.0036	1.0014
neuromancer	CL3	zsyr2k	2048	2026-10-05	c91b3c95	18.33	1878.44	1878.78	0.9998	0.2107	1.0015	1.0010
neuromancer	CL3	ztrmm	8	2026-10-05	c91b3c95	18.33	0.142028	0.141978	1.0004	1.4574	1.0204	1.0374
neuromancer	CL3	ztrmm	32	2026-10-05	c91b3c95	18.33	5.68706	5.6421	1.0080	0.4498	1.0128	1.0203
neuromancer	CL3	ztrmm	50	2026-10-05	c91b3c95	18.33	4.98658	4.98852	0.9996	0.3324	1.0152	1.0299
neuromancer	CL3	ztrmm	100	2026-10-05	c91b3c95	18.33	3.63429	3.63532	0.9997	0.2358	1.0030	1.0025
neuromancer	CL3	ztrmm	128	2026-10-05	c91b3c95	18.33	3.22715	3.22673	1.0001	0.2311	1.0023	1.0029
neuromancer	CL3	ztrmm	256	2026-10-05	c91b3c95	18.33	2.26685	2.26636	1.0002	0.1977	1.0020	1.0018
neuromancer	CL3	ztrmm	512	2026-10-05	c91b3c95	18.33	16.2091	16.2147	0.9997	0.1994	1.0028	1.0036
neuromancer	CL3	ztrmm	1000	2026-10-05	c91b3c95	18.33	116.424	116.447	0.9998	0.2067	1.0016	1.0023
neuromancer	CL3	ztrmm	1024	2026-10-05	c91b3c95	18.33	122.855	122.864	0.9999	0.2165	1.0022	1.0021
neuromancer	CL3	ztrmm	2048	2026-10-05	c91b3c95	18.33	929.704	930.953	0.9987	0.2118	1.0032	1.0035
neuromancer	CL3	ztrsm	8	2026-10-05	c91b3c95	18.33	0.130837	0.130463	1.0029	2.1405	1.0365	1.0434
neuromancer	CL3	ztrsm	32	2026-10-05	c91b3c95	18.33	4.46311	4.47813	0.9966	0.6472	1.0393	1.0190
neuromancer	CL3	ztrsm	50	2026-10-05	c91b3c95	18.33	4.67014	4.66887	1.0003	0.3509	1.0055	1.0073
neuromancer	CL3	ztrsm	100	2026-10-05	c91b3c95	18.33	3.34107	3.34203	0.9997	0.2244	1.0009	1.0034
neuromancer	CL3	ztrsm	128	2026-10-05	c91b3c95	18.33	2.69552	2.69431	1.0004	0.2281	1.0031	1.0021
neuromancer	CL3	ztrsm	256	2026-10-05	c91b3c95	18.33	2.28769	2.28826	0.9998	0.1858	1.0231	1.0034
neuromancer	CL3	ztrsm	512	2026-10-05	c91b3c95	18.33	16.4749	16.3927	1.0050	0.1925	1.0127	1.0114
neuromancer	CL3	ztrsm	1000	2026-10-05	c91b3c95	18.33	115.924	115.914	1.0001	0.2048	1.0041	1.0027
neuromancer	CL3	ztrsm	1024	2026-10-05	c91b3c95	18.33	123.646	123.624	1.0002	0.2165	1.0068	1.0018
neuromancer	CL3	ztrsm	2048	2026-10-05	c91b3c95	18.33	931.501	931.766	0.9997	0.2179	1.0027	1.0027
neuromancer	CL3	ztrmmR	8	2026-10-05	c91b3c95	18.33	0.125002	0.125734	0.9942	1.4886	1.0600	1.0770
neuromancer	CL3	ztrmmR	32	2026-10-05	c91b3c95	18.33	4.61979	4.64955	0.9936	0.6290	1.0338	1.0189
neuromancer	CL3	ztrmmR	50	2026-10-05	c91b3c95	18.33	4.80211	4.79905	1.0006	0.3988	1.0059	1.0013
neuromancer	CL3	ztrmmR	100	2026-10-05	c91b3c95	18.33	3.44944	3.45187	0.9993	0.2787	1.0047	1.0045
neuromancer	CL3	ztrmmR	128	2026-10-05	c91b3c95	18.33	2.99248	2.99618	0.9988	0.2599	1.0041	1.0050
neuromancer	CL3	ztrmmR	256	2026-10-05	c91b3c95	18.33	2.15698	2.15643	1.0003	0.2167	1.0010	1.0013
neuromancer	CL3	ztrmmR	512	2026-10-05	c91b3c95	18.33	15.8625	15.8645	0.9999	0.2039	1.0022	1.0029
neuromancer	CL3	ztrmmR	1000	2026-10-05	c91b3c95	18.33	115.101	115.099	1.0000	0.2028	1.0020	1.0023
neuromancer	CL3	ztrmmR	1024	2026-10-05	c91b3c95	18.33	122.406	122.431	0.9998	0.2050	1.0015	1.0025
neuromancer	CL3	ztrmmR	2048	2026-10-05	c91b3c95	18.33	923.726	924.06	0.9996	0.2107	1.0035	1.0019
neuromancer	CL3	ztrsmR	8	2026-10-05	c91b3c95	18.33	0.109924	0.110354	0.9961	2.4018	1.1128	1.0285
neuromancer	CL3	ztrsmR	32	2026-10-05	c91b3c95	18.33	4.00077	4.05989	0.9854	0.7342	1.1380	1.0887
neuromancer	CL3	ztrsmR	50	2026-10-05	c91b3c95	18.33	4.19464	4.19585	0.9997	0.3776	1.0200	1.0271
neuromancer	CL3	ztrsmR	100	2026-10-05	c91b3c95	18.33	3.01568	3.01641	0.9998	0.2541	1.0036	1.0023
neuromancer	CL3	ztrsmR	128	2026-10-05	c91b3c95	18.33	2.578	2.57679	1.0005	0.2073	1.0035	1.0029
neuromancer	CL3	ztrsmR	256	2026-10-05	c91b3c95	18.33	1.97774	1.97833	0.9997	0.2152	1.0012	1.0038
neuromancer	CL3	ztrsmR	512	2026-10-05	c91b3c95	18.33	15.2405	15.2421	0.9999	0.2089	1.0019	1.0019
neuromancer	CL3	ztrsmR	1000	2026-10-05	c91b3c95	18.33	111.62	111.626	0.9999	0.2113	1.0026	1.0028
neuromancer	CL3	ztrsmR	1024	2026-10-05	c91b3c95	18.33	119.354	119.305	1.0004	0.2173	1.0014	1.0014
neuromancer	CL3	ztrsmR	2048	2026-10-05	c91b3c95	18.33	924.132	922.983	1.0012	0.2117	1.0020	1.0017
neuromancer	CLP	zpotrf	8	2026-10-05	c91b3c95	18.625	0.200949	0.200945	1.0000	1.1557	1.0113	1.0205
neuromancer	CLP	zpotrf	32	2026-10-05	c91b3c95	18.625	2.15547	2.18148	0.9881	1.1931	1.0195	1.0305
neuromancer	CLP	zpotrf	50	2026-10-05	c91b3c95	18.625	1.93975	1.94479	0.9974	1.5066	1.0368	1.0350
neuromancer	CLP	zpotrf	100	2026-10-05	c91b3c95	18.625	1.54711	1.54571	1.0009	1.1605	1.0065	1.0066
neuromancer	CLP	zpotrf	128	2026-10-05	c91b3c95	18.625	1.26801	1.26871	0.9994	1.0898	1.0082	1.0109
neuromancer	CLP	zpotrf	256	2026-10-05	c91b3c95	18.625	0.857244	0.858406	0.9986	0.6521	1.0022	1.0029
neuromancer	CLP	zpotrf	512	2026-10-05	c91b3c95	18.625	5.68821	5.68829	1.0000	0.4271	1.0024	1.0020
neuromancer	CLP	zpotrf	1000	2026-10-05	c91b3c95	18.625	39.2231	39.2195	1.0001	0.2745	1.0042	1.0028
neuromancer	CLP	zpotrf	1024	2026-10-05	c91b3c95	18.625	41.2609	41.2851	0.9994	0.2765	1.0037	1.0039
neuromancer	CLP	zpotrf	2048	2026-10-05	c91b3c95	18.625	326.113	326.327	0.9993	0.2240	1.0019	1.0026
neuromancer	CLP	zpotrfU	8	2026-10-05	c91b3c95	18.625	0.162473	0.162525	0.9997	1.3002	1.0118	1.0045
neuromancer	CLP	zpotrfU	32	2026-10-05	c91b3c95	18.625	2.82875	2.82976	0.9996	1.0555	1.0127	1.0101
neuromancer	CLP	zpotrfU	50	2026-10-05	c91b3c95	18.625	2.47579	2.46971	1.0025	1.3707	1.0196	1.0257
neuromancer	CLP	zpotrfU	100	2026-10-05	c91b3c95	18.625	1.81949	1.82101	0.9992	0.8467	1.0088	1.0088
neuromancer	CLP	zpotrfU	128	2026-10-05	c91b3c95	18.625	1.38804	1.38583	1.0016	0.8453	1.0040	1.0052
neuromancer	CLP	zpotrfU	256	2026-10-05	c91b3c95	18.625	0.892686	0.892801	0.9999	0.5236	1.0023	1.0015
neuromancer	CLP	zpotrfU	512	2026-10-05	c91b3c95	18.625	5.89621	5.89448	1.0003	0.3921	1.0009	1.0013
neuromancer	CLP	zpotrfU	1000	2026-10-05	c91b3c95	18.625	42.8285	42.8369	0.9998	0.2493	1.0020	1.0026
neuromancer	CLP	zpotrfU	1024	2026-10-05	c91b3c95	18.625	45.8429	45.8363	1.0001	0.2475	1.0113	1.0050
neuromancer	CLP	zpotrfU	2048	2026-10-05	c91b3c95	18.625	344.271	344.16	1.0003	0.2120	1.0030	1.0007
neuromancer	CLP	zgeqrf	8	2026-10-05	c91b3c95	18.625	0.85616	0.855824	1.0004	1.6010	1.0033	1.0057
neuromancer	CLP	zgeqrf	32	2026-10-05	c91b3c95	18.625	10.3641	10.3664	0.9998	1.1817	1.0134	1.0090
neuromancer	CLP	zgeqrf	50	2026-10-05	c91b3c95	18.625	8.52781	8.53242	0.9995	1.1981	1.0069	1.0040
neuromancer	CLP	zgeqrf	100	2026-10-05	c91b3c95	18.625	5.96455	5.96047	1.0007	1.1434	1.0014	1.0015
neuromancer	CLP	zgeqrf	128	2026-10-05	c91b3c95	18.625	5.17654	5.178	0.9997	1.1481	1.0012	1.0012
neuromancer	CLP	zgeqrf	256	2026-10-05	c91b3c95	18.625	3.91564	3.91503	1.0002	0.7577	1.0026	1.0021
neuromancer	CLP	zgeqrf	512	2026-10-05	c91b3c95	18.625	29.0655	29.0655	1.0000	0.4570	1.0009	1.0017
neuromancer	CLP	zgeqrf	1000	2026-10-05	c91b3c95	18.625	190.952	190.996	0.9998	0.2688	1.0013	1.0016
neuromancer	CLP	zgeqrf	1024	2026-10-05	c91b3c95	18.625	203.886	203.957	0.9997	0.3383	1.0011	1.0025
neuromancer	CLP	zgeqrf	2048	2026-10-05	c91b3c95	18.625	1527.37	1527.06	1.0002	0.2904	1.0016	1.0013
neuromancer	CLP	zgetrf	8	2026-10-05	c91b3c95	18.625	0.357287	0.3577	0.9988	1.1480	1.0129	1.0122
neuromancer	CLP	zgetrf	32	2026-10-05	c91b3c95	18.625	4.69465	4.68733	1.0016	0.9608	1.0109	1.0095
neuromancer	CLP	zgetrf	50	2026-10-05	c91b3c95	18.625	3.28988	3.29001	1.0000	1.6763	1.0063	1.0139
neuromancer	CLP	zgetrf	100	2026-10-05	c91b3c95	18.625	2.61072	2.61019	1.0002	0.8539	1.0016	1.0031
neuromancer	CLP	zgetrf	128	2026-10-05	c91b3c95	18.625	2.25176	2.25439	0.9988	0.6306	1.0035	1.0036
neuromancer	CLP	zgetrf	256	2026-10-05	c91b3c95	18.625	1.64608	1.64615	1.0000	0.5303	1.0009	1.0010
neuromancer	CLP	zgetrf	512	2026-10-05	c91b3c95	18.625	11.4636	11.46	1.0003	0.3286	1.0055	1.0033
neuromancer	CLP	zgetrf	1000	2026-10-05	c91b3c95	18.625	82.8977	82.856	1.0005	0.2554	1.0020	1.0024
neuromancer	CLP	zgetrf	1024	2026-10-05	c91b3c95	18.625	90.6889	90.7003	0.9999	0.2551	1.0035	1.0047
neuromancer	CLP	zgetrf	2048	2026-10-05	c91b3c95	18.625	650.326	650.14	1.0003	0.2579	1.0019	1.0015
neuromancer	CLP	zgesvd	8	2026-10-05	c91b3c95	18.625	3.6108	3.60851	1.0006	1.7648	1.0036	1.0054
neuromancer	CLP	zgesvd	32	2026-10-05	c91b3c95	18.625	48.4006	48.4085	0.9998	1.1299	1.0016	1.0021
neuromancer	CLP	zgesvd	50	2026-10-05	c91b3c95	18.625	36.9936	36.9779	1.0004	1.0246	1.0016	1.0032
neuromancer	CLP	zgesvd	100	2026-10-05	c91b3c95	18.625	19.8502	19.8472	1.0002	1.0266	1.0026	1.0008
neuromancer	CLP	zgesvd	128	2026-10-05	c91b3c95	18.625	16.1915	16.1916	1.0000	1.0459	1.0008	1.0009
neuromancer	CLP	zgesvd	256	2026-10-05	c91b3c95	18.625	10.7005	10.7046	0.9996	0.9478	1.0050	1.0031
neuromancer	CLP	zgesvd	512	2026-10-05	c91b3c95	18.625	70.8456	70.86	0.9998	0.6504	1.0015	1.0027
neuromancer	CLP	zgesvd	1000	2026-10-05	c91b3c95	18.625	495.562	495.556	1.0000	0.3359	1.0032	1.0033
neuromancer	CLP	zgesvd	1024	2026-10-05	c91b3c95	18.625	544.804	544.674	1.0002	0.4399	1.0040	1.0052
neuromancer	CLP	zgesvd	2048	2026-10-05	c91b3c95	18.625	4353.86	4343.49	1.0024	0.4775	1.0039	1.0031
neuromancer	CLP	zheev	8	2026-10-05	c91b3c95	18.625	4.63794	4.63834	0.9999	1.6580	1.0086	1.0039
neuromancer	CLP	zheev	32	2026-10-05	c91b3c95	18.625	69.3169	69.2632	1.0008	1.3108	1.0053	1.0050
neuromancer	CLP	zheev	50	2026-10-05	c91b3c95	18.625	57.52	57.5957	0.9987	1.2302	1.0055	1.0021
neuromancer	CLP	zheev	100	2026-10-05	c91b3c95	18.625	33.0514	33.0356	1.0005	1.1900	1.0021	1.0018
neuromancer	CLP	zheev	128	2026-10-05	c91b3c95	18.625	27.5619	27.5555	1.0002	1.0379	1.0017	1.0041
neuromancer	CLP	zheev	256	2026-10-05	c91b3c95	18.625	18.5762	18.2865	1.0158	0.7082	1.0050	1.0043
neuromancer	CLP	zheev	512	2026-10-05	c91b3c95	18.625	94.2865	91.0157	1.0359	0.5850	1.0053	1.0036
neuromancer	CLP	zheev	1000	2026-10-05	c91b3c95	18.625	566.779	539.632	1.0503	0.4739	1.0078	1.0129
neuromancer	CLP	zheev	1024	2026-10-05	c91b3c95	18.625	619.262	593.74	1.0430	0.4660	1.0042	1.0109
neuromancer	CLP	zheev	2048	2026-10-05	c91b3c95	18.625	4668.1	4436.66	1.0522	0.8160	1.0115	1.0056
neuromancer	CLP	zheevN	8	2026-10-05	c91b3c95	18.625	2.77225	2.77221	1.0000	1.4851	1.0024	1.0121
neuromancer	CLP	zheevN	32	2026-10-05	c91b3c95	18.625	38.0011	38.0042	0.9999	1.2421	1.0016	1.0023
neuromancer	CLP	zheevN	50	2026-10-05	c91b3c95	18.625	29.1998	29.2091	0.9997	1.1956	1.0013	1.0016
neuromancer	CLP	zheevN	100	2026-10-05	c91b3c95	18.625	15.0823	15.0722	1.0007	1.2529	1.0030	1.0020
neuromancer	CLP	zheevN	128	2026-10-05	c91b3c95	18.625	11.5236	11.5224	1.0001	1.2861	1.0040	1.0021
neuromancer	CLP	zheevN	256	2026-10-05	c91b3c95	18.625	6.59155	6.58963	1.0003	1.3051	1.0026	1.0033
neuromancer	CLP	zheevN	512	2026-10-05	c91b3c95	18.625	38.153	38.1632	0.9997	0.8638	1.0032	1.0058
neuromancer	CLP	zheevN	1000	2026-10-05	c91b3c95	18.625	229.01	229.006	1.0000	0.5330	1.0046	1.0061
neuromancer	CLP	zheevN	1024	2026-10-05	c91b3c95	18.625	243.234	243.358	0.9995	0.5307	1.0026	1.0032
neuromancer	CLP	zheevN	2048	2026-10-05	c91b3c95	18.625	1899.64	1901.25	0.9992	0.4076	1.0044	1.0026
galen	L1	axpy	1000	2026-10-09	f592badd	14.512	0.837348	0.83748	0.9998	1.0493	1.0059	1.0058
galen	L1	axpy	3000	2026-10-09	f592badd	14.512	1.08672	1.08661	1.0001	1.0311	1.0178	1.0176
galen	L1	axpy	10000	2026-10-09	f592badd	14.512	1.09862	0.695353	1.5799	1.5886	1.0004	1.3559
galen	L1	axpy	30000	2026-10-09	f592badd	14.512	1.11035	0.525042	2.1148	0.6496	1.0022	1.4205
galen	L1	axpy	100000	2026-10-09	f592badd	14.512	1.22083	0.482971	2.5278	0.6225	1.0019	1.7330
galen	L1	axpy	300000	2026-10-09	f592badd	14.512	1.44077	0.996642	1.4456	0.3529	1.0034	4.2951
galen	L1	axpy	1000000	2026-10-09	f592badd	14.512	4.91644	3.34534	1.4696	0.4035	1.0592	1.3942
galen	L1	dot	1000	2026-10-09	f592badd	14.512	0.566	0.565703	1.0005	1.0849	1.0012	1.0014
galen	L1	dot	3000	2026-10-09	f592badd	14.512	1.11084	1.11091	0.9999	1.0089	1.0017	1.0019
galen	L1	dot	10000	2026-10-09	f592badd	14.512	1.10059	1.10116	0.9995	1.0013	1.0006	1.0006
galen	L1	dot	30000	2026-10-09	f592badd	14.512	1.11274	0.448865	2.4790	0.7693	1.0033	1.6583
galen	L1	dot	100000	2026-10-09	f592badd	14.512	1.24397	0.543926	2.2870	0.4602	1.0187	1.9138
galen	L1	dot	300000	2026-10-09	f592badd	14.512	1.43747	0.766531	1.8753	0.4454	1.0161	3.6043
galen	L1	dot	1000000	2026-10-09	f592badd	14.512	5.00598	3.90813	1.2809	0.3854	1.0451	1.8843
galen	L1	nrm2	1000	2026-10-09	f592badd	14.512	0.554169	0.554484	0.9994	3.3014	1.0028	1.0026
galen	L1	nrm2	3000	2026-10-09	f592badd	14.512	0.550158	0.550437	0.9995	2.7638	1.0012	1.0017
galen	L1	nrm2	10000	2026-10-09	f592badd	14.512	0.556308	0.556493	0.9997	2.3788	1.0009	1.0017
galen	L1	nrm2	30000	2026-10-09	f592badd	14.512	0.551813	0.301555	1.8299	1.8981	1.0038	1.3414
galen	L1	nrm2	100000	2026-10-09	f592badd	14.512	0.693106	0.206582	3.3551	1.6726	1.0073	1.4666
galen	L1	nrm2	300000	2026-10-09	f592badd	14.512	0.789774	0.310804	2.5411	1.1196	1.0112	1.8725
galen	L1	nrm2	1000000	2026-10-09	f592badd	14.512	2.7837	2.61396	1.0649	0.4660	1.1028	1.7458
galen	L1	asum	1000	2026-10-09	f592badd	14.512	0.351353	0.351403	0.9999	2.4640	1.0015	1.0021
galen	L1	asum	3000	2026-10-09	f592badd	14.512	0.32231	0.322376	0.9998	2.5942	1.0010	1.0020
galen	L1	asum	10000	2026-10-09	f592badd	14.512	0.554434	0.554402	1.0001	1.5646	1.0007	1.0006
galen	L1	asum	30000	2026-10-09	f592badd	14.512	0.550543	0.300653	1.8312	2.8542	1.0008	1.4762
galen	L1	asum	100000	2026-10-09	f592badd	14.512	0.703324	0.204371	3.4414	4.5616	1.0248	1.5522
galen	L1	asum	300000	2026-10-09	f592badd	14.512	0.808018	0.321951	2.5098	3.2200	1.0202	2.5804
galen	L1	asum	1000000	2026-10-09	f592badd	14.512	2.85224	2.68312	1.0630	1.3220	1.0621	1.7736
galen	L1	scal	1000	2026-10-09	f592badd	14.512	0.548429	0.548382	1.0001	1.0533	1.0007	1.0007
galen	L1	scal	3000	2026-10-09	f592badd	14.512	0.548553	0.548576	1.0000	1.0242	1.0007	1.0007
galen	L1	scal	10000	2026-10-09	f592badd	14.512	0.655628	0.655425	1.0003	1.0085	1.0026	1.0032
galen	L1	scal	30000	2026-10-09	f592badd	14.512	0.657158	0.382255	1.7192	1.7288	1.0014	1.0584
galen	L1	scal	100000	2026-10-09	f592badd	14.512	0.84171	0.285141	2.9519	2.3225	1.0050	1.0303
galen	L1	scal	300000	2026-10-09	f592badd	14.512	0.955189	0.335215	2.8495	0.8482	1.0100	3.5465
galen	L1	scal	1000000	2026-10-09	f592badd	14.512	3.25031	2.65357	1.2249	0.3463	1.0369	1.5822
galen	L1	iamax	1000	2026-10-09	f592badd	14.512	0.542516	0.54344	0.9983	1.2693	1.0124	1.0168
galen	L1	iamax	3000	2026-10-09	f592badd	14.512	0.492651	0.493342	0.9986	1.2156	1.0155	1.0068
galen	L1	iamax	10000	2026-10-09	f592badd	14.512	0.626604	0.626962	0.9994	0.9786	1.0105	1.0088
galen	L1	iamax	30000	2026-10-09	f592badd	14.512	0.648138	0.339278	1.9103	1.7794	1.0064	1.2772
galen	L1	iamax	100000	2026-10-09	f592badd	14.512	0.904213	0.287098	3.1495	2.6924	1.0160	1.1951
galen	L1	iamax	300000	2026-10-09	f592badd	14.512	1.05465	0.32547	3.2404	2.6935	1.0186	2.6037
galen	L1	iamax	1000000	2026-10-09	f592badd	14.512	3.66064	2.42383	1.5103	1.2541	1.0139	1.9527
galen	L1	blascopy	1000	2026-10-09	f592badd	14.512	0.548304	0.548201	1.0002		1.0011	1.0010
galen	L1	blascopy	3000	2026-10-09	f592badd	14.512	0.991958	0.992053	0.9999		1.0009	1.0011
galen	L1	blascopy	10000	2026-10-09	f592badd	14.512	1.15672	0.594945	1.9442		1.0027	1.5275
galen	L1	blascopy	30000	2026-10-09	f592badd	14.512	1.16355	0.374403	3.1077		1.0033	1.4811
galen	L1	blascopy	100000	2026-10-09	f592badd	14.512	1.37476	0.486698	2.8247		1.0024	1.7794
galen	L1	blascopy	300000	2026-10-09	f592badd	14.512	1.61295	0.915292	1.7622		1.0044	3.8489
galen	L1	blascopy	1000000	2026-10-09	f592badd	14.512	5.57247	4.05974	1.3726		1.0377	1.5395
galen	L1	swap	1000	2026-10-09	f592badd	14.512	1.09367	1.0937	1.0000		1.0001	1.0001
galen	L1	swap	3000	2026-10-09	f592badd	14.512	1.32871	1.32761	1.0008		1.0065	1.0034
galen	L1	swap	10000	2026-10-09	f592badd	14.512	1.35025	0.762855	1.7700		1.0032	1.2200
galen	L1	swap	30000	2026-10-09	f592badd	14.512	1.37546	0.445897	3.0847		1.0013	1.4247
galen	L1	swap	100000	2026-10-09	f592badd	14.512	1.36531	0.525947	2.5959		1.0024	1.0316
galen	L1	swap	300000	2026-10-09	f592badd	14.512	1.60531	1.14229	1.4053		1.0136	3.9555
galen	L1	swap	1000000	2026-10-09	f592badd	14.512	5.39916	4.07992	1.3233		1.0208	1.2941
galen	L2	gemvN	50	2026-10-09	f592badd	16.411	3.78257	3.79719	0.9961	1.2976	1.0031	1.0023
galen	L2	gemvN	64	2026-10-09	f592badd	16.411	4.0738	4.09196	0.9956	1.5487	1.0036	1.0071
galen	L2	gemvN	100	2026-10-09	f592badd	16.411	15.6009	15.6068	0.9996	1.0177	1.0085	1.0068
galen	L2	gemvN	128	2026-10-09	f592badd	16.411	23.8249	35.3701	0.6736	0.7140	1.0080	1.1185
galen	L2	gemvN	256	2026-10-09	f592badd	16.411	35.4377	20.1371	1.7598	1.9298	1.0666	1.2839
galen	L2	gemvN	512	2026-10-09	f592badd	16.411	39.3095	21.7054	1.8110	1.8341	1.0219	1.8748
galen	L2	gemvN	1000	2026-10-09	f592badd	16.411	37.2836	12.9272	2.8841	1.1100	1.0043	1.5404
galen	L2	gemvN	1024	2026-10-09	f592badd	16.411	37.9349	17.9677	2.1113	0.8121	1.0542	1.6013
galen	L2	gemvN	2048	2026-10-09	f592badd	16.411	44.4279	17.545	2.5322	1.2811	1.0135	1.2726
galen	L2	gemvN	2100	2026-10-09	f592badd	16.411	45.6623	22.6437	2.0166	1.0479	1.0080	1.2788
galen	L2	gemvN	4096	2026-10-09	f592badd	16.411	102.428	100.772	1.0164	0.9988	1.0380	1.0562
galen	L2	gemvT	50	2026-10-09	f592badd	16.411	3.58522	3.59603	0.9970	1.4065	1.0046	1.0049
galen	L2	gemvT	64	2026-10-09	f592badd	16.411	4.7045	4.71503	0.9978	1.3604	1.0053	1.0023
galen	L2	gemvT	100	2026-10-09	f592badd	16.411	15.2424	15.2568	0.9991	1.0602	1.0045	1.0048
galen	L2	gemvT	128	2026-10-09	f592badd	16.411	24.0984	16.2717	1.4810	1.5465	1.0108	1.4850
galen	L2	gemvT	256	2026-10-09	f592badd	16.411	35.3744	16.1774	2.1866	2.3060	1.0717	1.5680
galen	L2	gemvT	512	2026-10-09	f592badd	16.411	38.261	15.0068	2.5496	2.6251	1.0594	2.1652
galen	L2	gemvT	1000	2026-10-09	f592badd	16.411	37.0999	15.4616	2.3995	0.5160	1.0035	1.7824
galen	L2	gemvT	1024	2026-10-09	f592badd	16.411	40.6422	19.9124	2.0411	0.3951	1.0264	2.0363
galen	L2	gemvT	2048	2026-10-09	f592badd	16.411	48.5106	16.5659	2.9283	0.8400	1.0063	1.2115
galen	L2	gemvT	2100	2026-10-09	f592badd	16.411	43.1646	19.4002	2.2250	0.8339	1.0045	1.3156
galen	L2	gemvT	4096	2026-10-09	f592badd	16.411	92.6262	86.7553	1.0677	1.0157	1.0509	1.0780
galen	L2	ger	50	2026-10-09	f592badd	16.411	7.06679	7.06423	1.0004	1.3331	1.0196	1.0101
galen	L2	ger	64	2026-10-09	f592badd	16.411	9.35272	9.3595	0.9993	1.2714	1.0081	1.0113
galen	L2	ger	100	2026-10-09	f592badd	16.411	25.0912	18.3751	1.3655	0.7051	1.0073	1.1208
galen	L2	ger	128	2026-10-09	f592badd	16.411	40.4442	31.6113	1.2794	0.4965	1.0111	1.4388
galen	L2	ger	256	2026-10-09	f592badd	16.411	51.6138	21.9022	2.3566	0.5096	1.0332	1.6309
galen	L2	ger	512	2026-10-09	f592badd	16.411	52.701	18.2192	2.8926	0.5138	1.0350	1.0573
galen	L2	ger	1000	2026-10-09	f592badd	16.411	52.1926	17.1321	3.0465	0.5663	1.0038	1.6965
galen	L2	ger	1024	2026-10-09	f592badd	16.411	52.575	17.3741	3.0261	0.5452	1.0266	2.0199
galen	L2	ger	2048	2026-10-09	f592badd	16.411	63.6223	28.7105	2.2160	0.9766	1.0061	1.0930
galen	L2	ger	2100	2026-10-09	f592badd	16.411	65.205	32.7074	1.9936	0.9796	1.0189	1.1091
galen	L2	ger	4096	2026-10-09	f592badd	16.411	170.911	176.589	0.9678	0.9443	1.0156	1.0150
galen	L2	symv	50	2026-10-09	f592badd	16.411	4.51699	4.51189	1.0011	1.7900	1.0068	1.0074
galen	L2	symv	64	2026-10-09	f592badd	16.411	6.09962	6.08243	1.0028	1.6022	1.0090	1.0098
galen	L2	symv	100	2026-10-09	f592badd	16.411	12.8354	12.8548	0.9985	1.4592	1.0126	1.0060
galen	L2	symv	128	2026-10-09	f592badd	16.411	19.4428	19.3824	1.0031	1.3822	1.0203	1.0226
galen	L2	symv	256	2026-10-09	f592badd	16.411	25.6649	17.8183	1.4404	0.5879	1.0766	1.2754
galen	L2	symv	512	2026-10-09	f592badd	16.411	28.2295	13.9137	2.0289	0.4874	1.0176	1.5394
galen	L2	symv	1000	2026-10-09	f592badd	16.411	26.9065	12.9086	2.0844	0.5175	1.0037	1.3175
galen	L2	symv	1024	2026-10-09	f592badd	16.411	26.8989	17.0711	1.5757	0.4013	1.0113	1.3119
galen	L2	symv	2048	2026-10-09	f592badd	16.411	26.2774	12.2387	2.1471	0.5199	1.0106	1.4534
galen	L2	symv	2100	2026-10-09	f592badd	16.411	26.6265	12.7699	2.0851	0.4938	1.0133	1.3679
galen	L2	symv	4096	2026-10-09	f592badd	16.411	51.1959	51.4545	0.9950	0.7612	1.0192	1.0330
galen	L2	trmv	50	2026-10-09	f592badd	16.411	6.12325	6.11977	1.0006	1.2246	1.0059	1.0067
galen	L2	trmv	64	2026-10-09	f592badd	16.411	6.86052	6.86245	0.9997	1.4706	1.0029	1.0028
galen	L2	trmv	100	2026-10-09	f592badd	16.411	14.6078	14.593	1.0010	1.0443	1.0140	1.0089
galen	L2	trmv	128	2026-10-09	f592badd	16.411	21.0432	21.0834	0.9981	0.9480	1.0153	1.0100
galen	L2	trmv	256	2026-10-09	f592badd	16.411	22.9875	23.0452	0.9975	0.4433	1.0559	1.0387
galen	L2	trmv	512	2026-10-09	f592badd	16.411	25.206	25.1972	1.0003	0.2458	1.0427	1.0159
galen	L2	trmv	1000	2026-10-09	f592badd	16.411	21.4632	21.5048	0.9981	0.2964	1.0055	1.0057
galen	L2	trmv	1024	2026-10-09	f592badd	16.411	22.7426	22.7142	1.0013	0.2632	1.0083	1.0098
galen	L2	trmv	2048	2026-10-09	f592badd	16.411	21.7094	21.6682	1.0019	0.2866	1.0088	1.0061
galen	L2	trmv	2100	2026-10-09	f592badd	16.411	20.6358	20.5955	1.0020	0.2848	1.0081	1.0153
galen	L2	trmv	4096	2026-10-09	f592badd	16.411	43.2833	43.2805	1.0001	0.8905	1.0694	1.0718
galen	L2	trsv	50	2026-10-09	f592badd	16.411	6.64685	6.64707	1.0000	1.8985	1.0043	1.0039
galen	L2	trsv	64	2026-10-09	f592badd	16.411	9.06086	9.06791	0.9992	1.7193	1.0056	1.0066
galen	L2	trsv	100	2026-10-09	f592badd	16.411	22.4417	22.435	1.0003	1.1314	1.0016	1.0190
galen	L2	trsv	128	2026-10-09	f592badd	16.411	30.3778	30.3693	1.0003	1.1200	1.0094	1.0072
galen	L2	trsv	256	2026-10-09	f592badd	16.411	27.1165	27.1116	1.0002	1.0668	1.0401	1.0336
galen	L2	trsv	512	2026-10-09	f592badd	16.411	25.8015	25.7085	1.0036	1.0790	1.0139	1.0097
galen	L2	trsv	1000	2026-10-09	f592badd	16.411	21.7488	21.7414	1.0003	1.1144	1.0080	1.0086
galen	L2	trsv	1024	2026-10-09	f592badd	16.411	23.0728	23.1333	0.9974	1.0558	1.0301	1.0157
galen	L2	trsv	2048	2026-10-09	f592badd	16.411	21.7618	21.9094	0.9933	1.0819	1.0451	1.0137
galen	L2	trsv	2100	2026-10-09	f592badd	16.411	20.3824	20.597	0.9896	1.1285	1.0489	1.0574
galen	L2	trsv	4096	2026-10-09	f592badd	16.411	44.7506	44.6705	1.0018	1.0274	1.0348	1.0770
galen	L2	trsvLN	50	2026-10-09	f592badd	16.411	8.41853	8.42961	0.9987	1.3064	1.0078	1.0105
galen	L2	trsvLN	64	2026-10-09	f592badd	16.411	11.5015	11.4714	1.0026	1.1946	1.0119	1.0047
galen	L2	trsvLN	100	2026-10-09	f592badd	16.411	20.5091	20.5247	0.9992	1.0893	1.0141	1.0100
galen	L2	trsvLN	128	2026-10-09	f592badd	16.411	28.6087	28.5137	1.0033	1.0700	1.0540	1.0378
galen	L2	trsvLN	256	2026-10-09	f592badd	16.411	25.305	25.3151	0.9996	1.0518	1.0542	1.0207
galen	L2	trsvLN	512	2026-10-09	f592badd	16.411	26.1746	26.2172	0.9984	1.0228	1.0096	1.0130
galen	L2	trsvLN	1000	2026-10-09	f592badd	16.411	21.8391	21.8215	1.0008	1.0950	1.0062	1.0068
galen	L2	trsvLN	1024	2026-10-09	f592badd	16.411	22.8711	22.9255	0.9976	1.0450	1.0226	1.0146
galen	L2	trsvLN	2048	2026-10-09	f592badd	16.411	22.0543	22.0825	0.9987	1.0628	1.0400	1.0532
galen	L2	trsvLN	2100	2026-10-09	f592badd	16.411	20.7771	20.9522	0.9916	1.1181	1.0369	1.0492
galen	L2	trsvLN	4096	2026-10-09	f592badd	16.411	45.5344	45.8522	0.9931	1.0332	1.0220	1.0210
galen	L2	trsvLT	50	2026-10-09	f592badd	16.411	12.5428	12.5405	1.0002	1.4299	1.0009	1.0009
galen	L2	trsvLT	64	2026-10-09	f592badd	16.411	16.2612	16.2606	1.0000	1.3987	1.0008	1.0005
galen	L2	trsvLT	100	2026-10-09	f592badd	16.411	27.0632	27.0576	1.0002	1.3519	1.0009	1.0011
galen	L2	trsvLT	128	2026-10-09	f592badd	16.411	36.1259	36.1163	1.0003	1.3332	1.0036	1.0074
galen	L2	trsvLT	256	2026-10-09	f592badd	16.411	29.4843	29.3114	1.0059	1.2638	1.0226	1.0319
galen	L2	trsvLT	512	2026-10-09	f592badd	16.411	26.9498	26.8954	1.0020	1.1582	1.0136	1.0014
galen	L2	trsvLT	1000	2026-10-09	f592badd	16.411	22.4304	22.3812	1.0022	1.0856	1.0119	1.0070
galen	L2	trsvLT	1024	2026-10-09	f592badd	16.411	23.2632	23.4603	0.9916	1.0896	1.0228	1.0248
galen	L2	trsvLT	2048	2026-10-09	f592badd	16.411	22.1525	22.4459	0.9869	1.0404	1.0530	1.0507
galen	L2	trsvLT	2100	2026-10-09	f592badd	16.411	20.6649	20.9376	0.9870	1.0360	1.0239	1.0428
galen	L2	trsvLT	4096	2026-10-09	f592badd	16.411	44.971	45.1304	0.9965	1.0278	1.0231	1.0455
galen	L2	spmv	50	2026-10-09	f592badd	16.411	6.8811	6.88279	0.9998	2.2456	1.0024	1.0035
galen	L2	spmv	64	2026-10-09	f592badd	16.411	10.0543	10.0611	0.9993	2.3038	1.0073	1.0048
galen	L2	spmv	100	2026-10-09	f592badd	16.411	12.9983	12.9939	1.0003	3.2887	1.0123	1.0051
galen	L2	spmv	128	2026-10-09	f592badd	16.411	20.0638	20.12	0.9972	3.1043	1.0212	1.0203
galen	L2	spmv	256	2026-10-09	f592badd	16.411	22.3656	22.3342	1.0014	2.5634	1.0480	1.0424
galen	L2	spmv	512	2026-10-09	f592badd	16.411	25.9857	25.9807	1.0002	1.9513	1.0073	1.0107
galen	L2	spmv	1000	2026-10-09	f592badd	16.411	24.7771	24.7655	1.0005	1.9921	1.0051	1.0064
galen	L2	spmv	1024	2026-10-09	f592badd	16.411	24.8181	24.813	1.0002	1.9893	1.0067	1.0042
galen	L2	spmv	2048	2026-10-09	f592badd	16.411	25.1866	25.1982	0.9995	2.0813	1.0072	1.0040
galen	L2	spmv	2100	2026-10-09	f592badd	16.411	25.0133	25.0346	0.9991	2.0741	1.0119	1.0116
galen	L2	spmv	4096	2026-10-09	f592badd	16.411	48.8054	48.7517	1.0011	1.9944	1.0134	1.0216
galen	L2	gbmvN	50	2026-10-09	f592badd	16.411	8.22112	8.23961	0.9978	1.0858	1.0026	1.0048
galen	L2	gbmvN	64	2026-10-09	f592badd	16.411	10.5865	10.5663	1.0019	1.0701	1.0077	1.0078
galen	L2	gbmvN	100	2026-10-09	f592badd	16.411	16.8928	16.9458	0.9969	1.0400	1.0240	1.0321
galen	L2	gbmvN	128	2026-10-09	f592badd	16.411	22.3722	22.374	0.9999	1.0156	1.0799	1.0227
galen	L2	gbmvN	256	2026-10-09	f592badd	16.411	15.0751	14.6051	1.0322	0.9818	1.0279	1.0506
galen	L2	gbmvN	512	2026-10-09	f592badd	16.411	7.51412	7.50512	1.0012	0.4114	1.0034	1.0055
galen	L2	gbmvN	1000	2026-10-09	f592badd	16.411	3.89087	3.89969	0.9977	0.3797	1.0053	1.0035
galen	L2	gbmvN	1024	2026-10-09	f592badd	16.411	3.79625	3.79738	0.9997	0.3715	1.0036	1.0029
galen	L2	gbmvN	2048	2026-10-09	f592badd	16.411	1.94685	1.94613	1.0004	0.3683	1.0027	1.0030
galen	L2	gbmvN	2100	2026-10-09	f592badd	16.411	1.89068	1.89144	0.9996	0.3644	1.0048	1.0017
galen	L2	gbmvN	4096	2026-10-09	f592badd	16.411	1.22368	1.22355	1.0001	0.3719	1.0020	1.0016
galen	L2	sbmv	50	2026-10-09	f592badd	16.411	6.84622	6.85078	0.9993	1.4420	1.0044	1.0077
galen	L2	sbmv	64	2026-10-09	f592badd	16.411	8.98998	8.98619	1.0004	1.4327	1.0071	1.0044
galen	L2	sbmv	100	2026-10-09	f592badd	16.411	14.5332	14.5372	0.9997	1.4213	1.0146	1.0046
galen	L2	sbmv	128	2026-10-09	f592badd	16.411	18.843	18.8532	0.9995	1.4167	1.0063	1.0059
galen	L2	sbmv	256	2026-10-09	f592badd	16.411	12.0654	11.8252	1.0203	1.4263	1.0425	1.0409
galen	L2	sbmv	512	2026-10-09	f592badd	16.411	6.09158	6.09642	0.9992	1.3898	1.0033	1.0033
galen	L2	sbmv	1000	2026-10-09	f592badd	16.411	3.14004	3.14104	0.9997	1.3843	1.0018	1.0025
galen	L2	sbmv	1024	2026-10-09	f592badd	16.411	3.06569	3.06439	1.0004	1.3844	1.0032	1.0019
galen	L2	sbmv	2048	2026-10-09	f592badd	16.411	1.53782	1.53763	1.0001	1.3847	1.0011	1.0002
galen	L2	sbmv	2100	2026-10-09	f592badd	16.411	1.49464	1.49462	1.0000	1.3856	1.0009	1.0010
galen	L2	sbmv	4096	2026-10-09	f592badd	16.411	0.981033	0.980992	1.0000	1.3837	1.0009	1.0009
galen	L3	gemm	8	2026-10-09	f592badd	14.721	0.0402191	0.0407417	0.9872	1.4689	1.0155	1.0210
galen	L3	gemm	32	2026-10-09	f592badd	14.721	1.07422	1.0814	0.9934	0.9860	1.0252	1.0249
galen	L3	gemm	50	2026-10-09	f592badd	14.721	0.998569	0.995038	1.0035	1.0915	1.0252	1.0270
galen	L3	gemm	100	2026-10-09	f592badd	14.721	0.820279	0.536514	1.5289	0.4478	1.0050	1.7317
galen	L3	gemm	128	2026-10-09	f592badd	14.721	0.740983	0.332678	2.2273	0.6248	1.0400	1.6010
galen	L3	gemm	256	2026-10-09	f592badd	14.721	0.652848	0.335695	1.9448	0.4602	1.0064	1.4676
galen	L3	gemm	512	2026-10-09	f592badd	14.721	4.82806	2.02118	2.3887	0.4794	1.0018	3.1314
galen	L3	gemm	1000	2026-10-09	f592badd	14.721	33.7864	15.571	2.1698	0.4163	1.0012	1.3412
galen	L3	gemm	1024	2026-10-09	f592badd	14.721	36.4869	17.2265	2.1181	0.4110	1.0011	1.2901
galen	L3	gemm	2048	2026-10-09	f592badd	14.721	289.432	104.934	2.7582	0.5207	1.0004	1.7222
galen	L3	gemm	2100	2026-10-09	f592badd	14.721	315.852	112.619	2.8046	0.5201	1.0014	1.7012
galen	L3	gemm	4096	2026-10-09	f592badd	14.721	2070.32	783.24	2.6433	0.5428	1.0004	1.0017
galen	L3	symm	8	2026-10-09	f592badd	14.721	0.0835879	0.0839318	0.9959	1.0873	1.0205	1.0151
galen	L3	symm	32	2026-10-09	f592badd	14.721	1.29888	1.31061	0.9910	1.2102	1.0926	1.1030
galen	L3	symm	50	2026-10-09	f592badd	14.721	1.18997	1.18101	1.0076	1.2838	1.1181	1.1167
galen	L3	symm	100	2026-10-09	f592badd	14.721	0.896915	0.854711	1.0494	0.6019	1.0993	1.1218
galen	L3	symm	128	2026-10-09	f592badd	14.721	0.821243	0.453208	1.8121	0.7251	1.0711	1.4661
galen	L3	symm	256	2026-10-09	f592badd	14.721	0.69275	0.376489	1.8400	0.4300	1.0038	1.4086
galen	L3	symm	512	2026-10-09	f592badd	14.721	5.13534	4.47259	1.1482	0.2168	1.0016	1.6986
galen	L3	symm	1000	2026-10-09	f592badd	14.721	34.7028	18.1299	1.9141	0.3586	1.0004	1.1879
galen	L3	symm	1024	2026-10-09	f592badd	14.721	38.1283	19.8468	1.9211	0.3528	1.0014	1.1529
galen	L3	symm	2048	2026-10-09	f592badd	14.721	295.336	111.701	2.6440	0.4901	1.0022	1.6394
galen	L3	symm	2100	2026-10-09	f592badd	14.721	320.141	117.696	2.7201	0.4999	1.0012	1.0724
galen	L3	symm	4096	2026-10-09	f592badd	14.721	2096.06	811.142	2.5841	0.5260	1.0018	1.0013
galen	L3	syrk	8	2026-10-09	f592badd	14.721	0.0672285	0.0670338	1.0029	1.7067	1.0177	1.0118
galen	L3	syrk	32	2026-10-09	f592badd	14.721	0.990159	0.989938	1.0002	1.2539	1.0042	1.0138
galen	L3	syrk	50	2026-10-09	f592badd	14.721	0.864828	0.866645	0.9979	0.6807	1.0126	1.0110
galen	L3	syrk	100	2026-10-09	f592badd	14.721	0.546101	0.546912	0.9985	0.3641	1.0548	1.0610
galen	L3	syrk	128	2026-10-09	f592badd	14.721	0.501161	0.312342	1.6045	0.4621	1.0639	1.7173
galen	L3	syrk	256	2026-10-09	f592badd	14.721	0.397516	0.163065	2.4378	0.7534	1.0062	1.5273
galen	L3	syrk	512	2026-10-09	f592badd	14.721	2.98919	1.01994	2.9308	0.5883	1.0931	1.6144
galen	L3	syrk	1000	2026-10-09	f592badd	14.721	20.4062	7.33802	2.7809	0.4700	1.0009	1.4168
galen	L3	syrk	1024	2026-10-09	f592badd	14.721	22.3784	8.00646	2.7950	0.4816	1.0020	1.5026
galen	L3	syrk	2048	2026-10-09	f592badd	14.721	174.298	41.2678	4.2236	0.6983	1.0023	1.3553
galen	L3	syrk	2100	2026-10-09	f592badd	14.721	187.588	49.3879	3.7983	0.6112	1.0027	1.4561
galen	L3	syrk	4096	2026-10-09	f592badd	14.721	1348.49	250.286	5.3878	0.8729	1.0040	1.8451
galen	L3	syr2k	8	2026-10-09	f592badd	14.721	0.0856322	0.0855631	1.0008	1.7123	1.0135	1.0104
galen	L3	syr2k	32	2026-10-09	f592badd	14.721	1.39582	1.39798	0.9985	0.9266	1.0201	1.0203
galen	L3	syr2k	50	2026-10-09	f592badd	14.721	1.24774	1.24619	1.0012	0.6476	1.0399	1.0295
galen	L3	syr2k	100	2026-10-09	f592badd	14.721	1.0369	0.67863	1.5279	0.6841	1.0022	1.7162
galen	L3	syr2k	128	2026-10-09	f592badd	14.721	0.940443	0.573714	1.6392	0.5834	1.0209	1.4770
galen	L3	syr2k	256	2026-10-09	f592badd	14.721	0.758119	0.316008	2.3990	0.5864	1.0418	1.6386
galen	L3	syr2k	512	2026-10-09	f592badd	14.721	5.68736	2.06596	2.7529	0.5569	1.0027	2.8703
galen	L3	syr2k	1000	2026-10-09	f592badd	14.721	40.1322	13.3152	3.0140	0.5218	1.0011	1.4383
galen	L3	syr2k	1024	2026-10-09	f592badd	14.721	43.8937	14.4597	3.0356	0.5339	1.0036	1.4540
galen	L3	syr2k	2048	2026-10-09	f592badd	14.721	341.982	73.8223	4.6325	0.7825	1.0300	1.6823
galen	L3	syr2k	2100	2026-10-09	f592badd	14.721	365.789	117.236	3.1201	0.5206	1.0195	1.6429
galen	L3	syr2k	4096	2026-10-09	f592badd	14.721	2680.29	504.614	5.3116	0.8744	1.0090	1.7768
galen	L3	trmm	8	2026-10-09	f592badd	14.721	0.0534785	0.0527414	1.0140	1.3611	1.0173	1.0078
galen	L3	trmm	32	2026-10-09	f592badd	14.721	0.767397	0.91037	0.8430	1.1818	1.1899	1.0138
galen	L3	trmm	50	2026-10-09	f592badd	14.721	0.93089	0.924867	1.0065	0.5899	1.1533	1.1607
galen	L3	trmm	100	2026-10-09	f592badd	14.721	0.529847	0.530355	0.9990	0.4998	1.0119	1.0057
galen	L3	trmm	128	2026-10-09	f592badd	14.721	0.500224	0.499393	1.0017	0.4877	1.0053	1.0234
galen	L3	trmm	256	2026-10-09	f592badd	14.721	0.354438	0.354597	0.9996	0.3602	1.0014	1.0010
galen	L3	trmm	512	2026-10-09	f592badd	14.721	2.73806	2.17587	1.2584	0.2565	1.0012	1.0752
galen	L3	trmm	1000	2026-10-09	f592badd	14.721	19.0895	16.8969	1.1298	0.2062	1.0008	1.1049
galen	L3	trmm	1024	2026-10-09	f592badd	14.721	20.6782	20.5424	1.0066	0.1873	1.0008	1.2650
galen	L3	trmm	2048	2026-10-09	f592badd	14.721	160.866	92.5203	1.7387	0.3065	1.0014	1.0560
galen	L3	trmm	2100	2026-10-09	f592badd	14.721	172.815	80.9778	2.1341	0.3716	1.0011	1.0057
galen	L3	trmm	4096	2026-10-09	f592badd	14.721	1238.24	549.641	2.2528	0.3991	1.0007	1.0177
galen	L3	trmmR	8	2026-10-09	f592badd	14.721	0.059235	0.0592524	0.9997	1.3503	1.0146	1.0239
galen	L3	trmmR	32	2026-10-09	f592badd	14.721	0.786417	0.77117	1.0198	1.7141	1.2008	1.0808
galen	L3	trmmR	50	2026-10-09	f592badd	14.721	0.941318	1.02437	0.9189	0.6582	1.2274	1.2298
galen	L3	trmmR	100	2026-10-09	f592badd	14.721	0.479442	0.479942	0.9990	0.6171	1.0056	1.0056
galen	L3	trmmR	128	2026-10-09	f592badd	14.721	0.507469	0.507278	1.0004	0.4274	1.0035	1.0030
galen	L3	trmmR	256	2026-10-09	f592badd	14.721	0.385247	0.385583	0.9991	0.2759	1.0018	1.0093
galen	L3	trmmR	512	2026-10-09	f592badd	14.721	2.99299	2.99226	1.0002	0.1874	1.0022	1.0009
galen	L3	trmmR	1000	2026-10-09	f592badd	14.721	19.0489	19.0453	1.0002	0.1812	1.0008	1.0011
galen	L3	trmmR	1024	2026-10-09	f592badd	14.721	22.0455	22.0496	0.9998	0.1702	1.0006	1.0016
galen	L3	trmmR	2048	2026-10-09	f592badd	14.721	161.38	62.3442	2.5885	0.4503	1.0027	1.6835
galen	L3	trmmR	2100	2026-10-09	f592badd	14.721	173.725	66.2123	2.6238	0.4522	1.0030	1.6965
galen	L3	trmmR	4096	2026-10-09	f592badd	14.721	1260.23	271.375	4.6439	0.8087	1.0016	1.6942
galen	L3	trsm	8	2026-10-09	f592badd	14.721	0.0528988	0.0525488	1.0067	2.2089	1.0212	1.0218
galen	L3	trsm	32	2026-10-09	f592badd	14.721	0.834868	0.834113	1.0009	1.0942	1.0077	1.0139
galen	L3	trsm	50	2026-10-09	f592badd	14.721	0.767879	0.767139	1.0010	0.8808	1.0182	1.0046
galen	L3	trsm	100	2026-10-09	f592badd	14.721	0.500326	0.499864	1.0009	0.4889	1.0026	1.0046
galen	L3	trsm	128	2026-10-09	f592badd	14.721	0.433505	0.247511	1.7515	0.6690	1.0090	1.8269
galen	L3	trsm	256	2026-10-09	f592badd	14.721	0.347563	0.148736	2.3368	0.5184	1.0036	1.7934
galen	L3	trsm	512	2026-10-09	f592badd	14.721	2.67458	0.964528	2.7729	0.5838	1.0007	1.8126
galen	L3	trsm	1000	2026-10-09	f592badd	14.721	19.0632	7.21849	2.6409	0.4734	1.0005	1.4881
galen	L3	trsm	1024	2026-10-09	f592badd	14.721	20.4712	7.83041	2.6143	0.5245	1.0014	1.3523
galen	L3	trsm	2048	2026-10-09	f592badd	14.721	161.886	42.2339	3.8331	0.7693	1.0009	1.9199
galen	L3	trsm	2100	2026-10-09	f592badd	14.721	177.859	58.3393	3.0487	0.5523	1.0009	1.9126
galen	L3	trsm	4096	2026-10-09	f592badd	14.721	1285.87	430.865	2.9844	0.5395	1.0017	1.0073
galen	L3	trsmR	8	2026-10-09	f592badd	14.721	0.0546123	0.0551089	0.9910	1.2885	1.0319	1.0140
galen	L3	trsmR	32	2026-10-09	f592badd	14.721	0.855535	0.854606	1.0011	0.8986	1.0026	1.0047
galen	L3	trsmR	50	2026-10-09	f592badd	14.721	0.653761	0.653365	1.0006	0.9719	1.0093	1.0043
galen	L3	trsmR	100	2026-10-09	f592badd	14.721	0.411397	0.4114	1.0000	0.6076	1.0026	1.0030
galen	L3	trsmR	128	2026-10-09	f592badd	14.721	0.414365	0.294697	1.4061	0.5514	1.0088	1.4804
galen	L3	trsmR	256	2026-10-09	f592badd	14.721	0.355132	0.163994	2.1655	0.8078	1.0074	1.6121
galen	L3	trsmR	512	2026-10-09	f592badd	14.721	2.77478	1.11393	2.4910	0.6622	1.0020	1.4991
galen	L3	trsmR	1000	2026-10-09	f592badd	14.721	19.4288	7.44381	2.6101	0.4775	1.0004	1.2306
galen	L3	trsmR	1024	2026-10-09	f592badd	14.721	20.9145	8.6708	2.4121	0.5404	1.0012	1.2734
galen	L3	trsmR	2048	2026-10-09	f592badd	14.721	161.592	44.3307	3.6452	0.7410	1.0004	1.8264
galen	L3	trsmR	2100	2026-10-09	f592badd	14.721	173.516	53.1577	3.2642	0.6366	1.0005	1.7843
galen	L3	trsmR	4096	2026-10-09	f592badd	14.721	1277.75	344.219	3.7120	0.6450	1.0009	1.7690
galen	LP	potrf	8	2026-10-09	f592badd	13.861	0.0890681	0.089067	1.0000	1.1879	1.0011	1.0020
galen	LP	potrf	32	2026-10-09	f592badd	13.861	0.632597	0.647379	0.9772	1.4344	1.0585	1.0616
galen	LP	potrf	50	2026-10-09	f592badd	13.861	0.53822	0.558671	0.9634	1.5702	1.0595	1.0773
galen	LP	potrf	100	2026-10-09	f592badd	13.861	0.271218	0.271206	1.0000	1.4503	1.0351	1.0316
galen	LP	potrf	128	2026-10-09	f592badd	13.861	0.217758	0.217836	0.9996	1.3134	1.0227	1.0131
galen	LP	potrf	256	2026-10-09	f592badd	13.861	0.160045	0.130922	1.2224	0.8476	1.0348	1.0187
galen	LP	potrf	512	2026-10-09	f592badd	13.861	1.08006	0.613576	1.7603	0.9281	1.0132	1.2625
galen	LP	potrf	1000	2026-10-09	f592badd	13.861	7.12849	3.62731	1.9652	0.5405	1.0342	1.3931
galen	LP	potrf	1024	2026-10-09	f592badd	13.861	7.59515	3.43867	2.2087	0.8794	1.0316	1.5073
galen	LP	potrf	2048	2026-10-09	f592badd	13.861	57.087	15.0575	3.7913	0.9853	1.0022	1.4737
galen	LP	potrf	2100	2026-10-09	f592badd	13.861	61.9057	23.2355	2.6643	0.6323	1.0022	1.5854
galen	LP	potrf	4096	2026-10-09	f592badd	13.861	448.846	163.106	2.7519	0.6212	1.0005	1.6873
galen	LP	potrfU	8	2026-10-09	f592badd	13.861	0.085167	0.0850882	1.0009	1.2332	1.0026	1.0030
galen	LP	potrfU	32	2026-10-09	f592badd	13.861	0.923475	0.92291	1.0006	1.1818	1.0128	1.0073
galen	LP	potrfU	50	2026-10-09	f592badd	13.861	0.734227	0.734308	0.9999	1.3962	1.0040	1.0027
galen	LP	potrfU	100	2026-10-09	f592badd	13.861	0.362526	0.36246	1.0002	1.4391	1.0015	1.0033
galen	LP	potrfU	128	2026-10-09	f592badd	13.861	0.296717	0.295076	1.0056	1.7255	1.0628	1.0631
galen	LP	potrfU	256	2026-10-09	f592badd	13.861	0.167167	0.138311	1.2086	1.3511	1.0316	1.5503
galen	LP	potrfU	512	2026-10-09	f592badd	13.861	1.08588	0.638497	1.7007	1.1328	1.0334	1.1629
galen	LP	potrfU	1000	2026-10-09	f592badd	13.861	7.30249	2.99973	2.4344	0.5941	1.0025	1.4617
galen	LP	potrfU	1024	2026-10-09	f592badd	13.861	7.70088	2.31665	3.3241	1.3043	1.0039	1.4469
galen	LP	potrfU	2048	2026-10-09	f592badd	13.861	56.0256	14.2853	3.9219	1.1083	1.0003	1.7312
galen	LP	potrfU	2100	2026-10-09	f592badd	13.861	61.5209	14.9714	4.1092	0.9078	1.0006	1.7032
galen	LP	potrfU	4096	2026-10-09	f592badd	13.861	440.548	83.0799	5.3027	1.2504	1.0016	1.9585
galen	LP	geqrf	8	2026-10-09	f592badd	13.861	0.226852	0.226691	1.0007	1.2918	1.0036	1.0037
galen	LP	geqrf	32	2026-10-09	f592badd	13.861	2.45001	2.45157	0.9994	1.0295	1.0092	1.0100
galen	LP	geqrf	50	2026-10-09	f592badd	13.861	2.65092	2.65244	0.9994	0.9329	1.0105	1.0108
galen	LP	geqrf	100	2026-10-09	f592badd	13.861	1.27437	1.27471	0.9997	1.6930	1.0014	1.0016
galen	LP	geqrf	128	2026-10-09	f592badd	13.861	1.01142	1.01146	1.0000	1.9613	1.0008	1.0009
galen	LP	geqrf	256	2026-10-09	f592badd	13.861	0.685908	0.677101	1.0130	1.4045	1.0019	1.0653
galen	LP	geqrf	512	2026-10-09	f592badd	13.861	5.03331	4.38027	1.1491	1.1664	1.0047	1.0241
galen	LP	geqrf	1000	2026-10-09	f592badd	13.861	33.1263	25.8206	1.2829	0.4281	1.0023	1.0961
galen	LP	geqrf	1024	2026-10-09	f592badd	13.861	35.6518	27.7485	1.2848	0.8011	1.0011	1.0956
galen	LP	geqrf	2048	2026-10-09	f592badd	13.861	239.463	76.5571	3.1279	1.6944	1.0042	1.3756
galen	LP	geqrf	2100	2026-10-09	f592badd	13.861	254.358	78.9778	3.2206	0.9768	1.0015	1.3969
galen	LP	geqrf	4096	2026-10-09	f592badd	13.861	1896.99	729.003	2.6022	1.2697	1.0031	1.3724
galen	LP	getrf	8	2026-10-09	f592badd	13.861	0.128911	0.128829	1.0006	1.2668	1.0113	1.0073
galen	LP	getrf	32	2026-10-09	f592badd	13.861	1.61503	1.61844	0.9979	1.0359	1.0669	1.0748
galen	LP	getrf	50	2026-10-09	f592badd	13.861	1.30926	1.31431	0.9962	1.1713	1.0065	1.0073
galen	LP	getrf	100	2026-10-09	f592badd	13.861	0.648733	0.649004	0.9996	1.7059	1.0056	1.0068
galen	LP	getrf	128	2026-10-09	f592badd	13.861	0.555854	0.556148	0.9995	1.5198	1.0023	1.0040
galen	LP	getrf	256	2026-10-09	f592badd	13.861	0.386054	0.35085	1.1003	0.7904	1.0087	1.1603
galen	LP	getrf	512	2026-10-09	f592badd	13.861	2.5659	1.94887	1.3166	0.6676	1.0023	1.2053
galen	LP	getrf	1000	2026-10-09	f592badd	13.861	14.5349	9.28306	1.5657	0.4764	1.0016	1.3868
galen	LP	getrf	1024	2026-10-09	f592badd	13.861	16.0725	8.81188	1.8240	0.6033	1.0011	1.6003
galen	LP	getrf	2048	2026-10-09	f592badd	13.861	121.889	53.0381	2.2981	0.5604	1.0014	1.0220
galen	LP	getrf	2100	2026-10-09	f592badd	13.861	125.197	41.6875	3.0032	0.6755	1.0006	1.2765
galen	LP	getrf	4096	2026-10-09	f592badd	13.861	936.567	268.571	3.4872	0.7437	1.0008	1.6608
galen	LP	getrs	8	2026-10-09	f592badd	13.861	0.0333121	0.0332521	1.0018	1.5462	1.0124	1.0152
galen	LP	getrs	32	2026-10-09	f592badd	13.861	0.255134	0.254791	1.0013	1.4848	1.0109	1.0137
galen	LP	getrs	50	2026-10-09	f592badd	13.861	0.535703	0.523053	1.0242	1.4178	1.0269	1.0418
galen	LP	getrs	100	2026-10-09	f592badd	13.861	3.12603	3.09291	1.0107	1.0161	1.0316	1.0305
galen	LP	getrs	128	2026-10-09	f592badd	13.861	3.89906	3.87918	1.0051	1.1306	1.0100	1.0064
galen	LP	getrs	256	2026-10-09	f592badd	13.861	7.47425	7.45118	1.0031	1.1446	1.0095	1.0179
galen	LP	getrs	512	2026-10-09	f592badd	13.861	6.12565	6.10031	1.0042	1.0543	1.0203	1.0210
galen	LP	getrs	1000	2026-10-09	f592badd	13.861	5.40012	5.8475	0.9235	1.1511	1.0144	1.3067
galen	LP	getrs	1024	2026-10-09	f592badd	13.861	5.47426	7.14889	0.7657	0.9716	1.0400	1.3042
galen	LP	getrs	2048	2026-10-09	f592badd	13.861	4.51343	4.81785	0.9368	1.0757	1.0405	1.0278
galen	LP	potrsL	8	2026-10-09	f592badd	13.861	0.0728561	0.0728816	0.9997	1.6779	1.0055	1.0048
galen	LP	potrsL	32	2026-10-09	f592badd	13.861	0.382153	0.38241	0.9993	1.2643	1.0054	1.0049
galen	LP	potrsL	50	2026-10-09	f592badd	13.861	0.200808	0.200673	1.0007	1.2423	1.0024	1.0051
galen	LP	potrsL	100	2026-10-09	f592badd	13.861	0.0540551	0.0541951	0.9974	1.1988	1.0201	1.0234
galen	LP	potrsL	128	2026-10-09	f592badd	13.861	0.033064	0.033044	1.0006	1.2139	1.0107	1.0048
galen	LP	potrsL	256	2026-10-09	f592badd	13.861	0.00957199	0.00954199	1.0031	1.1458	1.0075	1.3385
galen	LP	potrsL	512	2026-10-09	f592badd	13.861	0.038043	0.0375362	1.0135	1.0006	1.0222	1.2848
galen	LP	potrsL	1000	2026-10-09	f592badd	13.861	0.158701	0.112569	1.4098	1.8909	1.0020	1.0897
galen	LP	potrsL	1024	2026-10-09	f592badd	13.861	0.166872	0.130855	1.2752	1.3796	1.0026	1.1374
galen	LP	potrsL	2048	2026-10-09	f592badd	13.861	0.927578	0.981508	0.9451	1.0206	1.0193	1.0215
galen	LP	potrsU	8	2026-10-09	f592badd	13.861	0.0572461	0.0573194	0.9987	2.0196	1.0022	1.0039
galen	LP	potrsU	32	2026-10-09	f592badd	13.861	0.272752	0.273087	0.9988	1.7143	1.0092	1.0111
galen	LP	potrsU	50	2026-10-09	f592badd	13.861	0.147259	0.14715	1.0007	1.5615	1.0073	1.0070
galen	LP	potrsU	100	2026-10-09	f592badd	13.861	0.047364	0.0473219	1.0009	1.2579	1.0040	1.0078
galen	LP	potrsU	128	2026-10-09	f592badd	13.861	0.0301354	0.0301542	0.9994	1.1991	1.0036	1.0060
galen	LP	potrsU	256	2026-10-09	f592badd	13.861	0.0099032	0.0101421	0.9764	1.0543	1.0073	1.3412
galen	LP	potrsU	512	2026-10-09	f592badd	13.861	0.0431061	0.0404007	1.0670	0.9896	1.0124	1.2847
galen	LP	potrsU	1000	2026-10-09	f592badd	13.861	0.161595	0.112748	1.4332	1.8037	1.0018	1.0971
galen	LP	potrsU	1024	2026-10-09	f592badd	13.861	0.171781	0.123378	1.3923	1.6038	1.0031	1.0329
galen	LP	potrsU	2048	2026-10-09	f592badd	13.861	0.648815	0.549399	1.1810	0.9842	1.0055	1.0083
galen	LP	trtrs	8	2026-10-09	f592badd	13.861	0.014321	0.0142932	1.0019	4.3375	1.0656	1.1882
galen	LP	trtrs	32	2026-10-09	f592badd	13.861	0.247261	0.254772	0.9705	1.3978	1.6988	1.7312
galen	LP	trtrs	50	2026-10-09	f592badd	13.861	0.529789	0.531762	0.9963	1.1595	1.4935	1.4987
galen	LP	trtrs	100	2026-10-09	f592badd	13.861	1.82679	1.83354	0.9963	1.1557	1.0186	1.0264
galen	LP	trtrs	128	2026-10-09	f592badd	13.861	2.4651	2.45467	1.0042	1.2501	1.0197	1.0134
galen	LP	trtrs	256	2026-10-09	f592badd	13.861	4.84409	4.81552	1.0059	1.2286	1.0074	1.0081
galen	LP	trtrs	512	2026-10-09	f592badd	13.861	3.8742	3.86404	1.0026	1.1361	1.0184	1.0144
galen	LP	trtrs	1000	2026-10-09	f592badd	13.861	3.35256	3.34803	1.0014	1.1011	1.0145	1.0066
galen	LP	trtrs	1024	2026-10-09	f592badd	13.861	3.35634	3.3607	0.9987	1.0946	1.0086	1.0098
galen	LP	trtrs	2048	2026-10-09	f592badd	13.861	2.18371	2.17999	1.0017	1.0734	1.0142	1.0065
galen	LP	sytrf	8	2026-10-09	f592badd	13.861	0.121102	0.120091	1.0084	2.7282	1.1793	1.1821
galen	LP	sytrf	32	2026-10-09	f592badd	13.861	2.28378	2.3032	0.9916	1.1776	1.0726	1.0724
galen	LP	sytrf	50	2026-10-09	f592badd	13.861	1.7216	1.73288	0.9935	1.1163	1.0683	1.0687
galen	LP	sytrf	100	2026-10-09	f592badd	13.861	0.815724	0.818785	0.9963	1.2749	1.0094	1.0077
galen	LP	sytrf	128	2026-10-09	f592badd	13.861	0.6142	0.614896	0.9989	1.5303	1.0071	1.0115
galen	LP	sytrf	256	2026-10-09	f592badd	13.861	0.366121	0.36514	1.0027	1.4321	1.0197	1.0167
galen	LP	sytrf	512	2026-10-09	f592badd	13.861	2.57685	2.57644	1.0002	1.0863	1.0106	1.0026
galen	LP	sytrf	1000	2026-10-09	f592badd	13.861	10.4505	11.0799	0.9432	0.6610	1.0041	1.0351
galen	LP	sytrf	1024	2026-10-09	f592badd	13.861	15.8255	15.5605	1.0170	0.8233	1.0091	1.0208
galen	LP	sytrf	2048	2026-10-09	f592badd	13.861	106.338	66.4664	1.5999	0.9158	1.0051	1.0559
galen	LP	sytrf	2100	2026-10-09	f592badd	13.861	80.3178	50.6925	1.5844	0.7739	1.0015	1.2092
galen	LP	sytrf	4096	2026-10-09	f592badd	13.861	708.916	354	2.0026	0.9418	1.0085	1.0410
galen	LP	sytrs	8	2026-10-09	f592badd	13.861	0.052874	0.0528484	1.0005	4.9275	1.0125	1.0148
galen	LP	sytrs	32	2026-10-09	f592badd	13.861	0.367659	0.366709	1.0026	3.5543	1.0047	1.0165
galen	LP	sytrs	50	2026-10-09	f592badd	13.861	0.835736	0.814806	1.0257	2.7090	1.1203	1.1112
galen	LP	sytrs	100	2026-10-09	f592badd	13.861	2.68672	2.68298	1.0014	2.3210	1.0079	1.0072
galen	LP	sytrs	128	2026-10-09	f592badd	13.861	4.0289	4.02679	1.0005	2.2343	1.0051	1.0055
galen	LP	sytrs	256	2026-10-09	f592badd	13.861	8.03263	8.04794	0.9981	1.9752	1.0082	1.0096
galen	LP	sytrs	512	2026-10-09	f592badd	13.861	6.84519	6.85133	0.9991	1.7591	1.0069	1.0088
galen	LP	sytrs	1000	2026-10-09	f592badd	13.861	6.26949	6.2461	1.0037	1.5069	1.0075	1.0240
galen	LP	sytrs	1024	2026-10-09	f592badd	13.861	6.30564	6.27131	1.0055	1.4889	1.0179	1.0230
galen	LP	sytrs	2048	2026-10-09	f592badd	13.861	4.9284	4.94553	0.9965	1.3783	1.0138	1.0247
galen	LP	potri	8	2026-10-09	f592badd	13.861	0.205461	0.204477	1.0048	0.9783	1.0254	1.0212
galen	LP	potri	32	2026-10-09	f592badd	13.861	2.04383	2.04446	0.9997	1.6147	1.0022	1.0022
galen	LP	potri	50	2026-10-09	f592badd	13.861	1.66859	1.67069	0.9987	1.6584	1.0029	1.0037
galen	LP	potri	100	2026-10-09	f592badd	13.861	0.824519	0.824546	1.0000	1.6704	1.0033	1.0019
galen	LP	potri	128	2026-10-09	f592badd	13.861	0.544827	0.545515	0.9987	1.9937	1.0072	1.0055
galen	LP	potri	256	2026-10-09	f592badd	13.861	0.367015	0.356462	1.0296	0.7565	1.0038	1.1679
galen	LP	potri	512	2026-10-09	f592badd	13.861	2.4918	2.32299	1.0727	0.4369	1.0083	1.0846
galen	LP	potri	1000	2026-10-09	f592badd	13.861	14.6561	18.0377	0.8125	0.2316	1.0015	1.4379
galen	LP	potri	1024	2026-10-09	f592badd	13.861	16.5491	20.4629	0.8087	0.2350	1.0015	1.5917
galen	LP	potri	2048	2026-10-09	f592badd	13.861	119.68	127.252	0.9405	0.2125	1.0017	1.2247
galen	LP	trtri	8	2026-10-09	f592badd	13.861	0.0697762	0.0693451	1.0062	1.5642	1.1697	1.0633
galen	LP	trtri	32	2026-10-09	f592badd	13.861	1.3046	1.36284	0.9573	1.5100	1.2628	1.2509
galen	LP	trtri	50	2026-10-09	f592badd	13.861	1.06564	1.06616	0.9995	1.5880	1.3150	1.3163
galen	LP	trtri	100	2026-10-09	f592badd	13.861	0.459582	0.460879	0.9972	2.2360	1.0363	1.0310
galen	LP	trtri	128	2026-10-09	f592badd	13.861	0.299524	0.298219	1.0044	2.1140	1.0339	1.0075
galen	LP	trtri	256	2026-10-09	f592badd	13.861	0.172197	0.171757	1.0026	1.0289	1.0173	1.0144
galen	LP	trtri	512	2026-10-09	f592badd	13.861	1.25572	1.25562	1.0001	0.5162	1.0029	1.0069
galen	LP	trtri	1000	2026-10-09	f592badd	13.861	7.20376	7.20417	0.9999	0.3528	1.0016	1.0010
galen	LP	trtri	1024	2026-10-09	f592badd	13.861	8.53914	8.2057	1.0406	0.3581	1.0024	1.0426
galen	LP	trtri	2048	2026-10-09	f592badd	13.861	60.8495	53.1614	1.1446	0.2938	1.0007	1.0419
galen	LP	getri	8	2026-10-09	f592badd	13.861	0.157603	0.157713	0.9993	1.1772	1.0166	1.0240
galen	LP	getri	32	2026-10-09	f592badd	13.861	2.7519	2.77842	0.9905	1.1495	1.1573	1.0048
galen	LP	getri	50	2026-10-09	f592badd	13.861	2.14453	2.14135	1.0015	1.2726	1.0868	1.0897
galen	LP	getri	100	2026-10-09	f592badd	13.861	1.18021	1.17944	1.0007	1.2211	1.0244	1.0109
galen	LP	getri	128	2026-10-09	f592badd	13.861	0.905486	0.90592	0.9995	1.0652	1.0106	1.0043
galen	LP	getri	256	2026-10-09	f592badd	13.861	0.634692	0.57806	1.0980	0.6552	1.0044	1.0348
galen	LP	getri	512	2026-10-09	f592badd	13.861	4.34922	2.55673	1.7011	0.6918	1.0006	1.2002
galen	LP	getri	1000	2026-10-09	f592badd	13.861	27.3179	28.6276	0.9543	0.2281	1.0008	1.1789
galen	LP	getri	1024	2026-10-09	f592badd	13.861	30.9677	30.161	1.0267	0.3331	1.0004	1.1300
galen	LP	getri	2048	2026-10-09	f592badd	13.861	234.581	99.3956	2.3601	0.6685	1.0028	1.2224
galen	LP	sytri	8	2026-10-09	f592badd	13.861	0.224532	0.224693	0.9993	1.0952	1.0307	1.0314
galen	LP	sytri	32	2026-10-09	f592badd	13.861	2.22217	2.21799	1.0019	1.1485	1.1644	1.1395
galen	LP	sytri	50	2026-10-09	f592badd	13.861	1.50065	1.50236	0.9989	1.2298	1.0764	1.0792
galen	LP	sytri	100	2026-10-09	f592badd	13.861	0.864619	0.8685	0.9955	1.1869	1.0163	1.0216
galen	LP	sytri	128	2026-10-09	f592badd	13.861	0.697538	0.698043	0.9993	1.1702	1.0114	1.0087
galen	LP	sytri	256	2026-10-09	f592badd	13.861	0.497541	0.513788	0.9684	0.8050	1.0359	1.0911
galen	LP	sytri	512	2026-10-09	f592badd	13.861	4.45047	2.83232	1.5713	0.6038	1.0205	1.5377
galen	LP	sytri	1000	2026-10-09	f592badd	13.861	25.2885	13.6962	1.8464	0.5187	1.0009	1.2523
galen	LP	sytri	1024	2026-10-09	f592badd	13.861	30.0966	18.1786	1.6556	0.5097	1.0030	1.4692
galen	LP	sytri	2048	2026-10-09	f592badd	13.861	213.781	103.347	2.0686	0.4927	1.0105	1.1347
galen	LP	gelsy	8	2026-10-09	f592badd	13.861	0.728139	0.727705	1.0006	2.4500	1.0013	1.0017
galen	LP	gelsy	32	2026-10-09	f592badd	13.861	6.00482	6.00443	1.0001	1.3393	1.0011	1.0008
galen	LP	gelsy	50	2026-10-09	f592badd	13.861	5.0895	5.11388	0.9952	1.0567	1.0006	1.0013
galen	LP	gelsy	100	2026-10-09	f592badd	13.861	2.5261	2.53425	0.9968	1.2739	1.0007	1.0012
galen	LP	gelsy	128	2026-10-09	f592badd	13.861	1.97571	1.97913	0.9983	1.7963	1.0010	1.0010
galen	LP	gelsy	256	2026-10-09	f592badd	13.861	1.2838	1.2795	1.0034	1.3322	1.0097	1.0433
galen	LP	gelsy	512	2026-10-09	f592badd	13.861	11.1922	10.4577	1.0702	1.0629	1.0071	1.0447
galen	LP	gelsy	1000	2026-10-09	f592badd	13.861	55.4571	49.3513	1.1237	0.7630	1.0021	1.0318
galen	LP	gelsy	1024	2026-10-09	f592badd	13.861	72.3898	66.5639	1.0875	0.7021	1.0013	1.0043
galen	LP	gelsd	8	2026-10-09	f592badd	13.861	1.8922	1.89313	0.9995	2.5372	1.0024	1.0034
galen	LP	gelsd	32	2026-10-09	f592badd	13.861	22.5984	22.6828	0.9963	2.4060	1.0008	1.0010
galen	LP	gelsd	50	2026-10-09	f592badd	13.861	15.9549	16.0138	0.9963	2.5259	1.0007	1.0008
galen	LP	gelsd	100	2026-10-09	f592badd	13.861	7.44729	7.46492	0.9976	2.8102	1.0016	1.0010
galen	LP	gelsd	128	2026-10-09	f592badd	13.861	5.76065	5.78733	0.9954	2.7078	1.0022	1.0033
galen	LP	gelsd	256	2026-10-09	f592badd	13.861	3.37793	3.85283	0.8767	1.9207	1.0025	1.0574
galen	LP	gelsd	512	2026-10-09	f592badd	13.861	21.6981	18.4891	1.1736	2.1339	1.0014	1.0960
galen	LP	gelsd	1000	2026-10-09	f592badd	13.861	124.293	63.0316	1.9719	1.7639	1.0013	1.2353
galen	LP	gelsd	1024	2026-10-09	f592badd	13.861	142.234	85.5495	1.6626	1.8155	1.0015	1.2280
galen	LP	geev	8	2026-10-09	f592badd	13.861	3.38023	3.37673	1.0010	1.4912	1.0039	1.0234
galen	LP	geev	32	2026-10-09	f592badd	13.861	57.866	57.883	0.9997	1.1905	1.0026	1.0020
galen	LP	geev	50	2026-10-09	f592badd	13.861	50.2028	50.1903	1.0002	1.0996	1.0044	1.0021
galen	LP	geev	100	2026-10-09	f592badd	13.861	34.8516	34.9142	0.9982	1.4895	1.0053	1.0047
galen	LP	geev	128	2026-10-09	f592badd	13.861	32.3599	32.3294	1.0009	1.2636	1.0050	1.0095
galen	LP	geev	256	2026-10-09	f592badd	13.861	23.4852	23.7262	0.9898	1.0017	1.0338	1.0308
galen	LP	geev	512	2026-10-09	f592badd	13.861	167.987	161.572	1.0397	1.4324	1.0237	1.0195
galen	LP	geev	1000	2026-10-09	f592badd	13.861	437.453	369.525	1.1838	0.9477	1.0194	1.0698
galen	LP	geev	1024	2026-10-09	f592badd	13.861	634.036	553.349	1.1458	1.2834	1.0324	1.0611
galen	LP	gbtrf	8	2026-10-09	f592badd	13.861	0.0609393	0.060935	1.0001	1.5540	1.0134	1.0367
galen	LP	gbtrf	32	2026-10-09	f592badd	13.861	0.325435	0.325179	1.0008	1.6314	1.0439	1.0085
galen	LP	gbtrf	50	2026-10-09	f592badd	13.861	0.228304	0.228363	0.9997	1.5174	1.0033	1.0260
galen	LP	gbtrf	100	2026-10-09	f592badd	13.861	0.0889992	0.0888992	1.0011	1.5594	1.0179	1.0034
galen	LP	gbtrf	128	2026-10-09	f592badd	13.861	0.0696826	0.0697692	0.9988	1.6438	1.0096	1.0094
galen	LP	gbtrf	256	2026-10-09	f592badd	13.861	0.0422507	0.0421863	1.0015	1.5287	1.0303	1.0303
galen	LP	gbtrf	512	2026-10-09	f592badd	13.861	0.250776	0.251004	0.9991	1.5505	1.0149	1.0165
galen	LP	gbtrf	1000	2026-10-09	f592badd	13.861	1.25025	1.25047	0.9998	0.8711	1.0028	1.0023
galen	LP	gbtrf	1024	2026-10-09	f592badd	13.861	1.18989	1.18967	1.0002	0.9210	1.0015	1.0012
galen	LP	gbtrf	2048	2026-10-09	f592badd	13.861	7.25531	7.25471	1.0001	0.6200	1.0002	1.0005
galen	LP	geqp3	8	2026-10-09	f592badd	13.861	0.431476	0.429609	1.0043	1.7434	1.1091	1.1080
galen	LP	geqp3	32	2026-10-09	f592badd	13.861	4.44614	4.44635	1.0000	1.1296	1.0005	1.0005
galen	LP	geqp3	50	2026-10-09	f592badd	13.861	4.31447	4.34971	0.9919	0.9013	1.0014	1.0004
galen	LP	geqp3	100	2026-10-09	f592badd	13.861	2.2324	2.24018	0.9965	1.2693	1.0015	1.0012
galen	LP	geqp3	128	2026-10-09	f592badd	13.861	1.77211	1.77378	0.9991	1.3977	1.0010	1.0015
galen	LP	geqp3	256	2026-10-09	f592badd	13.861	1.19344	1.19132	1.0018	1.2184	1.0136	1.0324
galen	LP	geqp3	512	2026-10-09	f592badd	13.861	10.8813	10.1131	1.0760	1.0106	1.0043	1.0356
galen	LP	geqp3	1000	2026-10-09	f592badd	13.861	54.3272	48.2603	1.1257	0.6272	1.0020	1.0123
galen	LP	geqp3	1024	2026-10-09	f592badd	13.861	71.1237	65.2421	1.0902	0.6022	1.0016	1.0299
galen	LP	geqp3	2048	2026-10-09	f592badd	13.861	529.84	468.003	1.1321	0.3822	1.0023	1.0383
galen	LP	gels	8	2026-10-09	f592badd	13.861	0.323955	0.323907	1.0001	2.9407	1.0049	1.0067
galen	LP	gels	32	2026-10-09	f592badd	13.861	2.93251	2.9326	1.0000	1.4969	1.0012	1.0015
galen	LP	gels	50	2026-10-09	f592badd	13.861	3.23922	3.24004	0.9997	1.0581	1.0013	1.0013
galen	LP	gels	100	2026-10-09	f592badd	13.861	1.53197	1.53235	0.9998	1.6338	1.0031	1.0012
galen	LP	gels	128	2026-10-09	f592badd	13.861	1.18791	1.18755	1.0003	1.8626	1.0015	1.0016
galen	LP	gels	256	2026-10-09	f592badd	13.861	0.74394	0.737603	1.0086	1.6944	1.0036	1.0565
galen	LP	gels	512	2026-10-09	f592badd	13.861	5.18148	4.43089	1.1694	1.3468	1.0020	1.1111
galen	LP	gels	1000	2026-10-09	f592badd	13.861	33.6633	26.2874	1.2806	0.5323	1.0014	1.0787
galen	LP	gels	1024	2026-10-09	f592badd	13.861	36.2359	26.4929	1.3678	0.9713	1.0008	1.0725
galen	LP	pstrf	8	2026-10-09	f592badd	13.861	0.205899	0.207136	0.9940	1.2214	1.0074	1.0060
galen	LP	pstrf	32	2026-10-09	f592badd	13.861	1.68524	1.69659	0.9933	1.1457	1.0022	1.0065
galen	LP	pstrf	50	2026-10-09	f592badd	13.861	1.19241	1.19456	0.9982	1.1310	1.0024	1.0020
galen	LP	pstrf	100	2026-10-09	f592badd	13.861	0.603089	0.603291	0.9997	1.1940	1.0045	1.0053
galen	LP	pstrf	128	2026-10-09	f592badd	13.861	0.560191	0.560647	0.9992	1.1767	1.0060	1.0041
galen	LP	pstrf	256	2026-10-09	f592badd	13.861	0.388354	0.376268	1.0321	1.1031	1.0241	1.1252
galen	LP	pstrf	512	2026-10-09	f592badd	13.861	3.68404	3.05944	1.2042	1.2166	1.0057	1.0211
galen	LP	pstrf	1000	2026-10-09	f592badd	13.861	10.4318	7.09792	1.4697	0.7533	1.0055	1.2881
galen	LP	pstrf	1024	2026-10-09	f592badd	13.861	17.8866	12.7204	1.4061	1.2456	1.0108	1.0341
galen	LP	pstrf	2048	2026-10-09	f592badd	13.861	98.8401	56.6315	1.7453	1.2415	1.0044	1.2045
galen	LP	pstrf	2100	2026-10-09	f592badd	13.861	80.9796	51.0868	1.5851	0.6879	1.0024	1.0767
galen	LP	pstrf	4096	2026-10-09	f592badd	13.861	647.906	370.118	1.7505	0.9518	1.0127	1.6331
galen	LP	pstrfU	8	2026-10-09	f592badd	13.861	0.223939	0.225291	0.9940	1.2537	1.0919	1.0062
galen	LP	pstrfU	32	2026-10-09	f592badd	13.861	1.81205	1.81166	1.0002	1.1658	1.0015	1.0013
galen	LP	pstrfU	50	2026-10-09	f592badd	13.861	1.29454	1.29532	0.9994	1.0849	1.0013	1.0012
galen	LP	pstrfU	100	2026-10-09	f592badd	13.861	0.650722	0.650944	0.9997	1.2040	1.0053	1.0024
galen	LP	pstrfU	128	2026-10-09	f592badd	13.861	0.660928	0.662908	0.9970	1.4844	1.0272	1.0277
galen	LP	pstrfU	256	2026-10-09	f592badd	13.861	0.561235	0.573907	0.9779	1.2821	1.0806	1.0855
galen	LP	pstrfU	512	2026-10-09	f592badd	13.861	4.44504	4.29439	1.0351	1.4307	1.0123	1.0148
galen	LP	pstrfU	1000	2026-10-09	f592badd	13.861	11.9351	9.25465	1.2896	0.7514	1.0037	1.1153
galen	LP	pstrfU	1024	2026-10-09	f592badd	13.861	23.5443	19.7304	1.1933	1.2294	1.0063	1.0675
galen	LP	pstrfU	2048	2026-10-09	f592badd	13.861	128.178	107.447	1.1929	1.0220	1.0069	1.3360
galen	LP	pstrfU	2100	2026-10-09	f592badd	13.861	94.0038	60.032	1.5659	0.6848	1.0078	1.9045
galen	LP	pstrfU	4096	2026-10-09	f592badd	13.861	753.982	401.909	1.8760	1.2468	1.0005	1.4279
galen	LP	gesvd	8	2026-10-09	f592badd	13.861	3.58771	3.59273	0.9986	1.4349	1.0015	1.0041
galen	LP	gesvd	32	2026-10-09	f592badd	13.861	53.3815	53.4767	0.9982	1.0387	1.0013	1.0013
galen	LP	gesvd	50	2026-10-09	f592badd	13.861	42.0291	42.0973	0.9984	1.2092	1.0018	1.0004
galen	LP	gesvd	100	2026-10-09	f592badd	13.861	19.5239	19.5507	0.9986	1.1742	1.0029	1.0010
galen	LP	gesvd	128	2026-10-09	f592badd	13.861	14.6458	14.667	0.9986	1.0828	1.0029	1.0015
galen	LP	gesvd	256	2026-10-09	f592badd	13.861	7.85514	7.35873	1.0675	1.0504	1.0020	1.0727
galen	LP	gesvd	512	2026-10-09	f592badd	13.861	47.9987	38.0123	1.2627	1.1977	1.0018	1.1334
galen	LP	gesvd	1000	2026-10-09	f592badd	13.861	278.573	156.719	1.7775	0.9441	1.0015	1.1362
galen	LP	gesvd	1024	2026-10-09	f592badd	13.861	313.708	205.01	1.5302	1.1366	1.0016	1.0931
galen	LP	gesvd	2048	2026-10-09	f592badd	13.861	2317.17	1076.46	2.1526	1.1438	1.0068	1.0412
galen	LP	syev	8	2026-10-09	f592badd	13.861	2.10063	2.09909	1.0007	1.5041	1.0649	1.0650
galen	LP	syev	32	2026-10-09	f592badd	13.861	26.5032	26.5087	0.9998	1.4378	1.0004	1.0006
galen	LP	syev	50	2026-10-09	f592badd	13.861	19.5149	19.5509	0.9982	1.6091	1.0010	1.0028
galen	LP	syev	100	2026-10-09	f592badd	13.861	10.0379	10.0523	0.9986	1.4543	1.0020	1.0008
galen	LP	syev	128	2026-10-09	f592badd	13.861	7.79512	7.80005	0.9994	1.3627	1.0012	1.0021
galen	LP	syev	256	2026-10-09	f592badd	13.861	4.22015	4.14224	1.0188	1.0992	1.0038	1.0695
galen	LP	syev	512	2026-10-09	f592badd	13.861	26.3113	19.8308	1.3268	1.0096	1.0019	1.1318
galen	LP	syev	1000	2026-10-09	f592badd	13.861	127.276	87.2794	1.4583	0.7375	1.0008	1.2691
galen	LP	syev	1024	2026-10-09	f592badd	13.861	154.123	110.015	1.4009	0.8040	1.0029	1.1815
galen	LP	syev	2048	2026-10-09	f592badd	13.861	1028.35	500.441	2.0549	0.9928	1.0134	1.1237
galen	LP	syevN	8	2026-10-09	f592badd	13.861	1.31313	1.31337	0.9998	1.3539	1.0038	1.0030
galen	LP	syevN	32	2026-10-09	f592badd	13.861	15.0542	15.0521	1.0001	1.1856	1.0008	1.0007
galen	LP	syevN	50	2026-10-09	f592badd	13.861	11.623	11.6505	0.9976	1.1698	1.0010	1.0020
galen	LP	syevN	100	2026-10-09	f592badd	13.861	5.58709	5.59125	0.9993	1.1423	1.0015	1.0020
galen	LP	syevN	128	2026-10-09	f592badd	13.861	4.08943	4.09414	0.9988	1.1154	1.0016	1.0007
galen	LP	syevN	256	2026-10-09	f592badd	13.861	2.06859	2.20438	0.9384	0.9057	1.0062	1.0561
galen	LP	syevN	512	2026-10-09	f592badd	13.861	12.9303	10.8	1.1973	0.7232	1.0044	1.0866
galen	LP	syevN	1000	2026-10-09	f592badd	13.861	63.0148	43.7311	1.4410	0.7098	1.0027	1.1721
galen	LP	syevN	1024	2026-10-09	f592badd	13.861	70.4843	46.8149	1.5056	0.7368	1.0037	1.1821
galen	LP	syevN	2048	2026-10-09	f592badd	13.861	433.249	229.362	1.8889	0.7489	1.0042	1.1586
galen	LP	gtsv	256	2026-10-09	f592badd	13.861	0.00278	0.00278	1.0000	1.3022	1.0000	1.0036
galen	LP	gtsv	1024	2026-10-09	f592badd	13.861	0.011021	0.011021	1.0000	1.3012	1.0028	1.0018
galen	LP	gtsv	4096	2026-10-09	f592badd	13.861	0.0442051	0.044213	0.9998	1.2954	1.0006	1.0007
galen	LP	gtsv	16384	2026-10-09	f592badd	13.861	0.176696	0.176583	1.0006	1.2996	1.0023	1.0188
galen	LP	gtsv	65536	2026-10-09	f592badd	13.861	0.76598	0.765819	1.0002	1.2040	1.0055	1.0047
galen	LP	gtsv	262144	2026-10-09	f592badd	13.861	3.06664	3.06649	1.0000	1.2028	1.0004	1.0003
galen	LP	gttrf	256	2026-10-09	f592badd	13.861	0.00171	0.00174	0.9828	1.4776	1.0416	1.0359
galen	LP	gttrf	1024	2026-10-09	f592badd	13.861	0.00588011	0.005881	0.9998	1.6197	1.0154	1.0085
galen	LP	gttrf	4096	2026-10-09	f592badd	13.861	0.0227731	0.022632	1.0062	1.6478	1.0204	1.0172
galen	LP	gttrf	16384	2026-10-09	f592badd	13.861	0.089307	0.0892993	1.0001	1.6554	1.0091	1.0029
galen	LP	gttrf	65536	2026-10-09	f592badd	13.861	0.356381	0.356522	0.9996	1.6655	1.0020	1.0006
galen	LP	gttrf	262144	2026-10-09	f592badd	13.861	1.42986	1.42964	1.0002	1.6636	1.0017	2.1766
galen	LP	gttrs	256	2026-10-09	f592badd	13.861	0.00266	0.00266	1.0000	1.0000	1.0041	1.0038
galen	LP	gttrs	1024	2026-10-09	f592badd	13.861	0.010511	0.0105101	1.0001	1.0001	1.0009	1.0010
galen	LP	gttrs	4096	2026-10-09	f592badd	13.861	0.0419041	0.041903	1.0000	1.0005	1.0002	1.0002
galen	LP	gttrs	16384	2026-10-09	f592badd	13.861	0.167584	0.167525	1.0004	1.0005	1.0008	1.0005
galen	LP	gttrs	65536	2026-10-09	f592badd	13.861	0.674948	0.674844	1.0002	0.9994	1.0001	1.0003
galen	LP	gttrs	262144	2026-10-09	f592badd	13.861	2.69503	2.69505	1.0000	0.9995	1.0004	1.0001
galen	LP	pttrf	256	2026-10-09	f592badd	13.861	0.00139011	0.00139	1.0001	1.1151	1.0072	1.0007
galen	LP	pttrf	1024	2026-10-09	f592badd	13.861	0.00549	0.00549	1.0000	1.1113	1.0000	1.0015
galen	LP	pttrf	4096	2026-10-09	f592badd	13.861	0.021902	0.0219011	1.0000	1.1105	1.0005	1.0005
galen	LP	pttrf	16384	2026-10-09	f592badd	13.861	0.087568	0.087587	0.9998	1.1098	1.0003	1.0001
galen	LP	pttrf	65536	2026-10-09	f592badd	13.861	0.35031	0.350332	0.9999	1.1101	1.0001	1.0001
galen	LP	pttrf	262144	2026-10-09	f592badd	13.861	1.40607	1.40603	1.0000	1.1121	1.0002	1.0000
galen	LP	pttrs	256	2026-10-09	f592badd	13.861	0.271408	0.271154	1.0009	0.9756	1.0039	1.0037
galen	LP	pttrs	1024	2026-10-09	f592badd	13.861	0.065275	0.065285	0.9998	0.9996	1.0009	1.0008
galen	LP	pttrs	4096	2026-10-09	f592badd	13.861	0.013663	0.013661	1.0001	1.0037	1.0007	1.0007
galen	LP	pttrs	16384	2026-10-09	f592badd	13.861	0.0545641	0.054556	1.0001	1.0045	1.0016	1.0011
galen	LP	pttrs	65536	2026-10-09	f592badd	13.861	0.218307	0.218289	1.0001	1.0042	1.0009	1.0006
galen	LP	pttrs	262144	2026-10-09	f592badd	13.861	0.877282	0.877337	0.9999	1.0041	1.0004	1.0000
galen	LP	ptsv	256	2026-10-09	f592badd	13.861	0.00227	0.00227	1.0000	1.0441	1.0044	1.0088
galen	LP	ptsv	1024	2026-10-09	f592badd	13.861	0.008911	0.0089021	1.0010	1.0639	1.0022	1.0011
galen	LP	ptsv	4096	2026-10-09	f592badd	13.861	0.035534	0.0355241	1.0003	1.0687	1.0005	1.0005
galen	LP	ptsv	16384	2026-10-09	f592badd	13.861	0.142123	0.142101	1.0002	1.0697	1.0003	1.0004
galen	LP	ptsv	65536	2026-10-09	f592badd	13.861	0.572713	0.572833	0.9998	1.0690	1.0009	1.0010
galen	LP	ptsv	262144	2026-10-09	f592badd	13.861	2.28336	2.28347	1.0000	1.0694	1.0005	1.0003
galen	LP	pbtrfL	16	2026-10-09	f592badd	13.861	0.306673	0.307068	0.9987	1.4233	1.0029	1.0040
galen	LP	pbtrfL	32	2026-10-09	f592badd	13.861	0.705319	0.705297	1.0000	1.3370	1.0006	1.0006
galen	LP	pbtrfL	64	2026-10-09	f592badd	13.861	1.21817	1.21816	1.0000	1.8608	1.0022	1.0023
galen	LP	pbtrfL	96	2026-10-09	f592badd	13.861	1.84466	1.84466	1.0000	1.1497	1.0006	1.0030
galen	LP	pbtrfL	128	2026-10-09	f592badd	13.861	2.686	2.68542	1.0002	0.9485	1.0013	1.0009
galen	LP	pbtrfL	192	2026-10-09	f592badd	13.861	4.88392	4.88566	0.9996	0.6279	1.0011	1.0012
galen	LP	pbtrfL	256	2026-10-09	f592badd	13.861	7.76449	7.95597	0.9759	0.5548	1.0007	1.1326
galen	LP	pbtrfL	384	2026-10-09	f592badd	13.861	14.7099	10.6365	1.3830	0.5619	1.0060	1.0790
galen	LP	pbtrfU	16	2026-10-09	f592badd	13.861	0.358472	0.358314	1.0004	1.7143	1.0019	1.0028
galen	LP	pbtrfU	32	2026-10-09	f592badd	13.861	0.995548	0.995697	0.9999	1.4151	1.0013	1.0014
galen	LP	pbtrfU	64	2026-10-09	f592badd	13.861	1.45086	1.45054	1.0002	3.0020	1.0021	1.0020
galen	LP	pbtrfU	96	2026-10-09	f592badd	13.861	2.16111	2.16167	0.9997	1.0299	1.0014	1.0013
galen	LP	pbtrfU	128	2026-10-09	f592badd	13.861	3.87535	3.87399	1.0003	0.7914	1.0034	1.0020
galen	LP	pbtrfU	192	2026-10-09	f592badd	13.861	5.33031	5.32929	1.0002	0.6567	1.0009	1.0009
galen	LP	pbtrfU	256	2026-10-09	f592badd	13.861	8.21581	8.58195	0.9573	0.5658	1.0004	1.1943
galen	LP	pbtrfU	384	2026-10-09	f592badd	13.861	15.5891	18.405	0.8470	0.3265	1.0028	1.1367
galen	LP	pptrfL	8	2026-10-09	f592badd	13.861	0.118211	0.118618	0.9966	1.1610	1.0320	1.0246
galen	LP	pptrfL	32	2026-10-09	f592badd	13.861	0.938417	0.939043	0.9993	1.4504	1.0042	1.0044
galen	LP	pptrfL	50	2026-10-09	f592badd	13.861	0.735471	0.73554	0.9999	1.5860	1.0405	1.0408
galen	LP	pptrfL	100	2026-10-09	f592badd	13.861	0.349351	0.348832	1.0015	2.3267	1.0073	1.0107
galen	LP	pptrfL	128	2026-10-09	f592badd	13.861	0.267903	0.268049	0.9995	2.4371	1.0042	1.0051
galen	LP	pptrfL	256	2026-10-09	f592badd	13.861	0.165696	0.141767	1.1688	1.7680	1.0104	1.3677
galen	LP	pptrfL	512	2026-10-09	f592badd	13.861	1.09966	0.683707	1.6084	1.5742	1.0012	1.2574
galen	LP	pptrfL	1000	2026-10-09	f592badd	13.861	7.89203	5.27576	1.4959	1.1286	1.0017	1.1755
galen	LP	pptrfL	1024	2026-10-09	f592badd	13.861	8.00905	5.42697	1.4758	1.1683	1.0369	1.1114
galen	LP	pptrfL	2048	2026-10-09	f592badd	13.861	58.8667	16.4152	3.5861	2.7521	1.0271	1.4687
galen	LP	pptrfU	8	2026-10-09	f592badd	13.861	0.101054	0.101139	0.9992	2.0618	1.0520	1.0437
galen	LP	pptrfU	32	2026-10-09	f592badd	13.861	1.22296	1.22291	1.0000	2.2989	1.0017	1.0012
galen	LP	pptrfU	50	2026-10-09	f592badd	13.861	0.943582	0.943378	1.0002	2.3541	1.0293	1.0304
galen	LP	pptrfU	100	2026-10-09	f592badd	13.861	0.44197	0.442818	0.9981	2.8124	1.0081	1.0093
galen	LP	pptrfU	128	2026-10-09	f592badd	13.861	0.343328	0.34339	0.9998	2.8523	1.0028	1.0048
galen	LP	pptrfU	256	2026-10-09	f592badd	13.861	0.193241	0.171199	1.1288	3.3079	1.0197	1.3315
galen	LP	pptrfU	512	2026-10-09	f592badd	13.861	1.17326	0.713774	1.6437	5.0044	1.0017	1.2937
galen	LP	pptrfU	1000	2026-10-09	f592badd	13.861	7.86552	5.30486	1.4827	4.4995	1.0010	1.0979
galen	LP	pptrfU	1024	2026-10-09	f592badd	13.861	8.24486	5.27713	1.5624	4.8440	1.0016	1.0987
galen	LP	pptrfU	2048	2026-10-09	f592badd	13.861	59.5527	17.878	3.3311	10.8828	1.0017	1.6000
galen	CL1	zaxpy	1000	2026-10-09	f592badd	16.666	1.78411	1.78426	0.9999	1.0812	1.0078	1.0076
galen	CL1	zaxpy	3000	2026-10-09	f592badd	16.666	2.21502	2.20871	1.0029	1.0233	1.0048	1.0041
galen	CL1	zaxpy	10000	2026-10-09	f592badd	16.666	2.23046	2.23254	0.9991	1.0132	1.0104	1.0129
galen	CL1	zaxpy	30000	2026-10-09	f592badd	16.666	2.47352	2.47325	1.0001	0.2140	1.0033	1.0034
galen	CL1	zaxpy	100000	2026-10-09	f592badd	16.666	2.53204	2.53354	0.9994	0.2328	1.0602	1.0112
galen	CL1	zaxpy	300000	2026-10-09	f592badd	16.666	2.95318	2.93969	1.0046	0.2970	1.0199	1.0103
galen	CL1	zaxpy	1000000	2026-10-09	f592badd	16.666	16.1097	16.1795	0.9957	0.4354	1.0266	1.0221
galen	CL1	zdotc	1000	2026-10-09	f592badd	16.666	1.48099	1.48063	1.0002	1.1031	1.0140	1.0108
galen	CL1	zdotc	3000	2026-10-09	f592badd	16.666	2.2149	2.213	1.0009	1.0156	1.0012	1.0009
galen	CL1	zdotc	10000	2026-10-09	f592badd	16.666	2.20219	2.20282	0.9997	0.6251	1.0035	1.0018
galen	CL1	zdotc	30000	2026-10-09	f592badd	16.666	2.46595	2.46477	1.0005	0.2090	1.0040	1.0021
galen	CL1	zdotc	100000	2026-10-09	f592badd	16.666	2.50577	2.5011	1.0019	0.2066	1.0201	1.0039
galen	CL1	zdotc	300000	2026-10-09	f592badd	16.666	2.92088	2.92789	0.9976	0.2960	1.0328	1.0191
galen	CL1	zdotc	1000000	2026-10-09	f592badd	16.666	15.1861	15.1621	1.0016	0.3400	1.0383	1.0359
galen	CL1	zscal	1000	2026-10-09	f592badd	16.666	1.09372	1.09379	0.9999	1.4341	1.0000	1.0002
galen	CL1	zscal	3000	2026-10-09	f592badd	16.666	1.30495	1.30482	1.0001	1.2903	1.0011	1.0013
galen	CL1	zscal	10000	2026-10-09	f592badd	16.666	1.31602	0.809388	1.6259	2.0711	1.0011	1.5183
galen	CL1	zscal	30000	2026-10-09	f592badd	16.666	1.44931	0.705488	2.0543	2.5775	1.0403	1.5034
galen	CL1	zscal	100000	2026-10-09	f592badd	16.666	1.68589	0.580498	2.9042	3.5344	1.0180	1.4272
galen	CL1	zscal	300000	2026-10-09	f592badd	16.666	1.95265	2.30065	0.8487	0.9927	1.0254	1.3347
galen	CL1	zscal	1000000	2026-10-09	f592badd	16.666	7.14393	3.24437	2.2019	2.6810	1.0299	1.0695
galen	CL1	zscalc	1000	2026-10-09	f592badd	16.666	1.35054	1.3503	1.0002	1.1252	1.0025	1.0056
galen	CL1	zscalc	3000	2026-10-09	f592badd	16.666	1.59116	1.59098	1.0001	1.0568	1.0011	1.0087
galen	CL1	zscalc	10000	2026-10-09	f592badd	16.666	1.57402	1.57554	0.9990	1.0603	1.0062	1.0049
galen	CL1	zscalc	30000	2026-10-09	f592badd	16.666	1.7112	1.70626	1.0029	1.0670	1.0097	1.0099
galen	CL1	zscalc	100000	2026-10-09	f592badd	16.666	1.87929	1.8786	1.0004	1.0919	1.0022	1.0031
galen	CL1	zscalc	300000	2026-10-09	f592badd	16.666	2.15056	2.15143	0.9996	1.0629	1.0044	1.0084
galen	CL1	zscalc	1000000	2026-10-09	f592badd	16.666	7.97447	8.06891	0.9883	1.0784	1.0576	1.0478
galen	CL1	dznrm2	1000	2026-10-09	f592badd	16.666	1.0833	1.08322	1.0001	2.9530	1.0041	1.0044
galen	CL1	dznrm2	3000	2026-10-09	f592badd	16.666	1.12801	1.12803	1.0000	3.4944	1.0025	1.0020
galen	CL1	dznrm2	10000	2026-10-09	f592badd	16.666	1.11021	1.00056	1.1096	1.4581	1.0032	1.4206
galen	CL1	dznrm2	30000	2026-10-09	f592badd	16.666	1.25453	0.551907	2.2731	1.4447	1.0043	1.6338
galen	CL1	dznrm2	100000	2026-10-09	f592badd	16.666	1.40488	0.577617	2.4322	1.0219	1.0068	2.6056
galen	CL1	dznrm2	300000	2026-10-09	f592badd	16.666	1.59428	1.84318	0.8650	0.3599	1.0944	1.4725
galen	CL1	dznrm2	1000000	2026-10-09	f592badd	16.666	5.99597	2.98355	2.0097	1.1514	1.0239	1.1162
galen	CL1	dzasum	1000	2026-10-09	f592badd	16.666	0.657543	0.657195	1.0005	2.5677	1.0058	1.0050
galen	CL1	dzasum	3000	2026-10-09	f592badd	16.666	1.10821	1.1082	1.0000	1.5763	1.0005	1.0005
galen	CL1	dzasum	10000	2026-10-09	f592badd	16.666	1.10157	0.984662	1.1187	1.7473	1.0023	1.4211
galen	CL1	dzasum	30000	2026-10-09	f592badd	16.666	1.24848	0.67171	1.8587	2.6745	1.0121	1.6329
galen	CL1	dzasum	100000	2026-10-09	f592badd	16.666	1.43584	0.469525	3.0581	3.9410	1.0040	1.7997
galen	CL1	dzasum	300000	2026-10-09	f592badd	16.666	1.62128	2.05181	0.7902	1.0496	1.0196	2.8127
galen	CL1	dzasum	1000000	2026-10-09	f592badd	16.666	6.07066	2.99332	2.0281	2.5321	1.0294	1.1851
galen	CL1	zdotu	1000	2026-10-09	f592badd	16.666	1.45371	1.46167	0.9946	1.1169	1.0125	1.0263
galen	CL1	zdotu	3000	2026-10-09	f592badd	16.666	2.21259	2.21276	0.9999	1.0110	1.0020	1.0016
galen	CL1	zdotu	10000	2026-10-09	f592badd	16.666	2.23782	2.23997	0.9990	0.6163	1.0063	1.0039
galen	CL1	zdotu	30000	2026-10-09	f592badd	16.666	2.4673	2.46667	1.0003	0.2074	1.0038	1.0019
galen	CL1	zdotu	100000	2026-10-09	f592badd	16.666	2.49591	2.499	0.9988	0.2083	1.0054	1.0053
galen	CL1	zdotu	300000	2026-10-09	f592badd	16.666	2.96234	2.9372	1.0086	0.2911	1.0125	1.0160
galen	CL1	zdotu	1000000	2026-10-09	f592badd	16.666	15.1527	15.1765	0.9984	0.3391	1.0158	1.0132
galen	CL1	izamax	1000	2026-10-09	f592badd	16.666	3.34057	3.34279	0.9993	1.0963	1.0043	1.0036
galen	CL1	izamax	3000	2026-10-09	f592badd	16.666	3.25537	3.25498	1.0001	1.1098	1.0032	1.0059
galen	CL1	izamax	10000	2026-10-09	f592badd	16.666	3.20904	3.21116	0.9993	1.0457	1.0019	1.0038
galen	CL1	izamax	30000	2026-10-09	f592badd	16.666	3.29518	3.28197	1.0040	1.0622	1.0159	1.0093
galen	CL1	izamax	100000	2026-10-09	f592badd	16.666	3.28334	3.28246	1.0003	1.0775	1.0157	1.0161
galen	CL1	izamax	300000	2026-10-09	f592badd	16.666	3.69058	3.68896	1.0004	1.0548	1.0023	1.0037
galen	CL1	izamax	1000000	2026-10-09	f592badd	16.666	13.0726	13.0432	1.0023	1.1054	1.0210	1.0161
galen	CL2	zgemvN	50	2026-10-09	f592badd	13.387	10.8636	10.8661	0.9998	1.1053	1.0025	1.0021
galen	CL2	zgemvN	64	2026-10-09	f592badd	13.387	15.2493	15.2488	1.0000	1.1850	1.0055	1.0066
galen	CL2	zgemvN	100	2026-10-09	f592badd	13.387	35.204	35.0999	1.0030	0.6478	1.0075	1.0071
galen	CL2	zgemvN	128	2026-10-09	f592badd	13.387	58.6048	58.5613	1.0007	0.5016	1.0870	1.0543
galen	CL2	zgemvN	256	2026-10-09	f592badd	13.387	89.151	88.2145	1.0106	0.3002	1.0503	1.0786
galen	CL2	zgemvN	512	2026-10-09	f592badd	13.387	86.1318	86.1935	0.9993	0.3410	1.0189	1.0297
galen	CL2	zgemvN	1000	2026-10-09	f592badd	13.387	81.413	81.8201	0.9950	0.3199	1.0157	1.0054
galen	CL2	zgemvN	1024	2026-10-09	f592badd	13.387	84.7864	83.9559	1.0099	0.3297	1.0317	1.0156
galen	CL2	zgemvN	2048	2026-10-09	f592badd	13.387	121.688	122.151	0.9962	0.8637	1.0284	1.0129
galen	CL2	zgemvN	2100	2026-10-09	f592badd	13.387	121.349	121.773	0.9965	0.8779	1.0510	1.0167
galen	CL2	zgemvN	4096	2026-10-09	f592badd	13.387	209.184	208.945	1.0011	1.0040	1.0233	1.0230
galen	CL2	zgemvT	50	2026-10-09	f592badd	13.387	10.0499	10.0539	0.9996	1.1924	1.0053	1.0034
galen	CL2	zgemvT	64	2026-10-09	f592badd	13.387	15.0994	15.1337	0.9977	0.9028	1.0038	1.0068
galen	CL2	zgemvT	100	2026-10-09	f592badd	13.387	34.8927	34.2738	1.0181	0.5652	1.0392	1.0116
galen	CL2	zgemvT	128	2026-10-09	f592badd	13.387	58.9645	58.5841	1.0065	0.4267	1.0942	1.0511
galen	CL2	zgemvT	256	2026-10-09	f592badd	13.387	86.483	86.1914	1.0034	0.2199	1.0424	1.0458
galen	CL2	zgemvT	512	2026-10-09	f592badd	13.387	83.5157	83.6792	0.9980	0.2071	1.0054	1.0070
galen	CL2	zgemvT	1000	2026-10-09	f592badd	13.387	81.1293	81.0058	1.0015	0.2010	1.0030	1.0118
galen	CL2	zgemvT	1024	2026-10-09	f592badd	13.387	82.2257	82.3017	0.9991	0.2085	1.0127	1.0133
galen	CL2	zgemvT	2048	2026-10-09	f592badd	13.387	130.943	130.952	0.9999	0.7548	1.0081	1.0117
galen	CL2	zgemvT	2100	2026-10-09	f592badd	13.387	131.491	130.702	1.0060	0.7747	1.0302	1.0207
galen	CL2	zgemvT	4096	2026-10-09	f592badd	13.387	206.65	206.422	1.0011	1.0150	1.0191	1.0123
galen	CL2	zgemvC	50	2026-10-09	f592badd	13.387	10.0989	10.0943	1.0005	1.2740	1.0022	1.0031
galen	CL2	zgemvC	64	2026-10-09	f592badd	13.387	15.1492	15.1643	0.9990	0.9226	1.0051	1.0064
galen	CL2	zgemvC	100	2026-10-09	f592badd	13.387	34.5086	34.6361	0.9963	0.5759	1.0534	1.0627
galen	CL2	zgemvC	128	2026-10-09	f592badd	13.387	58.753	58.72	1.0006	0.4285	1.0206	1.0439
galen	CL2	zgemvC	256	2026-10-09	f592badd	13.387	87.356	87.2491	1.0012	0.2192	1.0705	1.0469
galen	CL2	zgemvC	512	2026-10-09	f592badd	13.387	83.9574	83.9766	0.9998	0.2096	1.0070	1.0093
galen	CL2	zgemvC	1000	2026-10-09	f592badd	13.387	80.754	80.5654	1.0023	0.2023	1.0038	1.0040
galen	CL2	zgemvC	1024	2026-10-09	f592badd	13.387	82.1609	81.9383	1.0027	0.2024	1.0145	1.0120
galen	CL2	zgemvC	2048	2026-10-09	f592badd	13.387	130.925	131.219	0.9978	0.7516	1.0279	1.0129
galen	CL2	zgemvC	2100	2026-10-09	f592badd	13.387	125.55	127.229	0.9868	0.7969	1.0275	1.0472
galen	CL2	zgemvC	4096	2026-10-09	f592badd	13.387	206.465	206.613	0.9993	1.0107	1.0197	1.0101
galen	CL2	zgeru	50	2026-10-09	f592badd	13.387	16.7191	16.6846	1.0021	1.2605	1.0329	1.0236
galen	CL2	zgeru	64	2026-10-09	f592badd	13.387	25.9626	25.9823	0.9992	1.2657	1.0471	1.0373
galen	CL2	zgeru	100	2026-10-09	f592badd	13.387	61.1716	61.4885	0.9948	0.3400	1.0166	1.0115
galen	CL2	zgeru	128	2026-10-09	f592badd	13.387	95.0857	94.2203	1.0092	0.2993	1.0277	1.0719
galen	CL2	zgeru	256	2026-10-09	f592badd	13.387	117.018	117.46	0.9962	0.1853	1.0636	1.0428
galen	CL2	zgeru	512	2026-10-09	f592badd	13.387	114.267	114.844	0.9950	0.1779	1.0176	1.0083
galen	CL2	zgeru	1000	2026-10-09	f592badd	13.387	116.332	115.519	1.0070	0.1748	1.0077	1.0054
galen	CL2	zgeru	1024	2026-10-09	f592badd	13.387	108.205	106.787	1.0133	0.1884	1.0362	1.0165
galen	CL2	zgeru	2048	2026-10-09	f592badd	13.387	234.132	234.254	0.9995	0.8178	1.0039	1.0223
galen	CL2	zgeru	2100	2026-10-09	f592badd	13.387	239.938	240.09	0.9994	0.8218	1.0072	1.0095
galen	CL2	zgeru	4096	2026-10-09	f592badd	13.387	378.027	378.001	1.0001	1.0002	1.0365	1.0330
galen	CL2	zhemv	50	2026-10-09	f592badd	13.387	21.2073	21.2116	0.9998	1.1174	1.0019	1.0045
galen	CL2	zhemv	64	2026-10-09	f592badd	13.387	30.1985	30.2133	0.9995	1.2398	1.0116	1.0068
galen	CL2	zhemv	100	2026-10-09	f592badd	13.387	59.353	59.4008	0.9992	1.3175	1.0087	1.0107
galen	CL2	zhemv	128	2026-10-09	f592badd	13.387	88.2079	88.0136	1.0022	1.2790	1.0132	1.0312
galen	CL2	zhemv	256	2026-10-09	f592badd	13.387	97.951	98.2809	0.9966	1.1224	1.0293	1.0275
galen	CL2	zhemv	512	2026-10-09	f592badd	13.387	85.4208	86.2689	0.9902	0.4092	1.0196	1.0184
galen	CL2	zhemv	1000	2026-10-09	f592badd	13.387	80.218	80.2163	1.0000	0.3973	1.0026	1.0013
galen	CL2	zhemv	1024	2026-10-09	f592badd	13.387	80.5804	80.8008	0.9973	0.3984	1.0085	1.0089
galen	CL2	zhemv	2048	2026-10-09	f592badd	13.387	88.8415	89.8414	0.9889	0.4085	1.0489	1.0370
galen	CL2	zhemv	2100	2026-10-09	f592badd	13.387	90.9543	92.4362	0.9840	0.4094	1.0365	1.0282
galen	CL2	zhemv	4096	2026-10-09	f592badd	13.387	125.5	122.549	1.0241	0.7544	1.0420	1.0555
galen	CL2	ztrmv	50	2026-10-09	f592badd	13.387	10.3957	10.416	0.9981	1.5736	1.0056	1.0080
galen	CL2	ztrmv	64	2026-10-09	f592badd	13.387	15.1045	15.1241	0.9987	1.5704	1.0164	1.0143
galen	CL2	ztrmv	100	2026-10-09	f592badd	13.387	31.0909	31.2455	0.9951	1.3370	1.0192	1.0314
galen	CL2	ztrmv	128	2026-10-09	f592badd	13.387	47.6309	47.7084	0.9984	0.6586	1.0474	1.0571
galen	CL2	ztrmv	256	2026-10-09	f592badd	13.387	73.9539	73.9836	0.9996	0.2605	1.0681	1.0351
galen	CL2	ztrmv	512	2026-10-09	f592badd	13.387	56.2747	55.9271	1.0062	0.2537	1.0306	1.0344
galen	CL2	ztrmv	1000	2026-10-09	f592badd	13.387	48.1802	48.1205	1.0012	0.2790	1.0073	1.0026
galen	CL2	ztrmv	1024	2026-10-09	f592badd	13.387	49.2255	49.2199	1.0001	0.2566	1.0056	1.0056
galen	CL2	ztrmv	2048	2026-10-09	f592badd	13.387	61.2278	61.0848	1.0023	0.3659	1.0063	1.0052
galen	CL2	ztrmv	2100	2026-10-09	f592badd	13.387	61.6428	61.7317	0.9986	0.4175	1.0116	1.0051
galen	CL2	ztrmv	4096	2026-10-09	f592badd	13.387	104.35	104.905	0.9947	0.8796	1.0110	1.0138
galen	CL2	ztrsv	50	2026-10-09	f592badd	13.387	16.244	16.2312	1.0008	1.3934	1.0032	1.0058
galen	CL2	ztrsv	64	2026-10-09	f592badd	13.387	22.5419	22.5316	1.0005	1.4210	1.0110	1.0074
galen	CL2	ztrsv	100	2026-10-09	f592badd	13.387	44.0395	44.0526	0.9997	1.2976	1.0246	1.0215
galen	CL2	ztrsv	128	2026-10-09	f592badd	13.387	64.4424	64.3895	1.0008	1.2798	1.0163	1.0210
galen	CL2	ztrsv	256	2026-10-09	f592badd	13.387	82.0952	82.9654	0.9895	1.0092	1.0466	1.0606
galen	CL2	ztrsv	512	2026-10-09	f592badd	13.387	60.2506	59.5863	1.0111	1.1283	1.0269	1.0237
galen	CL2	ztrsv	1000	2026-10-09	f592badd	13.387	50.4913	50.381	1.0022	1.0812	1.0148	1.0053
galen	CL2	ztrsv	1024	2026-10-09	f592badd	13.387	52.1186	52.0426	1.0015	1.0907	1.0045	1.0034
galen	CL2	ztrsv	2048	2026-10-09	f592badd	13.387	64.8666	65.0125	0.9978	1.1103	1.0036	1.0078
galen	CL2	ztrsv	2100	2026-10-09	f592badd	13.387	65.7993	65.7958	1.0001	1.1067	1.0039	1.0026
galen	CL2	ztrsv	4096	2026-10-09	f592badd	13.387	108.549	107.938	1.0057	1.0300	1.0366	1.0340
galen	CL2	zhpmv	50	2026-10-09	f592badd	13.387	22.9274	22.897	1.0013	0.9784	1.0140	1.0239
galen	CL2	zhpmv	64	2026-10-09	f592badd	13.387	33.6586	33.6141	1.0013	0.7579	1.0101	1.0092
galen	CL2	zhpmv	100	2026-10-09	f592badd	13.387	67.3927	67.4441	0.9992	0.5266	1.0078	1.0049
galen	CL2	zhpmv	128	2026-10-09	f592badd	13.387	100.136	100.056	1.0008	0.4547	1.0109	1.0232
galen	CL2	zhpmv	256	2026-10-09	f592badd	13.387	101.226	100.747	1.0048	0.2946	1.0180	1.0197
galen	CL2	zhpmv	512	2026-10-09	f592badd	13.387	89.039	88.787	1.0028	0.2700	1.0120	1.0107
galen	CL2	zhpmv	1000	2026-10-09	f592badd	13.387	88.5757	88.4712	1.0012	0.2502	1.0067	1.0095
galen	CL2	zhpmv	1024	2026-10-09	f592badd	13.387	88.3274	87.9596	1.0042	0.2591	1.0102	1.0107
galen	CL2	zhpmv	2048	2026-10-09	f592badd	13.387	107.375	107.331	1.0004	0.2622	1.0084	1.0075
galen	CL2	zhpmv	2100	2026-10-09	f592badd	13.387	109.874	109.919	0.9996	0.2636	1.0044	1.0062
galen	CL2	zhpmv	4096	2026-10-09	f592badd	13.387	165.303	165.127	1.0011	0.4742	1.0081	1.0203
galen	CL2	zgbmvN	50	2026-10-09	f592badd	13.387	13.403	13.4116	0.9994	1.3885	1.0396	1.0276
galen	CL2	zgbmvN	64	2026-10-09	f592badd	13.387	17.6189	17.6496	0.9983	1.3373	1.0172	1.0299
galen	CL2	zgbmvN	100	2026-10-09	f592badd	13.387	28.2708	28.6561	0.9866	1.2751	1.0310	1.0308
galen	CL2	zgbmvN	128	2026-10-09	f592badd	13.387	37.2664	36.8991	1.0100	1.2669	1.0451	1.0236
galen	CL2	zgbmvN	256	2026-10-09	f592badd	13.387	23.2507	23.2528	0.9999	1.2355	1.0308	1.0141
galen	CL2	zgbmvN	512	2026-10-09	f592badd	13.387	11.7373	11.7433	0.9995	0.4889	1.0099	1.0058
galen	CL2	zgbmvN	1000	2026-10-09	f592badd	13.387	6.35474	6.35878	0.9994	0.4464	1.0068	1.0043
galen	CL2	zgbmvN	1024	2026-10-09	f592badd	13.387	6.20951	6.21386	0.9993	0.4559	1.0127	1.0036
galen	CL2	zgbmvN	2048	2026-10-09	f592badd	13.387	3.04775	3.04845	0.9998	0.4651	1.0153	1.0061
galen	CL2	zgbmvN	2100	2026-10-09	f592badd	13.387	2.95442	2.95575	0.9995	0.4680	1.0022	1.0028
galen	CL2	zgbmvN	4096	2026-10-09	f592badd	13.387	1.92259	1.92196	1.0003	0.4503	1.0025	1.0024
galen	CL2	zhbmv	50	2026-10-09	f592badd	13.387	17.6978	17.6761	1.0012	1.4086	1.0062	1.0116
galen	CL2	zhbmv	64	2026-10-09	f592badd	13.387	22.9066	22.8896	1.0007	1.3938	1.0398	1.0085
galen	CL2	zhbmv	100	2026-10-09	f592badd	13.387	36.4864	36.4707	1.0004	1.3686	1.0319	1.0101
galen	CL2	zhbmv	128	2026-10-09	f592badd	13.387	47.1428	47.392	0.9947	1.3561	1.0201	1.0251
galen	CL2	zhbmv	256	2026-10-09	f592badd	13.387	29.2696	29.2716	0.9999	1.3548	1.0044	1.0088
galen	CL2	zhbmv	512	2026-10-09	f592badd	13.387	14.7469	14.7491	0.9998	1.3409	1.0045	1.0049
galen	CL2	zhbmv	1000	2026-10-09	f592badd	13.387	7.58364	7.58226	1.0002	1.3466	1.0048	1.0042
galen	CL2	zhbmv	1024	2026-10-09	f592badd	13.387	7.39546	7.40682	0.9985	1.3438	1.0028	1.0040
galen	CL2	zhbmv	2048	2026-10-09	f592badd	13.387	3.75142	3.75511	0.9990	1.3435	1.0064	1.0024
galen	CL2	zhbmv	2100	2026-10-09	f592badd	13.387	3.63415	3.63351	1.0002	1.3510	1.0054	1.0045
galen	CL2	zhbmv	4096	2026-10-09	f592badd	13.387	2.36287	2.36279	1.0000	1.3520	1.0018	1.0021
galen	CL3	zgemm	8	2026-10-10	f592badd	16.031	0.0720616	0.072266	0.9972	2.1052	1.0182	1.0060
galen	CL3	zgemm	32	2026-10-10	f592badd	16.031	3.64213	3.63144	1.0029	0.9816	1.0090	1.0127
galen	CL3	zgemm	50	2026-10-10	f592badd	16.031	3.49398	3.49362	1.0001	0.3451	1.0030	1.0044
galen	CL3	zgemm	100	2026-10-10	f592badd	16.031	2.7477	1.74579	1.5739	0.3955	1.0020	1.7103
galen	CL3	zgemm	128	2026-10-10	f592badd	16.031	2.42617	2.25522	1.0758	0.3282	1.0033	1.6178
galen	CL3	zgemm	256	2026-10-10	f592badd	16.031	2.00754	0.876599	2.2901	0.5591	1.0031	1.6992
galen	CL3	zgemm	512	2026-10-10	f592badd	16.031	15.399	7.90351	1.9484	0.4415	1.0035	1.3815
galen	CL3	zgemm	1000	2026-10-10	f592badd	16.031	115.539	49.1682	2.3499	0.5156	1.0009	1.6088
galen	CL3	zgemm	1024	2026-10-10	f592badd	16.031	123.901	52.5267	2.3588	0.5178	1.0010	1.5807
galen	CL3	zgemm	2048	2026-10-10	f592badd	16.031	973.554	365.118	2.6664	0.5866	1.0006	1.7407
galen	CL3	zhemm	8	2026-10-10	f592badd	16.031	0.128228	0.128477	0.9981	1.0979	1.0299	1.0076
galen	CL3	zhemm	32	2026-10-10	f592badd	16.031	4.21866	4.21617	1.0006	0.5998	1.0089	1.0090
galen	CL3	zhemm	50	2026-10-10	f592badd	16.031	4.06662	4.09334	0.9935	0.3770	1.0187	1.0166
galen	CL3	zhemm	100	2026-10-10	f592badd	16.031	2.85945	2.8599	0.9998	0.2916	1.0008	1.0013
galen	CL3	zhemm	128	2026-10-10	f592badd	16.031	2.53036	2.5296	1.0003	0.2801	1.0012	1.0008
galen	CL3	zhemm	256	2026-10-10	f592badd	16.031	2.0957	2.09519	1.0002	0.2375	1.0013	1.0012
galen	CL3	zhemm	512	2026-10-10	f592badd	16.031	15.8913	15.8871	1.0003	0.2195	1.0010	1.0009
galen	CL3	zhemm	1000	2026-10-10	f592badd	16.031	115.817	115.84	0.9998	0.2179	1.0006	1.0004
galen	CL3	zhemm	1024	2026-10-10	f592badd	16.031	125.364	125.388	0.9998	0.2165	1.0004	1.0005
galen	CL3	zhemm	2048	2026-10-10	f592badd	16.031	982.54	983.074	0.9995	0.2175	1.0013	1.0004
galen	CL3	zsymm	8	2026-10-10	f592badd	16.031	0.11289	0.112185	1.0063	1.2273	1.0107	1.0155
galen	CL3	zsymm	32	2026-10-10	f592badd	16.031	4.16051	4.11073	1.0121	0.5975	1.0326	1.0202
galen	CL3	zsymm	50	2026-10-10	f592badd	16.031	4.01891	4.02118	0.9994	0.3801	1.0023	1.0037
galen	CL3	zsymm	100	2026-10-10	f592badd	16.031	2.8593	2.85911	1.0001	0.3465	1.0012	1.0008
galen	CL3	zsymm	128	2026-10-10	f592badd	16.031	2.53759	2.53701	1.0002	0.2802	1.0015	1.0029
galen	CL3	zsymm	256	2026-10-10	f592badd	16.031	2.10427	2.10419	1.0000	0.2333	1.0005	1.0007
galen	CL3	zsymm	512	2026-10-10	f592badd	16.031	15.7737	15.7749	0.9999	0.2201	1.0006	1.0010
galen	CL3	zsymm	1000	2026-10-10	f592badd	16.031	115.88	115.882	1.0000	0.2179	1.0003	1.0003
galen	CL3	zsymm	1024	2026-10-10	f592badd	16.031	125.482	125.472	1.0001	0.2152	1.0015	1.0007
galen	CL3	zsymm	2048	2026-10-10	f592badd	16.031	983.482	982.932	1.0006	0.2177	1.0007	1.0008
galen	CL3	zsyrk	8	2026-10-10	f592badd	16.031	0.0952458	0.0952079	1.0004	1.8456	1.0066	1.0024
galen	CL3	zsyrk	32	2026-10-10	f592badd	16.031	2.54938	2.55178	0.9991	0.8377	1.0111	1.0109
galen	CL3	zsyrk	50	2026-10-10	f592badd	16.031	2.54494	2.5441	1.0003	0.5150	1.0041	1.0037
galen	CL3	zsyrk	100	2026-10-10	f592badd	16.031	1.86122	1.85791	1.0018	0.3099	1.0033	1.0065
galen	CL3	zsyrk	128	2026-10-10	f592badd	16.031	1.61108	1.61128	0.9999	0.3072	1.0025	1.0034
galen	CL3	zsyrk	256	2026-10-10	f592badd	16.031	1.1985	1.1994	0.9992	0.2648	1.0020	1.0027
galen	CL3	zsyrk	512	2026-10-10	f592badd	16.031	8.87272	8.87499	0.9997	0.2336	1.0019	1.0019
galen	CL3	zsyrk	1000	2026-10-10	f592badd	16.031	64.5333	64.5351	1.0000	0.2083	1.0010	1.0007
galen	CL3	zsyrk	1024	2026-10-10	f592badd	16.031	69.5314	69.5181	1.0002	0.2148	1.0009	1.0008
galen	CL3	zsyrk	2048	2026-10-10	f592badd	16.031	567.644	567.733	0.9998	0.1969	1.0075	1.0047
galen	CL3	zherk	8	2026-10-10	f592badd	16.031	0.0954354	0.0954718	0.9996	1.7581	1.1741	1.0042
galen	CL3	zherk	32	2026-10-10	f592badd	16.031	2.53944	2.53242	1.0028	1.1861	1.0169	1.0150
galen	CL3	zherk	50	2026-10-10	f592badd	16.031	2.54619	2.54159	1.0018	0.5166	1.0035	1.0040
galen	CL3	zherk	100	2026-10-10	f592badd	16.031	1.85379	1.85409	0.9998	0.4716	1.0043	1.0034
galen	CL3	zherk	128	2026-10-10	f592badd	16.031	1.62155	1.62232	0.9995	0.3667	1.0017	1.0026
galen	CL3	zherk	256	2026-10-10	f592badd	16.031	1.2053	1.20512	1.0002	0.2879	1.0033	1.0034
galen	CL3	zherk	512	2026-10-10	f592badd	16.031	8.90171	8.90176	1.0000	0.2469	1.0021	1.0018
galen	CL3	zherk	1000	2026-10-10	f592badd	16.031	64.6205	64.6223	1.0000	0.2165	1.0010	1.0010
galen	CL3	zherk	1024	2026-10-10	f592badd	16.031	69.6215	69.6409	0.9997	0.2186	1.0011	1.0010
galen	CL3	zherk	2048	2026-10-10	f592badd	16.031	568.346	568.325	1.0000	0.1982	1.0006	1.0006
galen	CL3	zher2k	8	2026-10-10	f592badd	16.031	0.171791	0.17136	1.0025	1.3766	1.0060	1.0040
galen	CL3	zher2k	32	2026-10-10	f592badd	16.031	4.73514	4.71419	1.0044	0.5393	1.0177	1.0138
galen	CL3	zher2k	50	2026-10-10	f592badd	16.031	4.84318	4.83199	1.0023	0.3999	1.0142	1.0080
galen	CL3	zher2k	100	2026-10-10	f592badd	16.031	3.55679	3.55492	1.0005	0.3256	1.0014	1.0016
galen	CL3	zher2k	128	2026-10-10	f592badd	16.031	3.38863	3.38813	1.0001	0.2648	1.0024	1.0015
galen	CL3	zher2k	256	2026-10-10	f592badd	16.031	2.39896	2.39917	0.9999	0.2493	1.0019	1.0017
galen	CL3	zher2k	512	2026-10-10	f592badd	16.031	17.6598	17.6605	1.0000	0.2240	1.0021	1.0018
galen	CL3	zher2k	1000	2026-10-10	f592badd	16.031	129.611	129.662	0.9996	0.2086	1.0032	1.0036
galen	CL3	zher2k	1024	2026-10-10	f592badd	16.031	139.188	139.11	1.0006	0.2100	1.0019	1.0048
galen	CL3	zher2k	2048	2026-10-10	f592badd	16.031	1137.78	1138.16	0.9997	0.1938	1.0009	1.0024
galen	CL3	zsyr2k	8	2026-10-10	f592badd	16.031	0.164847	0.164959	0.9993	1.4044	1.0110	1.0268
galen	CL3	zsyr2k	32	2026-10-10	f592badd	16.031	4.7439	4.72214	1.0046	0.5407	1.0337	1.0188
galen	CL3	zsyr2k	50	2026-10-10	f592badd	16.031	4.88931	4.88161	1.0016	0.3961	1.0082	1.0093
galen	CL3	zsyr2k	100	2026-10-10	f592badd	16.031	3.6582	3.65766	1.0001	0.3144	1.0028	1.0017
galen	CL3	zsyr2k	128	2026-10-10	f592badd	16.031	3.40376	3.4055	0.9995	0.2614	1.0017	1.0023
galen	CL3	zsyr2k	256	2026-10-10	f592badd	16.031	2.39047	2.38976	1.0003	0.2454	1.0011	1.0009
galen	CL3	zsyr2k	512	2026-10-10	f592badd	16.031	17.6181	17.615	1.0002	0.2234	1.0012	1.0032
galen	CL3	zsyr2k	1000	2026-10-10	f592badd	16.031	129.673	129.856	0.9986	0.2069	1.0082	1.0097
galen	CL3	zsyr2k	1024	2026-10-10	f592badd	16.031	139.169	139.103	1.0005	0.2099	1.0040	1.0028
galen	CL3	zsyr2k	2048	2026-10-10	f592badd	16.031	1135.18	1134.49	1.0006	0.1956	1.0052	1.0013
galen	CL3	ztrmm	8	2026-10-10	f592badd	16.031	0.0866066	0.0867922	0.9979	1.4755	1.0117	1.0064
galen	CL3	ztrmm	32	2026-10-10	f592badd	16.031	2.51286	2.52279	0.9961	0.5711	1.0103	1.0144
galen	CL3	ztrmm	50	2026-10-10	f592badd	16.031	2.89715	2.89299	1.0014	0.3506	1.0221	1.0235
galen	CL3	ztrmm	100	2026-10-10	f592badd	16.031	1.99382	1.99435	0.9997	0.2633	1.0017	1.0012
galen	CL3	ztrmm	128	2026-10-10	f592badd	16.031	1.77797	1.7775	1.0003	0.2480	1.0010	1.0011
galen	CL3	ztrmm	256	2026-10-10	f592badd	16.031	1.29056	1.29035	1.0002	0.2271	1.0022	1.0010
galen	CL3	ztrmm	512	2026-10-10	f592badd	16.031	9.22731	9.22756	1.0000	0.2148	1.0015	1.0017
galen	CL3	ztrmm	1000	2026-10-10	f592badd	16.031	64.9017	64.9089	0.9999	0.2096	1.0004	1.0004
galen	CL3	ztrmm	1024	2026-10-10	f592badd	16.031	69.3227	69.3254	1.0000	0.2108	1.0005	1.0005
galen	CL3	ztrmm	2048	2026-10-10	f592badd	16.031	533.975	533.767	1.0004	0.2058	1.0005	1.0008
galen	CL3	ztrsm	8	2026-10-10	f592badd	16.031	0.107304	0.107294	1.0001	1.9622	1.0181	1.0099
galen	CL3	ztrsm	32	2026-10-10	f592badd	16.031	2.65914	2.67086	0.9956	0.7157	1.0857	1.0246
galen	CL3	ztrsm	50	2026-10-10	f592badd	16.031	2.82973	2.82706	1.0009	0.4799	1.0080	1.0073
galen	CL3	ztrsm	100	2026-10-10	f592badd	16.031	1.77253	1.77228	1.0001	0.3883	1.0039	1.0039
galen	CL3	ztrsm	128	2026-10-10	f592badd	16.031	1.64076	1.64061	1.0001	0.3397	1.0035	1.0033
galen	CL3	ztrsm	256	2026-10-10	f592badd	16.031	1.29268	1.29233	1.0003	0.2555	1.0032	1.0035
galen	CL3	ztrsm	512	2026-10-10	f592badd	16.031	9.25439	9.25277	1.0002	0.2287	1.0012	1.0014
galen	CL3	ztrsm	1000	2026-10-10	f592badd	16.031	64.7245	64.7398	0.9998	0.2215	1.0005	1.0006
galen	CL3	ztrsm	1024	2026-10-10	f592badd	16.031	69.5751	69.603	0.9996	0.2187	1.0012	1.0016
galen	CL3	ztrsm	2048	2026-10-10	f592badd	16.031	533.992	533.695	1.0006	0.2120	1.0007	1.0009
galen	CL3	ztrmmR	8	2026-10-10	f592badd	16.031	0.0870857	0.0869831	1.0012	1.5535	1.0043	1.0107
galen	CL3	ztrmmR	32	2026-10-10	f592badd	16.031	2.67151	2.6792	0.9971	0.6604	1.0114	1.0118
galen	CL3	ztrmmR	50	2026-10-10	f592badd	16.031	2.79412	2.79545	0.9995	0.4215	1.0043	1.0041
galen	CL3	ztrmmR	100	2026-10-10	f592badd	16.031	1.84214	1.84208	1.0000	0.3288	1.0021	1.0025
galen	CL3	ztrmmR	128	2026-10-10	f592badd	16.031	1.67319	1.67361	0.9997	0.3049	1.0012	1.0005
galen	CL3	ztrmmR	256	2026-10-10	f592badd	16.031	1.26968	1.26981	0.9999	0.2422	1.0008	1.0011
galen	CL3	ztrmmR	512	2026-10-10	f592badd	16.031	9.04912	9.04877	1.0000	0.2142	1.0004	1.0013
galen	CL3	ztrmmR	1000	2026-10-10	f592badd	16.031	63.2784	63.2747	1.0001	0.2110	1.0005	1.0004
galen	CL3	ztrmmR	1024	2026-10-10	f592badd	16.031	68.3741	68.3784	0.9999	0.2080	1.0006	1.0006
galen	CL3	ztrmmR	2048	2026-10-10	f592badd	16.031	523.227	523.385	0.9997	0.2091	1.0009	1.0005
galen	CL3	ztrsmR	8	2026-10-10	f592badd	16.031	0.0867318	0.0865844	1.0017	2.0658	1.0184	1.0066
galen	CL3	ztrsmR	32	2026-10-10	f592badd	16.031	2.536	2.51393	1.0088	0.9028	1.0764	1.0751
galen	CL3	ztrsmR	50	2026-10-10	f592badd	16.031	2.56356	2.56188	1.0007	0.5885	1.0042	1.0040
galen	CL3	ztrsmR	100	2026-10-10	f592badd	16.031	2.01846	2.01837	1.0000	0.3753	1.0010	1.0010
galen	CL3	ztrsmR	128	2026-10-10	f592badd	16.031	1.7376	1.73701	1.0003	0.3317	1.0013	1.0014
galen	CL3	ztrsmR	256	2026-10-10	f592badd	16.031	1.32647	1.32715	0.9995	0.2329	1.0020	1.0016
galen	CL3	ztrsmR	512	2026-10-10	f592badd	16.031	9.4003	9.39995	1.0000	0.2132	1.0004	1.0006
galen	CL3	ztrsmR	1000	2026-10-10	f592badd	16.031	64.5527	64.557	0.9999	0.2188	1.0003	1.0006
galen	CL3	ztrsmR	1024	2026-10-10	f592badd	16.031	69.7445	69.7438	1.0000	0.2240	1.0005	1.0004
galen	CL3	ztrsmR	2048	2026-10-10	f592badd	16.031	528.514	528.576	0.9999	0.2061	1.0004	1.0011
galen	CLP	zpotrf	8	2026-10-10	f592badd	15.411	0.105612	0.105639	0.9997	1.6511	1.0073	1.0058
galen	CLP	zpotrf	32	2026-10-10	f592badd	15.411	1.52937	1.54765	0.9882	1.2406	1.0172	1.0081
galen	CLP	zpotrf	50	2026-10-10	f592badd	15.411	1.62201	1.62411	0.9987	1.1058	1.0344	1.0307
galen	CLP	zpotrf	100	2026-10-10	f592badd	15.411	0.949544	0.925253	1.0263	0.9451	1.0351	1.0386
galen	CLP	zpotrf	128	2026-10-10	f592badd	15.411	0.813494	0.8135	1.0000	0.7588	1.0372	1.0358
galen	CLP	zpotrf	256	2026-10-10	f592badd	15.411	0.582237	0.582407	0.9997	0.4781	1.0112	1.0060
galen	CLP	zpotrf	512	2026-10-10	f592badd	15.411	3.73138	3.73143	1.0000	0.3573	1.0021	1.0020
galen	CLP	zpotrf	1000	2026-10-10	f592badd	15.411	25.1712	25.1711	1.0000	0.2539	1.0008	1.0008
galen	CLP	zpotrf	1024	2026-10-10	f592badd	15.411	27.041	27.0533	0.9995	0.2615	1.0025	1.0008
galen	CLP	zpotrf	2048	2026-10-10	f592badd	15.411	207.64	207.847	0.9990	0.2250	1.0043	1.0018
galen	CLP	zpotrfU	8	2026-10-10	f592badd	15.411	0.11423	0.114446	0.9981	1.3245	1.0038	1.0069
galen	CLP	zpotrfU	32	2026-10-10	f592badd	15.411	2.02342	2.03069	0.9964	1.1339	1.0451	1.0540
galen	CLP	zpotrfU	50	2026-10-10	f592badd	15.411	1.92804	1.92996	0.9990	1.0770	1.0426	1.0416
galen	CLP	zpotrfU	100	2026-10-10	f592badd	15.411	1.09774	1.09804	0.9997	0.7280	1.0019	1.0029
galen	CLP	zpotrfU	128	2026-10-10	f592badd	15.411	0.872831	0.873575	0.9991	0.6245	1.0018	1.0335
galen	CLP	zpotrfU	256	2026-10-10	f592badd	15.411	0.6121	0.612523	0.9993	0.5024	1.0142	1.0115
galen	CLP	zpotrfU	512	2026-10-10	f592badd	15.411	3.88733	3.88737	1.0000	0.2993	1.0009	1.0011
galen	CLP	zpotrfU	1000	2026-10-10	f592badd	15.411	26.3089	26.3139	0.9998	0.2335	1.0024	1.0020
galen	CLP	zpotrfU	1024	2026-10-10	f592badd	15.411	28.4593	28.4979	0.9986	0.2363	1.0082	1.0092
galen	CLP	zpotrfU	2048	2026-10-10	f592badd	15.411	216.635	216.32	1.0015	0.2036	1.0010	1.0020
galen	CLP	zgeqrf	8	2026-10-10	f592badd	15.411	0.469069	0.469188	0.9997	2.0170	1.0059	1.0082
galen	CLP	zgeqrf	32	2026-10-10	f592badd	15.411	5.79266	5.79275	1.0000	1.6394	1.0075	1.0079
galen	CLP	zgeqrf	50	2026-10-10	f592badd	15.411	5.09976	5.10019	0.9999	1.5248	1.0055	1.0046
galen	CLP	zgeqrf	100	2026-10-10	f592badd	15.411	3.63505	3.63502	1.0000	1.4919	1.0008	1.0006
galen	CLP	zgeqrf	128	2026-10-10	f592badd	15.411	3.13929	3.13823	1.0003	1.4588	1.0027	1.0019
galen	CLP	zgeqrf	256	2026-10-10	f592badd	15.411	2.52778	2.53118	0.9987	0.7889	1.0064	1.0089
galen	CLP	zgeqrf	512	2026-10-10	f592badd	15.411	14.794	8.64218	1.7118	0.9452	1.0037	1.3422
galen	CLP	zgeqrf	1000	2026-10-10	f592badd	15.411	102.778	53.4613	1.9225	0.5441	1.0004	1.0972
galen	CLP	zgeqrf	1024	2026-10-10	f592badd	15.411	110.636	58.2185	1.9004	0.6659	1.0017	1.0724
galen	CLP	zgeqrf	2048	2026-10-10	f592badd	15.411	833.772	547.289	1.5235	0.4508	1.0007	1.1057
galen	CLP	zgetrf	8	2026-10-10	f592badd	15.411	0.176595	0.176566	1.0002	1.2279	1.0080	1.0084
galen	CLP	zgetrf	32	2026-10-10	f592badd	15.411	2.61479	2.61464	1.0001	1.2673	1.0154	1.0058
galen	CLP	zgetrf	50	2026-10-10	f592badd	15.411	2.29932	2.29787	1.0006	1.2425	1.0026	1.0056
galen	CLP	zgetrf	100	2026-10-10	f592badd	15.411	1.82614	1.82546	1.0004	0.9904	1.0019	1.0027
galen	CLP	zgetrf	128	2026-10-10	f592badd	15.411	1.5696	1.56946	1.0001	0.7047	1.0022	1.0019
galen	CLP	zgetrf	256	2026-10-10	f592badd	15.411	1.12407	1.12497	0.9992	0.5362	1.0023	1.0029
galen	CLP	zgetrf	512	2026-10-10	f592badd	15.411	7.0976	7.0763	1.0030	0.3825	1.0029	1.0119
galen	CLP	zgetrf	1000	2026-10-10	f592badd	15.411	46.4865	47.9431	0.9696	0.2467	1.0008	1.0258
galen	CLP	zgetrf	1024	2026-10-10	f592badd	15.411	52.2568	53.2439	0.9815	0.2430	1.0025	1.0085
galen	CLP	zgetrf	2048	2026-10-10	f592badd	15.411	392.366	393.542	0.9970	0.2164	1.0013	1.0028
galen	CLP	zgesvd	8	2026-10-10	f592badd	15.411	2.12812	2.12748	1.0003	1.8929	1.0024	1.0031
galen	CLP	zgesvd	32	2026-10-10	f592badd	15.411	30.0412	30.0341	1.0002	1.2102	1.0009	1.0010
galen	CLP	zgesvd	50	2026-10-10	f592badd	15.411	23.3493	23.3432	1.0003	1.1149	1.0012	1.0009
galen	CLP	zgesvd	100	2026-10-10	f592badd	15.411	12.6838	12.6774	1.0005	1.1855	1.0020	1.0027
galen	CLP	zgesvd	128	2026-10-10	f592badd	15.411	10.2879	10.2881	1.0000	1.2412	1.0016	1.0021
galen	CLP	zgesvd	256	2026-10-10	f592badd	15.411	7.28216	7.28324	0.9999	1.0770	1.0030	1.0034
galen	CLP	zgesvd	512	2026-10-10	f592badd	15.411	47.9045	40.5721	1.1807	0.8059	1.0015	1.0674
galen	CLP	zgesvd	1000	2026-10-10	f592badd	15.411	310.041	230.468	1.3453	0.4719	1.0023	1.1083
galen	CLP	zgesvd	1024	2026-10-10	f592badd	15.411	343.65	258.336	1.3302	0.5936	1.0014	1.1012
galen	CLP	zgesvd	2048	2026-10-10	f592badd	15.411	2889.46	2337.42	1.2362	0.6597	1.0024	1.0634
galen	CLP	zheev	8	2026-10-10	f592badd	15.411	2.69216	2.69298	0.9997	1.7596	1.0060	1.0064
galen	CLP	zheev	32	2026-10-10	f592badd	15.411	42.637	42.6499	0.9997	1.3526	1.0012	1.0023
galen	CLP	zheev	50	2026-10-10	f592badd	15.411	34.119	34.1437	0.9993	1.3542	1.0040	1.0034
galen	CLP	zheev	100	2026-10-10	f592badd	15.411	18.7089	18.7142	0.9997	1.4054	1.0030	1.0040
galen	CLP	zheev	128	2026-10-10	f592badd	15.411	15.2451	15.2494	0.9997	1.2832	1.0006	1.0098
galen	CLP	zheev	256	2026-10-10	f592badd	15.411	9.59909	9.25713	1.0369	0.9208	1.0021	1.0999
galen	CLP	zheev	512	2026-10-10	f592badd	15.411	55.9609	65.9624	0.8484	0.5366	1.0033	1.1029
galen	CLP	zheev	1000	2026-10-10	f592badd	15.411	352.712	243.386	1.4492	0.6990	1.0029	1.0537
galen	CLP	zheev	1024	2026-10-10	f592badd	15.411	389.294	275.439	1.4134	0.6891	1.0170	1.0869
galen	CLP	zheev	2048	2026-10-10	f592badd	15.411	3022.51	2211.97	1.3664	1.3246	1.0198	1.0403
galen	CLP	zheevN	8	2026-10-10	f592badd	15.411	1.66967	1.66987	0.9999	1.5228	1.0026	1.0013
galen	CLP	zheevN	32	2026-10-10	f592badd	15.411	24.6135	24.6159	0.9999	1.1905	1.0013	1.0015
galen	CLP	zheevN	50	2026-10-10	f592badd	15.411	18.0985	18.0998	0.9999	1.2165	1.0056	1.0055
galen	CLP	zheevN	100	2026-10-10	f592badd	15.411	9.31876	9.31915	1.0000	1.2247	1.0010	1.0013
galen	CLP	zheevN	128	2026-10-10	f592badd	15.411	7.24721	7.25095	0.9995	1.2148	1.0021	1.0019
galen	CLP	zheevN	256	2026-10-10	f592badd	15.411	4.45152	4.44857	1.0007	1.1785	1.0075	1.0101
galen	CLP	zheevN	512	2026-10-10	f592badd	15.411	26.2086	26.2063	1.0001	0.7791	1.0048	1.0042
galen	CLP	zheevN	1000	2026-10-10	f592badd	15.411	155.41	155.451	0.9997	0.4639	1.0023	1.0014
galen	CLP	zheevN	1024	2026-10-10	f592badd	15.411	167.606	167.66	0.9997	0.4623	1.0037	1.0050
galen	CLP	zheevN	2048	2026-10-10	f592badd	15.411	1235.72	1234.23	1.0012	0.3541	1.0045	1.0041
galen	DL1	daxpy1	1000	2026-10-10	f592badd	16.301	1.77238	1.77225	1.0001		1.0066	1.0041
galen	DL1	daxpy1	3000	2026-10-10	f592badd	16.301	2.20805	2.20953	0.9993		1.0025	1.0030
galen	DL1	daxpy1	10000	2026-10-10	f592badd	16.301	2.21715	2.22035	0.9986		1.0119	1.0220
galen	DL1	daxpy1	30000	2026-10-10	f592badd	16.301	2.47004	2.4698	1.0001		1.0036	1.0023
galen	DL1	daxpy1	100000	2026-10-10	f592badd	16.301	2.50984	2.51053	0.9997		1.0018	1.0027
galen	DL1	daxpy1	300000	2026-10-10	f592badd	16.301	2.98199	2.96726	1.0050		1.0561	1.0303
galen	DL1	daxpy1	1000000	2026-10-10	f592badd	16.301	15.4329	15.4013	1.0021		1.0850	1.0448
galen	DL1	dscal1	1000	2026-10-10	f592badd	16.301	1.38276	1.38246	1.0002		1.0194	1.0137
galen	DL1	dscal1	3000	2026-10-10	f592badd	16.301	1.59135	1.59204	0.9996		1.0093	1.0096
galen	DL1	dscal1	10000	2026-10-10	f592badd	16.301	1.58956	1.59121	0.9990		1.0014	1.0091
galen	DL1	dscal1	30000	2026-10-10	f592badd	16.301	1.71518	1.71389	1.0008		1.0359	1.0403
galen	DL1	dscal1	100000	2026-10-10	f592badd	16.301	1.876	1.87627	0.9999		1.0024	1.0014
galen	DL1	dscal1	300000	2026-10-10	f592badd	16.301	2.14757	2.14068	1.0032		1.0123	1.0281
galen	DL1	dscal1	1000000	2026-10-10	f592badd	16.301	7.73191	7.75075	0.9976		1.0293	1.0141
galen	DL1	ddot1	1000	2026-10-10	f592badd	16.301	1.44444	1.45365	0.9937		1.0256	1.0359
galen	DL1	ddot1	3000	2026-10-10	f592badd	16.301	2.21184	2.21211	0.9999		1.0025	1.0022
galen	DL1	ddot1	10000	2026-10-10	f592badd	16.301	2.2384	2.24099	0.9988		1.0069	1.0066
galen	DL1	ddot1	30000	2026-10-10	f592badd	16.301	2.45984	2.4601	0.9999		1.0035	1.0018
galen	DL1	ddot1	100000	2026-10-10	f592badd	16.301	2.49573	2.49494	1.0003		1.0056	1.0046
galen	DL1	ddot1	300000	2026-10-10	f592badd	16.301	2.93477	2.93571	0.9997		1.0103	1.0132
galen	DL1	ddot1	1000000	2026-10-10	f592badd	16.301	14.8474	14.8985	0.9966		1.0409	1.0112
galen	DL1	dnrm21	1000	2026-10-10	f592badd	16.301	0.957518	0.957378	1.0001		1.0160	1.0023
galen	DL1	dnrm21	3000	2026-10-10	f592badd	16.301	1.11872	1.11871	1.0000		1.0004	1.0003
galen	DL1	dnrm21	10000	2026-10-10	f592badd	16.301	1.10426	1.1044	0.9999		1.0052	1.0028
galen	DL1	dnrm21	30000	2026-10-10	f592badd	16.301	1.28342	1.28233	1.0008		1.0084	1.0080
galen	DL1	dnrm21	100000	2026-10-10	f592badd	16.301	1.48573	1.48667	0.9994		1.0055	1.0040
galen	DL1	dnrm21	300000	2026-10-10	f592badd	16.301	1.7069	1.70466	1.0013		1.0503	1.0694
galen	DL1	dnrm21	1000000	2026-10-10	f592badd	16.301	6.59593	6.55303	1.0065		1.0434	1.0317
galen	DL1	dasum1	1000	2026-10-10	f592badd	16.301	1.49931	1.50047	0.9992		1.0033	1.0061
galen	DL1	dasum1	3000	2026-10-10	f592badd	16.301	1.57511	1.57266	1.0016		1.0051	1.0141
galen	DL1	dasum1	10000	2026-10-10	f592badd	16.301	1.5673	1.56478	1.0016		1.0063	1.0076
galen	DL1	dasum1	30000	2026-10-10	f592badd	16.301	1.6719	1.66443	1.0045		1.0139	1.0111
galen	DL1	dasum1	100000	2026-10-10	f592badd	16.301	1.83589	1.83993	0.9978		1.0136	1.0479
galen	DL1	dasum1	300000	2026-10-10	f592badd	16.301	2.09477	2.08722	1.0036		1.0239	1.0202
galen	DL1	dasum1	1000000	2026-10-10	f592badd	16.301	7.73054	7.70887	1.0028		1.0429	1.0092
galen	DL1	diamax1	1000	2026-10-10	f592badd	16.301	2.97602	2.97545	1.0002		1.0049	1.0020
galen	DL1	diamax1	3000	2026-10-10	f592badd	16.301	2.98023	2.98039	0.9999		1.0088	1.0088
galen	DL1	diamax1	10000	2026-10-10	f592badd	16.301	2.95817	2.95738	1.0003		1.0013	1.0022
galen	DL1	diamax1	30000	2026-10-10	f592badd	16.301	3.01945	3.01479	1.0015		1.0076	1.0035
galen	DL1	diamax1	100000	2026-10-10	f592badd	16.301	3.02249	3.02	1.0008		1.0166	1.0052
galen	DL1	diamax1	300000	2026-10-10	f592badd	16.301	3.43237	3.43381	0.9996		1.0219	1.0477
galen	DL1	diamax1	1000000	2026-10-10	f592badd	16.301	12.0329	12.0425	0.9992		1.0115	1.0081
galen	DL2	dgemvN1	50	2026-10-10	f592badd	16.682	10.3593	10.3531	1.0006		1.0133	1.0113
galen	DL2	dgemvN1	64	2026-10-10	f592badd	16.682	14.8995	14.885	1.0010		1.0092	1.0093
galen	DL2	dgemvN1	100	2026-10-10	f592badd	16.682	34.6842	34.4636	1.0064		1.0161	1.0127
galen	DL2	dgemvN1	128	2026-10-10	f592badd	16.682	59.1722	58.5287	1.0110		1.0920	1.0780
galen	DL2	dgemvN1	256	2026-10-10	f592badd	16.682	89.2438	88.9261	1.0036		1.0637	1.0913
galen	DL2	dgemvN1	512	2026-10-10	f592badd	16.682	85.3874	85.3273	1.0007		1.0306	1.0292
galen	DL2	dgemvN1	1000	2026-10-10	f592badd	16.682	81.3767	81.3577	1.0002		1.0046	1.0040
galen	DL2	dgemvN1	1024	2026-10-10	f592badd	16.682	82.2995	82.4838	0.9978		1.0073	1.0134
galen	DL2	dgemvN1	2048	2026-10-10	f592badd	16.682	124.712	124.371	1.0027		1.0325	1.0362
galen	DL2	dgemvN1	2100	2026-10-10	f592badd	16.682	123.937	123.729	1.0017		1.0133	1.0198
galen	DL2	dgemvN1	4096	2026-10-10	f592badd	16.682	211.986	212.406	0.9980		1.0180	1.0085
galen	DL2	dgemvT1	50	2026-10-10	f592badd	16.682	9.57665	9.55937	1.0018		1.0076	1.0053
galen	DL2	dgemvT1	64	2026-10-10	f592badd	16.682	14.6099	14.594	1.0011		1.0075	1.0061
galen	DL2	dgemvT1	100	2026-10-10	f592badd	16.682	33.585	33.542	1.0013		1.0676	1.0490
galen	DL2	dgemvT1	128	2026-10-10	f592badd	16.682	56.8121	56.9736	0.9972		1.0108	1.0279
galen	DL2	dgemvT1	256	2026-10-10	f592badd	16.682	87.2055	87.7835	0.9934		1.0428	1.0531
galen	DL2	dgemvT1	512	2026-10-10	f592badd	16.682	83.7027	83.8363	0.9984		1.0109	1.0086
galen	DL2	dgemvT1	1000	2026-10-10	f592badd	16.682	81.6658	81.4597	1.0025		1.0041	1.0031
galen	DL2	dgemvT1	1024	2026-10-10	f592badd	16.682	81.5558	81.4689	1.0011		1.0092	1.0079
galen	DL2	dgemvT1	2048	2026-10-10	f592badd	16.682	130.521	130.538	0.9999		1.0241	1.0094
galen	DL2	dgemvT1	2100	2026-10-10	f592badd	16.682	126.763	126.898	0.9989		1.0100	1.0104
galen	DL2	dgemvT1	4096	2026-10-10	f592badd	16.682	208.156	208.197	0.9998		1.0115	1.0354
galen	DL2	dger1	50	2026-10-10	f592badd	16.682	14.955	14.9807	0.9983		1.0152	1.0170
galen	DL2	dger1	64	2026-10-10	f592badd	16.682	23.1067	23.1674	0.9974		1.0231	1.0266
galen	DL2	dger1	100	2026-10-10	f592badd	16.682	54.2974	54.3687	0.9987		1.0140	1.0143
galen	DL2	dger1	128	2026-10-10	f592badd	16.682	87.5363	87.6942	0.9982		1.0295	1.0299
galen	DL2	dger1	256	2026-10-10	f592badd	16.682	114.692	114.374	1.0028		1.0574	1.0508
galen	DL2	dger1	512	2026-10-10	f592badd	16.682	113.307	113.685	0.9967		1.0258	1.0196
galen	DL2	dger1	1000	2026-10-10	f592badd	16.682	114.881	114.684	1.0017		1.0052	1.0054
galen	DL2	dger1	1024	2026-10-10	f592badd	16.682	103.069	102.357	1.0070		1.0278	1.0295
galen	DL2	dger1	2048	2026-10-10	f592badd	16.682	232.094	232.402	0.9987		1.0117	1.0398
galen	DL2	dger1	2100	2026-10-10	f592badd	16.682	238.585	238.69	0.9996		1.0132	1.0379
galen	DL2	dger1	4096	2026-10-10	f592badd	16.682	379.946	381.026	0.9972		1.0117	1.0180
galen	DL2	dtrmv1	50	2026-10-10	f592badd	16.682	10.808	10.811	0.9997		1.0064	1.0065
galen	DL2	dtrmv1	64	2026-10-10	f592badd	16.682	15.6316	15.6218	1.0006		1.0105	1.0141
galen	DL2	dtrmv1	100	2026-10-10	f592badd	16.682	31.7374	31.7485	0.9997		1.0140	1.0187
galen	DL2	dtrmv1	128	2026-10-10	f592badd	16.682	48.7453	48.808	0.9987		1.0078	1.0409
galen	DL2	dtrmv1	256	2026-10-10	f592badd	16.682	73.5325	73.6535	0.9984		1.0622	1.1016
galen	DL2	dtrmv1	512	2026-10-10	f592badd	16.682	56.2339	56.2864	0.9991		1.0159	1.0163
galen	DL2	dtrmv1	1000	2026-10-10	f592badd	16.682	48.3546	48.4192	0.9987		1.0044	1.0061
galen	DL2	dtrmv1	1024	2026-10-10	f592badd	16.682	48.5823	48.6081	0.9995		1.0066	1.0055
galen	DL2	dtrmv1	2048	2026-10-10	f592badd	16.682	61.0862	60.2326	1.0142		1.0502	1.0594
galen	DL2	dtrmv1	2100	2026-10-10	f592badd	16.682	61.4318	61.7556	0.9948		1.0542	1.0450
galen	DL2	dtrmv1	4096	2026-10-10	f592badd	16.682	103.403	103.837	0.9958		1.0254	1.0330
galen	DL2	dtrsv1	50	2026-10-10	f592badd	16.682	18.1841	18.1844	1.0000		1.0024	1.0057
galen	DL2	dtrsv1	64	2026-10-10	f592badd	16.682	25.3102	25.2969	1.0005		1.0099	1.0089
galen	DL2	dtrsv1	100	2026-10-10	f592badd	16.682	48.0517	48.0279	1.0005		1.0149	1.0157
galen	DL2	dtrsv1	128	2026-10-10	f592badd	16.682	69.887	69.9652	0.9989		1.0092	1.0410
galen	DL2	dtrsv1	256	2026-10-10	f592badd	16.682	83.7403	84.3699	0.9925		1.0426	1.0565
galen	DL2	dtrsv1	512	2026-10-10	f592badd	16.682	60.0021	59.9824	1.0003		1.0075	1.0219
galen	DL2	dtrsv1	1000	2026-10-10	f592badd	16.682	51.0025	51.0929	0.9982		1.0075	1.0043
galen	DL2	dtrsv1	1024	2026-10-10	f592badd	16.682	50.7607	50.7494	1.0002		1.0064	1.0024
galen	DL2	dtrsv1	2048	2026-10-10	f592badd	16.682	63.6129	63.6167	0.9999		1.0410	1.0480
galen	DL2	dtrsv1	2100	2026-10-10	f592badd	16.682	66.4615	66.649	0.9972		1.0568	1.0396
galen	DL2	dtrsv1	4096	2026-10-10	f592badd	16.682	106.238	109.32	0.9718		1.0210	1.0454
galen	DL3	dgemm1	8	2026-10-10	f592badd	17.191	0.216968	0.216904	1.0003		1.0341	1.0262
galen	DL3	dgemm1	32	2026-10-10	f592badd	17.191	3.4855	3.48487	1.0002		1.0122	1.0073
galen	DL3	dgemm1	50	2026-10-10	f592badd	17.191	3.50426	3.50176	1.0007		1.0039	1.0039
galen	DL3	dgemm1	100	2026-10-10	f592badd	17.191	2.67178	2.67105	1.0003		1.0023	1.0012
galen	DL3	dgemm1	128	2026-10-10	f592badd	17.191	2.3623	2.36243	0.9999		1.0044	1.0035
galen	DL3	dgemm1	256	2026-10-10	f592badd	17.191	1.98812	1.98835	0.9999		1.0018	1.0032
galen	DL3	dgemm1	512	2026-10-10	f592badd	17.191	15.0803	15.0856	0.9996		1.0016	1.0011
galen	DL3	dgemm1	1000	2026-10-10	f592badd	17.191	114.328	114.326	1.0000		1.0031	1.0038
galen	DL3	dgemm1	1024	2026-10-10	f592badd	17.191	122.276	122.363	0.9993		1.0021	1.0022
galen	DL3	dgemm1	2048	2026-10-10	f592badd	17.191	968.474	968.426	1.0000		1.0003	1.0008
galen	DL3	dsyrk1	8	2026-10-10	f592badd	17.191	0.220493	0.220543	0.9998		1.0321	1.0203
galen	DL3	dsyrk1	32	2026-10-10	f592badd	17.191	2.58553	2.58296	1.0010		1.0103	1.0089
galen	DL3	dsyrk1	50	2026-10-10	f592badd	17.191	2.35637	2.33371	1.0097		1.0223	1.0224
galen	DL3	dsyrk1	100	2026-10-10	f592badd	17.191	1.76558	1.73839	1.0156		1.0220	1.1102
galen	DL3	dsyrk1	128	2026-10-10	f592badd	17.191	1.56598	1.97145	0.7943		1.0303	1.6857
galen	DL3	dsyrk1	256	2026-10-10	f592badd	17.191	1.19396	0.531811	2.2451		1.0067	1.4361
galen	DL3	dsyrk1	512	2026-10-10	f592badd	17.191	8.87153	3.45818	2.5654		1.0011	1.6059
galen	DL3	dsyrk1	1000	2026-10-10	f592badd	17.191	59.4502	21.1989	2.8044		1.0253	1.5570
galen	DL3	dsyrk1	1024	2026-10-10	f592badd	17.191	68.1504	24.0257	2.8366		1.0496	1.5613
galen	DL3	dsyrk1	2048	2026-10-10	f592badd	17.191	516.252	174.042	2.9663		1.0301	1.7356
galen	DL3	dtrmm1	8	2026-10-10	f592badd	17.191	0.288629	0.288237	1.0014		1.0043	1.0043
galen	DL3	dtrmm1	32	2026-10-10	f592badd	17.191	2.94232	2.93985	1.0008		1.0114	1.0071
galen	DL3	dtrmm1	50	2026-10-10	f592badd	17.191	2.97388	2.97057	1.0011		1.0113	1.0144
galen	DL3	dtrmm1	100	2026-10-10	f592badd	17.191	1.9373	1.9373	1.0000		1.0021	1.0016
galen	DL3	dtrmm1	128	2026-10-10	f592badd	17.191	1.77766	1.77668	1.0006		1.0042	1.0025
galen	DL3	dtrmm1	256	2026-10-10	f592badd	17.191	1.20885	1.20853	1.0003		1.0005	1.0011
galen	DL3	dtrmm1	512	2026-10-10	f592badd	17.191	8.83755	7.30908	1.2091		1.0032	1.1228
galen	DL3	dtrmm1	1000	2026-10-10	f592badd	17.191	63.0575	53.0248	1.1892		1.0011	1.3345
galen	DL3	dtrmm1	1024	2026-10-10	f592badd	17.191	67.995	43.1408	1.5761		1.0011	1.1150
galen	DL3	dtrmm1	2048	2026-10-10	f592badd	17.191	499.341	357.178	1.3980		1.0004	1.1539
galen	DL3	dtrsm1	8	2026-10-10	f592badd	17.191	0.29842	0.297931	1.0016		1.0134	1.0086
galen	DL3	dtrsm1	32	2026-10-10	f592badd	17.191	2.88231	2.88074	1.0005		1.0076	1.0108
galen	DL3	dtrsm1	50	2026-10-10	f592badd	17.191	2.77376	2.80484	0.9889		1.0030	1.0092
galen	DL3	dtrsm1	100	2026-10-10	f592badd	17.191	1.80464	1.80568	0.9994		1.0059	1.0014
galen	DL3	dtrsm1	128	2026-10-10	f592badd	17.191	1.56451	1.54083	1.0154		1.0031	1.2533
galen	DL3	dtrsm1	256	2026-10-10	f592badd	17.191	1.18303	0.798457	1.4816		1.0005	1.2154
galen	DL3	dtrsm1	512	2026-10-10	f592badd	17.191	8.71711	4.887	1.7837		1.0021	1.1961
galen	DL3	dtrsm1	1000	2026-10-10	f592badd	17.191	62.2767	34.3303	1.8140		1.0007	1.0970
galen	DL3	dtrsm1	1024	2026-10-10	f592badd	17.191	67.363	34.7379	1.9392		1.0026	1.3698
galen	DL3	dtrsm1	2048	2026-10-10	f592badd	17.191	505.348	209.045	2.4174		1.0008	1.3959
galen	DLP	dpotrf1	32	2026-10-10	f592badd	15.866	3.68901	3.66177	1.0074		1.0193	1.0176
galen	DLP	dpotrf1	50	2026-10-10	f592badd	15.866	2.51063	2.5674	0.9779		1.0577	1.0695
galen	DLP	dpotrf1	100	2026-10-10	f592badd	15.866	1.30598	1.29174	1.0110		1.0661	1.0641
galen	DLP	dpotrf1	128	2026-10-10	f592badd	15.866	1.02168	1.02448	0.9973		1.0115	1.0109
galen	DLP	dpotrf1	256	2026-10-10	f592badd	15.866	0.579389	0.547621	1.0580		1.0100	1.0404
galen	DLP	dgetrf1	32	2026-10-10	f592badd	15.866	6.35533	6.3711	0.9975		1.0077	1.0087
galen	DLP	dgetrf1	50	2026-10-10	f592badd	15.866	7.57858	7.58571	0.9991		1.0026	1.0028
galen	DLP	dgetrf1	100	2026-10-10	f592badd	15.866	6.85882	6.83848	1.0030		1.0072	1.0070
galen	DLP	dgetrf1	128	2026-10-10	f592badd	15.866	6.57759	6.58003	0.9996		1.0067	1.0096
galen	DLP	dgetrf1	256	2026-10-10	f592badd	15.866	5.9633	5.96132	1.0003		1.0161	1.0195
galen	DLP	dgeqrf1	32	2026-10-10	f592badd	15.866	7.37378	7.37812	0.9994		1.0092	1.0094
galen	DLP	dgeqrf1	50	2026-10-10	f592badd	15.866	8.04129	8.04224	0.9999		1.0015	1.0011
galen	DLP	dgeqrf1	100	2026-10-10	f592badd	15.866	4.3476	4.34632	1.0003		1.0023	1.0015
galen	DLP	dgeqrf1	128	2026-10-10	f592badd	15.866	3.57614	3.5751	1.0003		1.0012	1.0028
galen	DLP	dgeqrf1	256	2026-10-10	f592badd	15.866	2.33048	2.33017	1.0001		1.0055	1.0068
galen	DLP	dtrtri1	32	2026-10-10	f592badd	15.866	2.80508	2.78899	1.0058		1.1212	1.0746
galen	DLP	dtrtri1	50	2026-10-10	f592badd	15.866	2.44476	2.43839	1.0026		1.0057	1.0074
galen	DLP	dtrtri1	100	2026-10-10	f592badd	15.866	1.29384	1.29276	1.0008		1.0932	1.0057
galen	DLP	dtrtri1	128	2026-10-10	f592badd	15.866	0.864364	0.863008	1.0016		1.0501	1.0543
galen	DLP	dtrtri1	256	2026-10-10	f592badd	15.866	0.598947	0.599728	0.9987		1.0250	1.0184
galen	DLP	dpotri1	32	2026-10-10	f592badd	15.866	8.97885	9.00211	0.9974		1.0082	1.0082
galen	DLP	dpotri1	50	2026-10-10	f592badd	15.866	7.5469	7.71801	0.9778		1.0261	1.0201
galen	DLP	dpotri1	100	2026-10-10	f592badd	15.866	3.91981	3.91947	1.0001		1.0377	1.0250
galen	DLP	dpotri1	128	2026-10-10	f592badd	15.866	2.78299	2.77867	1.0016		1.0043	1.0101
galen	DLP	dpotri1	256	2026-10-10	f592badd	15.866	1.75689	1.67546	1.0486		1.0166	1.0924
galen	DLP	dsyev1	32	2026-10-10	f592badd	15.866	28.9314	29.3477	0.9858		1.2663	1.2604
galen	DLP	dsyev1	50	2026-10-10	f592badd	15.866	20.8819	20.8423	1.0019		1.0287	1.0166
galen	DLP	dsyev1	100	2026-10-10	f592badd	15.866	10.7836	10.697	1.0081		1.0045	1.1163
galen	DLP	dsyev1	128	2026-10-10	f592badd	15.866	8.72116	8.63346	1.0102		1.0046	1.0637
galen	DLP	dsyev1	256	2026-10-10	f592badd	15.866	4.971	4.6317	1.0733		1.0039	1.0828
